Entity,Year,Oil production
Afghanistan,1980,0
Afghanistan,1981,0
Afghanistan,1982,0
Afghanistan,1983,0
Afghanistan,1984,0
Afghanistan,1985,0
Afghanistan,1986,0
Afghanistan,1987,0
Afghanistan,1988,0
Afghanistan,1989,0
Afghanistan,1990,0
Afghanistan,1991,0
Afghanistan,1992,0
Afghanistan,1993,0
Afghanistan,1994,0
Afghanistan,1995,0
Afghanistan,1996,0
Afghanistan,1997,0
Afghanistan,1998,0
Afghanistan,1999,0
Afghanistan,2000,0
Afghanistan,2001,0
Afghanistan,2002,0
Afghanistan,2003,0
Afghanistan,2004,0
Afghanistan,2005,0
Afghanistan,2006,0
Afghanistan,2007,0
Afghanistan,2008,0
Afghanistan,2009,0
Afghanistan,2010,0
Afghanistan,2011,0
Afghanistan,2012,0
Afghanistan,2013,0
Afghanistan,2014,0
Afghanistan,2015,0
Afghanistan,2016,0
Afghanistan,2017,0
Afghanistan,2018,0
Afghanistan,2019,0
Afghanistan,2020,0
Albania,1980,2555000
Albania,1981,2555000
Albania,1982,3716000
Albania,1983,4355000
Albania,1984,3194000
Albania,1985,3194000
Albania,1986,3194000
Albania,1987,3136000
Albania,1988,2555000
Albania,1989,2729000
Albania,1990,1742000
Albania,1991,1103000
Albania,1992,638800
Albania,1993,653900
Albania,1994,638800
Albania,1995,580700
Albania,1996,551700
Albania,1997,532300
Albania,1998,365800
Albania,1999,323800
Albania,2000,328400
Albania,2001,345600
Albania,2002,369400
Albania,2003,390100
Albania,2004,388700
Albania,2005,406500
Albania,2006,449600
Albania,2007,372800
Albania,2008,348400
Albania,2009,309400
Albania,2010,629700
Albania,2011,901000
Albania,2012,977700
Albania,2013,987700
Albania,2014,1191000
Albania,2015,1171000
Albania,2016,1321000
Albania,2017,987200
Albania,2018,929100
Albania,2019,1045000
Albania,2020,1002000
Algeria,1973,63700000
Algeria,1974,58580000
Algeria,1975,57080000
Algeria,1976,62440000
Algeria,1977,66890000
Algeria,1978,71490000
Algeria,1979,71090000
Algeria,1980,64220000
Algeria,1981,58190000
Algeria,1982,57290000
Algeria,1983,55820000
Algeria,1984,58910000
Algeria,1985,60160000
Algeria,1986,62250000
Algeria,1987,62210000
Algeria,1988,60680000
Algeria,1989,64200000
Algeria,1990,68530000
Algeria,1991,67940000
Algeria,1992,69780000
Algeria,1993,67790000
Algeria,1994,67070000
Algeria,1995,67470000
Algeria,1996,71260000
Algeria,1997,73100000
Algeria,1998,71220000
Algeria,1999,68370000
Algeria,2000,70490000
Algeria,2001,73460000
Algeria,2002,78340000
Algeria,2003,88040000
Algeria,2004,91850000
Algeria,2005,98270000
Algeria,2006,98660000
Algeria,2007,99210000
Algeria,2008,99010000
Algeria,2009,92030000
Algeria,2010,89430000
Algeria,2011,89430000
Algeria,2012,88980000
Algeria,2013,84890000
Algeria,2014,82460000
Algeria,2015,82980000
Algeria,2016,78300000
Algeria,2017,75590000
Algeria,2018,73090000
Algeria,2019,73110000
Algeria,2020,65180000
American Samoa,1980,0
American Samoa,1981,0
American Samoa,1982,0
American Samoa,1983,0
American Samoa,1984,0
American Samoa,1985,0
American Samoa,1986,0
American Samoa,1987,0
American Samoa,1988,0
American Samoa,1989,0
American Samoa,1990,0
American Samoa,1991,0
American Samoa,1992,0
American Samoa,1993,0
American Samoa,1994,0
American Samoa,1995,0
American Samoa,1996,0
American Samoa,1997,0
American Samoa,1998,0
American Samoa,1999,0
American Samoa,2000,0
American Samoa,2001,0
American Samoa,2002,0
American Samoa,2003,0
American Samoa,2004,0
American Samoa,2005,0
American Samoa,2006,0
American Samoa,2007,0
American Samoa,2008,0
American Samoa,2009,0
American Samoa,2010,0
American Samoa,2011,0
American Samoa,2012,0
American Samoa,2013,0
American Samoa,2014,0
American Samoa,2015,0
American Samoa,2016,0
American Samoa,2017,0
American Samoa,2018,0
American Samoa,2019,0
American Samoa,2020,0
Angola,1973,9407000
Angola,1974,9814000
Angola,1975,9582000
Angola,1976,6272000
Angola,1977,11270000
Angola,1978,7607000
Angola,1979,8536000
Angola,1980,8710000
Angola,1981,7549000
Angola,1982,7085000
Angola,1983,10280000
Angola,1984,12080000
Angola,1985,13410000
Angola,1986,16380000
Angola,1987,20910000
Angola,1988,26250000
Angola,1989,26420000
Angola,1990,27580000
Angola,1991,29040000
Angola,1992,30560000
Angola,1993,29560000
Angola,1994,31150000
Angola,1995,37530000
Angola,1996,41160000
Angola,1997,41450000
Angola,1998,42690000
Angola,1999,43260000
Angola,2000,43340000
Angola,2001,43110000
Angola,2002,52050000
Angola,2003,52410000
Angola,2004,61070000
Angola,2005,71960000
Angola,2006,81180000
Angola,2007,100100000
Angola,2008,113300000
Angola,2009,109000000
Angola,2010,110800000
Angola,2011,101900000
Angola,2012,103800000
Angola,2013,104700000
Angola,2014,101100000
Angola,2015,104600000
Angola,2016,102800000
Angola,2017,96750000
Angola,2018,92510000
Angola,2019,84060000
Angola,2020,72970000
Antarctica,1980,0
Antarctica,1981,0
Antarctica,1982,0
Antarctica,1983,0
Antarctica,1984,0
Antarctica,1985,0
Antarctica,1986,0
Antarctica,1987,0
Antarctica,1988,0
Antarctica,1989,0
Antarctica,1990,0
Antarctica,1991,0
Antarctica,1992,0
Antarctica,1993,0
Antarctica,1994,0
Antarctica,1995,0
Antarctica,1996,0
Antarctica,1997,0
Antarctica,1998,0
Antarctica,1999,0
Antarctica,2000,0
Antarctica,2001,0
Antarctica,2002,0
Antarctica,2003,0
Antarctica,2004,0
Antarctica,2005,0
Antarctica,2006,0
Antarctica,2007,0
Antarctica,2008,0
Antarctica,2009,0
Antarctica,2010,0
Antarctica,2011,0
Antarctica,2012,0
Antarctica,2013,0
Antarctica,2014,0
Antarctica,2015,0
Antarctica,2016,0
Antarctica,2017,0
Antarctica,2018,0
Antarctica,2019,0
Antarctica,2020,0
Antigua and Barbuda,1980,0
Antigua and Barbuda,1981,0
Antigua and Barbuda,1982,0
Antigua and Barbuda,1983,0
Antigua and Barbuda,1984,0
Antigua and Barbuda,1985,0
Antigua and Barbuda,1986,0
Antigua and Barbuda,1987,0
Antigua and Barbuda,1988,0
Antigua and Barbuda,1989,0
Antigua and Barbuda,1990,0
Antigua and Barbuda,1991,0
Antigua and Barbuda,1992,0
Antigua and Barbuda,1993,0
Antigua and Barbuda,1994,0
Antigua and Barbuda,1995,0
Antigua and Barbuda,1996,0
Antigua and Barbuda,1997,0
Antigua and Barbuda,1998,0
Antigua and Barbuda,1999,0
Antigua and Barbuda,2000,0
Antigua and Barbuda,2001,0
Antigua and Barbuda,2002,0
Antigua and Barbuda,2003,0
Antigua and Barbuda,2004,0
Antigua and Barbuda,2005,0
Antigua and Barbuda,2006,0
Antigua and Barbuda,2007,0
Antigua and Barbuda,2008,0
Antigua and Barbuda,2009,0
Antigua and Barbuda,2010,0
Antigua and Barbuda,2011,0
Antigua and Barbuda,2012,0
Antigua and Barbuda,2013,0
Antigua and Barbuda,2014,0
Antigua and Barbuda,2015,0
Antigua and Barbuda,2016,0
Antigua and Barbuda,2017,0
Antigua and Barbuda,2018,0
Antigua and Barbuda,2019,0
Antigua and Barbuda,2020,0
Argentina,1980,28510000
Argentina,1981,28800000
Argentina,1982,28510000
Argentina,1983,28510000
Argentina,1984,27760000
Argentina,1985,26710000
Argentina,1986,25200000
Argentina,1987,24850000
Argentina,1988,26070000
Argentina,1989,26710000
Argentina,1990,28050000
Argentina,1991,28160000
Argentina,1992,32110000
Argentina,1993,34490000
Argentina,1994,37750000
Argentina,1995,41500000
Argentina,1996,43900000
Argentina,1997,48410000
Argentina,1998,49170000
Argentina,1999,46590000
Argentina,2000,44200000
Argentina,2001,46600000
Argentina,2002,46410000
Argentina,2003,45480000
Argentina,2004,42660000
Argentina,2005,40960000
Argentina,2006,40430000
Argentina,2007,39410000
Argentina,2008,38400000
Argentina,2009,36510000
Argentina,2010,35620000
Argentina,2011,33450000
Argentina,2012,32000000
Argentina,2013,31350000
Argentina,2014,30900000
Argentina,2015,30910000
Argentina,2016,29650000
Argentina,2017,27830000
Argentina,2018,28410000
Argentina,2019,29470000
Argentina,2020,27870000
Armenia,1992,0
Armenia,1993,0
Armenia,1994,0
Armenia,1995,0
Armenia,1996,0
Armenia,1997,0
Armenia,1998,0
Armenia,1999,0
Armenia,2000,0
Armenia,2001,0
Armenia,2002,0
Armenia,2003,0
Armenia,2004,0
Armenia,2005,0
Armenia,2006,0
Armenia,2007,0
Armenia,2008,0
Armenia,2009,0
Armenia,2010,0
Armenia,2011,0
Armenia,2012,0
Armenia,2013,0
Armenia,2014,0
Armenia,2015,0
Armenia,2016,0
Armenia,2017,0
Armenia,2018,0
Armenia,2019,0
Armenia,2020,0
Aruba,1986,0
Aruba,1987,0
Aruba,1988,0
Aruba,1989,0
Aruba,1990,0
Aruba,1991,0
Aruba,1992,0
Aruba,1993,0
Aruba,1994,0
Aruba,1995,0
Aruba,1996,0
Aruba,1997,0
Aruba,1998,0
Aruba,1999,0
Aruba,2000,0
Aruba,2001,0
Aruba,2002,0
Aruba,2003,0
Aruba,2004,0
Aruba,2005,0
Aruba,2006,0
Aruba,2007,0
Aruba,2008,0
Aruba,2009,0
Aruba,2010,0
Aruba,2011,0
Aruba,2012,0
Aruba,2013,0
Aruba,2014,0
Aruba,2015,0
Aruba,2016,0
Aruba,2017,0
Aruba,2018,0
Aruba,2019,0
Aruba,2020,0
Australia,1980,22070000
Australia,1981,22880000
Australia,1982,21490000
Australia,1983,24160000
Australia,1984,28570000
Australia,1985,33390000
Australia,1986,30200000
Australia,1987,31760000
Australia,1988,31240000
Australia,1989,28450000
Australia,1990,33390000
Australia,1991,31650000
Australia,1992,31070000
Australia,1993,29210000
Australia,1994,31150000
Australia,1995,32620000
Australia,1996,33080000
Australia,1997,34130000
Australia,1998,31590000
Australia,1999,31300000
Australia,2000,41900000
Australia,2001,38150000
Australia,2002,36350000
Australia,2003,29740000
Australia,2004,25320000
Australia,2005,26490000
Australia,2006,25400000
Australia,2007,26050000
Australia,2008,26670000
Australia,2009,26930000
Australia,2010,27790000
Australia,2011,23890000
Australia,2012,23540000
Australia,2013,19430000
Australia,2014,20520000
Australia,2015,18720000
Australia,2016,16830000
Australia,2017,15280000
Australia,2018,16470000
Australia,2019,20950000
Australia,2020,20390000
Austria,1980,1626000
Austria,1981,1452000
Austria,1982,1510000
Austria,1983,1452000
Austria,1984,1336000
Austria,1985,1278000
Austria,1986,1278000
Austria,1987,1219000
Austria,1988,1336000
Austria,1989,1336000
Austria,1990,1278000
Austria,1991,1510000
Austria,1992,1336000
Austria,1993,1260000
Austria,1994,1219000
Austria,1995,1330000
Austria,1996,1248000
Austria,1997,1103000
Austria,1998,1191000
Austria,1999,1045000
Austria,2000,1103000
Austria,2001,1084000
Austria,2002,1079000
Austria,2003,1040000
Austria,2004,1050000
Austria,2005,976500
Austria,2006,972900
Austria,2007,972600
Austria,2008,933900
Austria,2009,947600
Austria,2010,972400
Austria,2011,1026000
Austria,2012,982300
Austria,2013,938300
Austria,2014,997100
Austria,2015,957900
Austria,2016,880400
Austria,2017,823600
Austria,2018,770500
Austria,2019,728100
Austria,2020,628200
Azerbaijan,1992,12370000
Azerbaijan,1993,11610000
Azerbaijan,1994,10680000
Azerbaijan,1995,10170000
Azerbaijan,1996,10220000
Azerbaijan,1997,10030000
Azerbaijan,1998,13360000
Azerbaijan,1999,16030000
Azerbaijan,2000,16260000
Azerbaijan,2001,17490000
Azerbaijan,2002,18020000
Azerbaijan,2003,18590000
Azerbaijan,2004,18080000
Azerbaijan,2005,25130000
Azerbaijan,2006,37140000
Azerbaijan,2007,48900000
Azerbaijan,2008,50500000
Azerbaijan,2009,58410000
Azerbaijan,2010,60080000
Azerbaijan,2011,57080000
Azerbaijan,2012,53530000
Azerbaijan,2013,50560000
Azerbaijan,2014,49170000
Azerbaijan,2015,49270000
Azerbaijan,2016,48400000
Azerbaijan,2017,45830000
Azerbaijan,2018,45840000
Azerbaijan,2019,44570000
Azerbaijan,2020,40350000
Bahamas,1980,0
Bahamas,1981,0
Bahamas,1982,0
Bahamas,1983,0
Bahamas,1984,0
Bahamas,1985,0
Bahamas,1986,0
Bahamas,1987,0
Bahamas,1988,0
Bahamas,1989,0
Bahamas,1990,0
Bahamas,1991,0
Bahamas,1992,0
Bahamas,1993,0
Bahamas,1994,0
Bahamas,1995,0
Bahamas,1996,0
Bahamas,1997,0
Bahamas,1998,0
Bahamas,1999,0
Bahamas,2000,0
Bahamas,2001,0
Bahamas,2002,0
Bahamas,2003,0
Bahamas,2004,0
Bahamas,2005,0
Bahamas,2006,0
Bahamas,2007,0
Bahamas,2008,0
Bahamas,2009,0
Bahamas,2010,0
Bahamas,2011,0
Bahamas,2012,0
Bahamas,2013,0
Bahamas,2014,0
Bahamas,2015,0
Bahamas,2016,0
Bahamas,2017,0
Bahamas,2018,0
Bahamas,2019,0
Bahamas,2020,0
Bahrain,1973,4046000
Bahrain,1974,3856000
Bahrain,1975,3566000
Bahrain,1976,3499000
Bahrain,1977,3251000
Bahrain,1978,2980000
Bahrain,1979,2850000
Bahrain,1980,2802000
Bahrain,1981,2676000
Bahrain,1982,2550000
Bahrain,1983,2439000
Bahrain,1984,2385000
Bahrain,1985,2464000
Bahrain,1986,2551000
Bahrain,1987,2464000
Bahrain,1988,2531000
Bahrain,1989,2463000
Bahrain,1990,2439000
Bahrain,1991,2207000
Bahrain,1992,2134000
Bahrain,1993,2381000
Bahrain,1994,2381000
Bahrain,1995,2381000
Bahrain,1996,2032000
Bahrain,1997,2323000
Bahrain,1998,2207000
Bahrain,1999,2149000
Bahrain,2000,2207000
Bahrain,2001,2149000
Bahrain,2002,2137000
Bahrain,2003,2185000
Bahrain,2004,2149000
Bahrain,2005,2032000
Bahrain,2006,2032000
Bahrain,2007,2032000
Bahrain,2008,2032000
Bahrain,2009,2032000
Bahrain,2010,10550000
Bahrain,2011,11040000
Bahrain,2012,9984000
Bahrain,2013,11510000
Bahrain,2014,11750000
Bahrain,2015,11740000
Bahrain,2016,11710000
Bahrain,2017,11610000
Bahrain,2018,11440000
Bahrain,2019,11440000
Bahrain,2020,9915000
Bangladesh,1980,0
Bangladesh,1981,0
Bangladesh,1982,0
Bangladesh,1983,11610
Bangladesh,1984,23230
Bangladesh,1985,29040
Bangladesh,1986,29040
Bangladesh,1987,29040
Bangladesh,1988,34840
Bangladesh,1989,29040
Bangladesh,1990,46460
Bangladesh,1991,40650
Bangladesh,1992,52260
Bangladesh,1993,58070
Bangladesh,1994,81300
Bangladesh,1995,63880
Bangladesh,1996,81300
Bangladesh,1997,92910
Bangladesh,1998,87100
Bangladesh,1999,81300
Bangladesh,2000,145200
Bangladesh,2001,196300
Bangladesh,2002,348400
Bangladesh,2003,348400
Bangladesh,2004,348400
Bangladesh,2005,348400
Bangladesh,2006,348400
Bangladesh,2007,348400
Bangladesh,2008,329100
Bangladesh,2009,290400
Bangladesh,2010,290400
Bangladesh,2011,290400
Bangladesh,2012,271000
Bangladesh,2013,232300
Bangladesh,2014,232300
Bangladesh,2015,232300
Bangladesh,2016,232300
Bangladesh,2017,212900
Bangladesh,2018,174200
Bangladesh,2019,174200
Bangladesh,2020,174200
Barbados,1980,0
Barbados,1981,0
Barbados,1982,58070
Barbados,1983,58070
Barbados,1984,116100
Barbados,1985,116100
Barbados,1986,116100
Barbados,1987,81300
Barbados,1988,75490
Barbados,1989,63880
Barbados,1990,69680
Barbados,1991,69680
Barbados,1992,81300
Barbados,1993,75490
Barbados,1994,69680
Barbados,1995,75490
Barbados,1996,58070
Barbados,1997,52260
Barbados,1998,92910
Barbados,1999,110300
Barbados,2000,88850
Barbados,2001,73810
Barbados,2002,58070
Barbados,2003,58070
Barbados,2004,58070
Barbados,2005,58070
Barbados,2006,63880
Barbados,2007,58070
Barbados,2008,58070
Barbados,2009,58070
Barbados,2010,58070
Barbados,2011,58070
Barbados,2012,58070
Barbados,2013,58070
Barbados,2014,58070
Barbados,2015,58070
Barbados,2016,58070
Barbados,2017,58070
Barbados,2018,58070
Barbados,2019,58070
Barbados,2020,58070
Belarus,1992,2323000
Belarus,1993,2331000
Belarus,1994,2308000
Belarus,1995,2240000
Belarus,1996,2100000
Belarus,1997,2110000
Belarus,1998,2115000
Belarus,1999,2125000
Belarus,2000,2149000
Belarus,2001,2149000
Belarus,2002,2120000
Belarus,2003,2114000
Belarus,2004,2110000
Belarus,2005,2032000
Belarus,2006,2032000
Belarus,2007,2032000
Belarus,2008,2032000
Belarus,2009,1916000
Belarus,2010,1742000
Belarus,2011,1742000
Belarus,2012,1742000
Belarus,2013,1742000
Belarus,2014,1742000
Belarus,2015,1515000
Belarus,2016,1897000
Belarus,2017,1856000
Belarus,2018,1955000
Belarus,2019,1977000
Belarus,2020,1996000
Belgium,1980,0
Belgium,1981,0
Belgium,1982,0
Belgium,1983,0
Belgium,1984,0
Belgium,1985,0
Belgium,1986,0
Belgium,1987,0
Belgium,1988,0
Belgium,1989,0
Belgium,1990,0
Belgium,1991,0
Belgium,1992,0
Belgium,1993,0
Belgium,1994,0
Belgium,1995,0
Belgium,1996,0
Belgium,1997,0
Belgium,1998,0
Belgium,1999,0
Belgium,2000,0
Belgium,2001,0
Belgium,2002,0
Belgium,2003,0
Belgium,2004,0
Belgium,2005,0
Belgium,2006,0
Belgium,2007,0
Belgium,2008,0
Belgium,2009,0
Belgium,2010,0
Belgium,2011,0
Belgium,2012,0
Belgium,2013,0
Belgium,2014,0
Belgium,2015,0
Belgium,2016,0
Belgium,2017,0
Belgium,2018,0
Belgium,2019,0
Belgium,2020,0
Belize,1980,0
Belize,1981,0
Belize,1982,0
Belize,1983,0
Belize,1984,0
Belize,1985,0
Belize,1986,0
Belize,1987,0
Belize,1988,0
Belize,1989,0
Belize,1990,0
Belize,1991,0
Belize,1992,0
Belize,1993,0
Belize,1994,0
Belize,1995,0
Belize,1996,0
Belize,1997,0
Belize,1998,0
Belize,1999,0
Belize,2000,0
Belize,2001,0
Belize,2002,0
Belize,2003,0
Belize,2004,0
Belize,2005,0
Belize,2006,131100
Belize,2007,174200
Belize,2008,203900
Belize,2009,231700
Belize,2010,240800
Belize,2011,223800
Belize,2012,163400
Belize,2013,126100
Belize,2014,102200
Belize,2015,99210
Belize,2016,98720
Belize,2017,57310
Belize,2018,47960
Belize,2019,42000
Belize,2020,41920
Benin,1980,0
Benin,1981,0
Benin,1982,0
Benin,1983,232300
Benin,1984,406500
Benin,1985,464600
Benin,1986,464600
Benin,1987,406500
Benin,1988,290400
Benin,1989,232300
Benin,1990,232300
Benin,1991,232300
Benin,1992,325200
Benin,1993,336800
Benin,1994,342600
Benin,1995,174200
Benin,1996,116100
Benin,1997,75490
Benin,1998,58070
Benin,1999,58070
Benin,2000,40070
Benin,2001,40650
Benin,2002,46460
Benin,2003,23230
Benin,2004,0
Benin,2005,0
Benin,2006,0
Benin,2007,0
Benin,2008,0
Benin,2009,0
Benin,2010,0
Benin,2011,0
Benin,2012,0
Benin,2013,0
Benin,2014,0
Benin,2015,0
Benin,2016,0
Benin,2017,0
Benin,2018,0
Benin,2019,0
Benin,2020,0
Bermuda,1980,0
Bermuda,1981,0
Bermuda,1982,0
Bermuda,1983,0
Bermuda,1984,0
Bermuda,1985,0
Bermuda,1986,0
Bermuda,1987,0
Bermuda,1988,0
Bermuda,1989,0
Bermuda,1990,0
Bermuda,1991,0
Bermuda,1992,0
Bermuda,1993,0
Bermuda,1994,0
Bermuda,1995,0
Bermuda,1996,0
Bermuda,1997,0
Bermuda,1998,0
Bermuda,1999,0
Bermuda,2000,0
Bermuda,2001,0
Bermuda,2002,0
Bermuda,2003,0
Bermuda,2004,0
Bermuda,2005,0
Bermuda,2006,0
Bermuda,2007,0
Bermuda,2008,0
Bermuda,2009,0
Bermuda,2010,0
Bermuda,2011,0
Bermuda,2012,0
Bermuda,2013,0
Bermuda,2014,0
Bermuda,2015,0
Bermuda,2016,0
Bermuda,2017,0
Bermuda,2018,0
Bermuda,2019,0
Bermuda,2020,0
Bhutan,1980,0
Bhutan,1981,0
Bhutan,1982,0
Bhutan,1983,0
Bhutan,1984,0
Bhutan,1985,0
Bhutan,1986,0
Bhutan,1987,0
Bhutan,1988,0
Bhutan,1989,0
Bhutan,1990,0
Bhutan,1991,0
Bhutan,1992,0
Bhutan,1993,0
Bhutan,1994,0
Bhutan,1995,0
Bhutan,1996,0
Bhutan,1997,0
Bhutan,1998,0
Bhutan,1999,0
Bhutan,2000,0
Bhutan,2001,0
Bhutan,2002,0
Bhutan,2003,0
Bhutan,2004,0
Bhutan,2005,0
Bhutan,2006,0
Bhutan,2007,0
Bhutan,2008,0
Bhutan,2009,0
Bhutan,2010,0
Bhutan,2011,0
Bhutan,2012,0
Bhutan,2013,0
Bhutan,2014,0
Bhutan,2015,0
Bhutan,2016,0
Bhutan,2017,0
Bhutan,2018,0
Bhutan,2019,0
Bhutan,2020,0
Bolivia,1980,1568000
Bolivia,1981,1278000
Bolivia,1982,1394000
Bolivia,1983,1278000
Bolivia,1984,1219000
Bolivia,1985,1161000
Bolivia,1986,1045000
Bolivia,1987,1103000
Bolivia,1988,1103000
Bolivia,1989,1161000
Bolivia,1990,1219000
Bolivia,1991,1219000
Bolivia,1992,1219000
Bolivia,1993,1215000
Bolivia,1994,1336000
Bolivia,1995,1637000
Bolivia,1996,1752000
Bolivia,1997,1675000
Bolivia,1998,2032000
Bolivia,1999,1858000
Bolivia,2000,1738000
Bolivia,2001,1994000
Bolivia,2002,1868000
Bolivia,2003,1703000
Bolivia,2004,2766000
Bolivia,2005,2946000
Bolivia,2006,2839000
Bolivia,2007,2856000
Bolivia,2008,2258000
Bolivia,2009,1962000
Bolivia,2010,2006000
Bolivia,2011,2062000
Bolivia,2012,2414000
Bolivia,2013,2758000
Bolivia,2014,2967000
Bolivia,2015,3229000
Bolivia,2016,3452000
Bolivia,2017,2501000
Bolivia,2018,2332000
Bolivia,2019,2064000
Bolivia,2020,1868000
Bosnia and Herzegovina,1992,0
Bosnia and Herzegovina,1993,0
Bosnia and Herzegovina,1994,0
Bosnia and Herzegovina,1995,0
Bosnia and Herzegovina,1996,0
Bosnia and Herzegovina,1997,0
Bosnia and Herzegovina,1998,0
Bosnia and Herzegovina,1999,0
Bosnia and Herzegovina,2000,0
Bosnia and Herzegovina,2001,0
Bosnia and Herzegovina,2002,0
Bosnia and Herzegovina,2003,0
Bosnia and Herzegovina,2004,0
Bosnia and Herzegovina,2005,0
Bosnia and Herzegovina,2006,0
Bosnia and Herzegovina,2007,0
Bosnia and Herzegovina,2008,0
Bosnia and Herzegovina,2009,0
Bosnia and Herzegovina,2010,0
Bosnia and Herzegovina,2011,0
Bosnia and Herzegovina,2012,0
Bosnia and Herzegovina,2013,0
Bosnia and Herzegovina,2014,0
Bosnia and Herzegovina,2015,0
Bosnia and Herzegovina,2016,0
Bosnia and Herzegovina,2017,0
Bosnia and Herzegovina,2018,0
Bosnia and Herzegovina,2019,0
Bosnia and Herzegovina,2020,0
Botswana,1980,0
Botswana,1981,0
Botswana,1982,0
Botswana,1983,0
Botswana,1984,0
Botswana,1985,0
Botswana,1986,0
Botswana,1987,0
Botswana,1988,0
Botswana,1989,0
Botswana,1990,0
Botswana,1991,0
Botswana,1992,0
Botswana,1993,0
Botswana,1994,0
Botswana,1995,0
Botswana,1996,0
Botswana,1997,0
Botswana,1998,0
Botswana,1999,0
Botswana,2000,0
Botswana,2001,0
Botswana,2002,0
Botswana,2003,0
Botswana,2004,0
Botswana,2005,0
Botswana,2006,0
Botswana,2007,0
Botswana,2008,0
Botswana,2009,0
Botswana,2010,0
Botswana,2011,0
Botswana,2012,0
Botswana,2013,0
Botswana,2014,0
Botswana,2015,0
Botswana,2016,0
Botswana,2017,0
Botswana,2018,0
Botswana,2019,0
Botswana,2020,0
Brazil,1980,10570000
Brazil,1981,12370000
Brazil,1982,15100000
Brazil,1983,19690000
Brazil,1984,27580000
Brazil,1985,32750000
Brazil,1986,33220000
Brazil,1987,32870000
Brazil,1988,32170000
Brazil,1989,34610000
Brazil,1990,36640000
Brazil,1991,36580000
Brazil,1992,36350000
Brazil,1993,37340000
Brazil,1994,38990000
Brazil,1995,40380000
Brazil,1996,46170000
Brazil,1997,48850000
Brazil,1998,56250000
Brazil,1999,65720000
Brazil,2000,73690000
Brazil,2001,75210000
Brazil,2002,84500000
Brazil,2003,86880000
Brazil,2004,85790000
Brazil,2005,94860000
Brazil,2006,100000000
Brazil,2007,101500000
Brazil,2008,105200000
Brazil,2009,113300000
Brazil,2010,119300000
Brazil,2011,122300000
Brazil,2012,119700000
Brazil,2013,117500000
Brazil,2014,130900000
Brazil,2015,141500000
Brazil,2016,145800000
Brazil,2017,152200000
Brazil,2018,150200000
Brazil,2019,161900000
Brazil,2020,170700000
British Virgin Islands,1980,0
British Virgin Islands,1981,0
British Virgin Islands,1982,0
British Virgin Islands,1983,0
British Virgin Islands,1984,0
British Virgin Islands,1985,0
British Virgin Islands,1986,0
British Virgin Islands,1987,0
British Virgin Islands,1988,0
British Virgin Islands,1989,0
British Virgin Islands,1990,0
British Virgin Islands,1991,0
British Virgin Islands,1992,0
British Virgin Islands,1993,0
British Virgin Islands,1994,0
British Virgin Islands,1995,0
British Virgin Islands,1996,0
British Virgin Islands,1997,0
British Virgin Islands,1998,0
British Virgin Islands,1999,0
British Virgin Islands,2000,0
British Virgin Islands,2001,0
British Virgin Islands,2002,0
British Virgin Islands,2003,0
British Virgin Islands,2004,0
British Virgin Islands,2005,0
British Virgin Islands,2006,0
British Virgin Islands,2007,0
British Virgin Islands,2008,0
British Virgin Islands,2009,0
British Virgin Islands,2010,0
British Virgin Islands,2011,0
British Virgin Islands,2012,0
British Virgin Islands,2013,0
British Virgin Islands,2014,0
British Virgin Islands,2015,0
British Virgin Islands,2016,0
British Virgin Islands,2017,0
British Virgin Islands,2018,0
British Virgin Islands,2019,0
British Virgin Islands,2020,0
Brunei,1980,13650000
Brunei,1981,9465000
Brunei,1982,8943000
Brunei,1983,9407000
Brunei,1984,9291000
Brunei,1985,8885000
Brunei,1986,9640000
Brunei,1987,8072000
Brunei,1988,7956000
Brunei,1989,7665000
Brunei,1990,8710000
Brunei,1991,9349000
Brunei,1992,9582000
Brunei,1993,9582000
Brunei,1994,9723000
Brunei,1995,9445000
Brunei,1996,9024000
Brunei,1997,9294000
Brunei,1998,9134000
Brunei,1999,10560000
Brunei,2000,11210000
Brunei,2001,11340000
Brunei,2002,9465000
Brunei,2003,9869000
Brunei,2004,10350000
Brunei,2005,10900000
Brunei,2006,11560000
Brunei,2007,8693000
Brunei,2008,7752000
Brunei,2009,7468000
Brunei,2010,7612000
Brunei,2011,9085000
Brunei,2012,8458000
Brunei,2013,7093000
Brunei,2014,6646000
Brunei,2015,6697000
Brunei,2016,6336000
Brunei,2017,5844000
Brunei,2018,5780000
Brunei,2019,6367000
Brunei,2020,5817000
Bulgaria,1980,174200
Bulgaria,1981,174200
Bulgaria,1982,174200
Bulgaria,1983,174200
Bulgaria,1984,232300
Bulgaria,1985,348400
Bulgaria,1986,348400
Bulgaria,1987,348400
Bulgaria,1988,255500
Bulgaria,1989,290400
Bulgaria,1990,232300
Bulgaria,1991,69680
Bulgaria,1992,63880
Bulgaria,1993,58070
Bulgaria,1994,63880
Bulgaria,1995,58070
Bulgaria,1996,40650
Bulgaria,1997,34840
Bulgaria,1998,46460
Bulgaria,1999,46460
Bulgaria,2000,49420
Bulgaria,2001,35020
Bulgaria,2002,42970
Bulgaria,2003,34840
Bulgaria,2004,58070
Bulgaria,2005,58070
Bulgaria,2006,58070
Bulgaria,2007,58070
Bulgaria,2008,58070
Bulgaria,2009,58070
Bulgaria,2010,58070
Bulgaria,2011,58070
Bulgaria,2012,58070
Bulgaria,2013,58070
Bulgaria,2014,58070
Bulgaria,2015,58070
Bulgaria,2016,58070
Bulgaria,2017,58070
Bulgaria,2018,58070
Bulgaria,2019,58070
Bulgaria,2020,58070
Burkina Faso,1980,0
Burkina Faso,1981,0
Burkina Faso,1982,0
Burkina Faso,1983,0
Burkina Faso,1984,0
Burkina Faso,1985,0
Burkina Faso,1986,0
Burkina Faso,1987,0
Burkina Faso,1988,0
Burkina Faso,1989,0
Burkina Faso,1990,0
Burkina Faso,1991,0
Burkina Faso,1992,0
Burkina Faso,1993,0
Burkina Faso,1994,0
Burkina Faso,1995,0
Burkina Faso,1996,0
Burkina Faso,1997,0
Burkina Faso,1998,0
Burkina Faso,1999,0
Burkina Faso,2000,0
Burkina Faso,2001,0
Burkina Faso,2002,0
Burkina Faso,2003,0
Burkina Faso,2004,0
Burkina Faso,2005,0
Burkina Faso,2006,0
Burkina Faso,2007,0
Burkina Faso,2008,0
Burkina Faso,2009,0
Burkina Faso,2010,0
Burkina Faso,2011,0
Burkina Faso,2012,0
Burkina Faso,2013,0
Burkina Faso,2014,0
Burkina Faso,2015,0
Burkina Faso,2016,0
Burkina Faso,2017,0
Burkina Faso,2018,0
Burkina Faso,2019,0
Burkina Faso,2020,0
Burundi,1980,0
Burundi,1981,0
Burundi,1982,0
Burundi,1983,0
Burundi,1984,0
Burundi,1985,0
Burundi,1986,0
Burundi,1987,0
Burundi,1988,0
Burundi,1989,0
Burundi,1990,0
Burundi,1991,0
Burundi,1992,0
Burundi,1993,0
Burundi,1994,0
Burundi,1995,0
Burundi,1996,0
Burundi,1997,0
Burundi,1998,0
Burundi,1999,0
Burundi,2000,0
Burundi,2001,0
Burundi,2002,0
Burundi,2003,0
Burundi,2004,0
Burundi,2005,0
Burundi,2006,0
Burundi,2007,0
Burundi,2008,0
Burundi,2009,0
Burundi,2010,0
Burundi,2011,0
Burundi,2012,0
Burundi,2013,0
Burundi,2014,0
Burundi,2015,0
Burundi,2016,0
Burundi,2017,0
Burundi,2018,0
Burundi,2019,0
Burundi,2020,0
Cambodia,1980,0
Cambodia,1981,0
Cambodia,1982,0
Cambodia,1983,0
Cambodia,1984,0
Cambodia,1985,0
Cambodia,1986,0
Cambodia,1987,0
Cambodia,1988,0
Cambodia,1989,0
Cambodia,1990,0
Cambodia,1991,0
Cambodia,1992,0
Cambodia,1993,0
Cambodia,1994,0
Cambodia,1995,0
Cambodia,1996,0
Cambodia,1997,0
Cambodia,1998,0
Cambodia,1999,0
Cambodia,2000,0
Cambodia,2001,0
Cambodia,2002,0
Cambodia,2003,0
Cambodia,2004,0
Cambodia,2005,0
Cambodia,2006,0
Cambodia,2007,0
Cambodia,2008,0
Cambodia,2009,0
Cambodia,2010,0
Cambodia,2011,0
Cambodia,2012,0
Cambodia,2013,0
Cambodia,2014,0
Cambodia,2015,0
Cambodia,2016,0
Cambodia,2017,0
Cambodia,2018,0
Cambodia,2019,0
Cambodia,2020,0
Cameroon,1980,3368000
Cameroon,1981,5052000
Cameroon,1982,6330000
Cameroon,1983,6620000
Cameroon,1984,7839000
Cameroon,1985,10740000
Cameroon,1986,10280000
Cameroon,1987,10100000
Cameroon,1988,9465000
Cameroon,1989,9872000
Cameroon,1990,9349000
Cameroon,1991,8885000
Cameroon,1992,8130000
Cameroon,1993,7351000
Cameroon,1994,6268000
Cameroon,1995,6446000
Cameroon,1996,6273000
Cameroon,1997,7201000
Cameroon,1998,7026000
Cameroon,1999,5807000
Cameroon,2000,4926000
Cameroon,2001,4451000
Cameroon,2002,4054000
Cameroon,2003,3891000
Cameroon,2004,3832000
Cameroon,2005,4780000
Cameroon,2006,5017000
Cameroon,2007,4810000
Cameroon,2008,4723000
Cameroon,2009,4466000
Cameroon,2010,3775000
Cameroon,2011,3581000
Cameroon,2012,3658000
Cameroon,2013,3644000
Cameroon,2014,4355000
Cameroon,2015,5691000
Cameroon,2016,5342000
Cameroon,2017,4411000
Cameroon,2018,3998000
Cameroon,2019,4019000
Cameroon,2020,3871000
Canada,1973,104400000
Canada,1974,90060000
Canada,1975,83050000
Canada,1976,76300000
Canada,1977,76720000
Canada,1978,76420000
Canada,1979,87120000
Canada,1980,83340000
Canada,1981,74600000
Canada,1982,73820000
Canada,1983,78760000
Canada,1984,83480000
Canada,1985,85420000
Canada,1986,85610000
Canada,1987,89130000
Canada,1988,93850000
Canada,1989,90590000
Canada,1990,90180000
Canada,1991,89890000
Canada,1992,93220000
Canada,1993,97500000
Canada,1994,101400000
Canada,1995,104800000
Canada,1996,106700000
Canada,1997,111600000
Canada,1998,115000000
Canada,1999,110700000
Canada,2000,114800000
Canada,2001,117800000
Canada,2002,126000000
Canada,2003,133900000
Canada,2004,139300000
Canada,2005,137600000
Canada,2006,146600000
Canada,2007,152600000
Canada,2008,149800000
Canada,2009,149800000
Canada,2010,159200000
Canada,2011,168400000
Canada,2012,182200000
Canada,2013,193100000
Canada,2014,209800000
Canada,2015,213500000
Canada,2016,213600000
Canada,2017,231700000
Canada,2018,252200000
Canada,2019,256000000
Canada,2020,242800000
Cape Verde,1980,0
Cape Verde,1981,0
Cape Verde,1982,0
Cape Verde,1983,0
Cape Verde,1984,0
Cape Verde,1985,0
Cape Verde,1986,0
Cape Verde,1987,0
Cape Verde,1988,0
Cape Verde,1989,0
Cape Verde,1990,0
Cape Verde,1991,0
Cape Verde,1992,0
Cape Verde,1993,0
Cape Verde,1994,0
Cape Verde,1995,0
Cape Verde,1996,0
Cape Verde,1997,0
Cape Verde,1998,0
Cape Verde,1999,0
Cape Verde,2000,0
Cape Verde,2001,0
Cape Verde,2002,0
Cape Verde,2003,0
Cape Verde,2004,0
Cape Verde,2005,0
Cape Verde,2006,0
Cape Verde,2007,0
Cape Verde,2008,0
Cape Verde,2009,0
Cape Verde,2010,0
Cape Verde,2011,0
Cape Verde,2012,0
Cape Verde,2013,0
Cape Verde,2014,0
Cape Verde,2015,0
Cape Verde,2016,0
Cape Verde,2017,0
Cape Verde,2018,0
Cape Verde,2019,0
Cape Verde,2020,0
Cayman Islands,1980,0
Cayman Islands,1981,0
Cayman Islands,1982,0
Cayman Islands,1983,0
Cayman Islands,1984,0
Cayman Islands,1985,0
Cayman Islands,1986,0
Cayman Islands,1987,0
Cayman Islands,1988,0
Cayman Islands,1989,0
Cayman Islands,1990,0
Cayman Islands,1991,0
Cayman Islands,1992,0
Cayman Islands,1993,0
Cayman Islands,1994,0
Cayman Islands,1995,0
Cayman Islands,1996,0
Cayman Islands,1997,0
Cayman Islands,1998,0
Cayman Islands,1999,0
Cayman Islands,2000,0
Cayman Islands,2001,0
Cayman Islands,2002,0
Cayman Islands,2003,0
Cayman Islands,2004,0
Cayman Islands,2005,0
Cayman Islands,2006,0
Cayman Islands,2007,0
Cayman Islands,2008,0
Cayman Islands,2009,0
Cayman Islands,2010,0
Cayman Islands,2011,0
Cayman Islands,2012,0
Cayman Islands,2013,0
Cayman Islands,2014,0
Cayman Islands,2015,0
Cayman Islands,2016,0
Cayman Islands,2017,0
Cayman Islands,2018,0
Cayman Islands,2019,0
Cayman Islands,2020,0
Central African Republic,1980,0
Central African Republic,1981,0
Central African Republic,1982,0
Central African Republic,1983,0
Central African Republic,1984,0
Central African Republic,1985,0
Central African Republic,1986,0
Central African Republic,1987,0
Central African Republic,1988,0
Central African Republic,1989,0
Central African Republic,1990,0
Central African Republic,1991,0
Central African Republic,1992,0
Central African Republic,1993,0
Central African Republic,1994,0
Central African Republic,1995,0
Central African Republic,1996,0
Central African Republic,1997,0
Central African Republic,1998,0
Central African Republic,1999,0
Central African Republic,2000,0
Central African Republic,2001,0
Central African Republic,2002,0
Central African Republic,2003,0
Central African Republic,2004,0
Central African Republic,2005,0
Central African Republic,2006,0
Central African Republic,2007,0
Central African Republic,2008,0
Central African Republic,2009,0
Central African Republic,2010,0
Central African Republic,2011,0
Central African Republic,2012,0
Central African Republic,2013,0
Central African Republic,2014,0
Central African Republic,2015,0
Central African Republic,2016,0
Central African Republic,2017,0
Central African Republic,2018,0
Central African Republic,2019,0
Central African Republic,2020,0
Chad,1980,0
Chad,1981,0
Chad,1982,0
Chad,1983,0
Chad,1984,0
Chad,1985,0
Chad,1986,0
Chad,1987,0
Chad,1988,0
Chad,1989,0
Chad,1990,0
Chad,1991,0
Chad,1992,0
Chad,1993,0
Chad,1994,0
Chad,1995,0
Chad,1996,0
Chad,1997,0
Chad,1998,0
Chad,1999,0
Chad,2000,0
Chad,2001,0
Chad,2002,0
Chad,2003,2094000
Chad,2004,9906000
Chad,2005,10260000
Chad,2006,9170000
Chad,2007,8374000
Chad,2008,7384000
Chad,2009,6938000
Chad,2010,7115000
Chad,2011,6676000
Chad,2012,6067000
Chad,2013,5807000
Chad,2014,7026000
Chad,2015,7143000
Chad,2016,6620000
Chad,2017,7428000
Chad,2018,7637000
Chad,2019,7433000
Chad,2020,6725000
Chile,1980,1916000
Chile,1981,2381000
Chile,1982,2497000
Chile,1983,2265000
Chile,1984,2207000
Chile,1985,2091000
Chile,1986,1800000
Chile,1987,1742000
Chile,1988,1394000
Chile,1989,1278000
Chile,1990,1161000
Chile,1991,987200
Chile,1992,871000
Chile,1993,827100
Chile,1994,720700
Chile,1995,614300
Chile,1996,534200
Chile,1997,427800
Chile,1998,470600
Chile,1999,448900
Chile,2000,392700
Chile,2001,385700
Chile,2002,348400
Chile,2003,348400
Chile,2004,324600
Chile,2005,256600
Chile,2006,173700
Chile,2007,148100
Chile,2008,179600
Chile,2009,213900
Chile,2010,241800
Chile,2011,266300
Chile,2012,353200
Chile,2013,387100
Chile,2014,382100
Chile,2015,363500
Chile,2016,256900
Chile,2017,174200
Chile,2018,174200
Chile,2019,174200
Chile,2020,290400
China,1973,63290000
China,1974,76370000
China,1975,86530000
China,1976,96960000
China,1977,108800000
China,1978,120900000
China,1979,123200000
China,1980,122800000
China,1981,116900000
China,1982,118800000
China,1983,123100000
China,1984,133300000
China,1985,145500000
China,1986,152200000
China,1987,156200000
China,1988,158500000
China,1989,160100000
China,1990,161100000
China,1991,164600000
China,1992,165200000
China,1993,167800000
China,1994,170700000
China,1995,173600000
China,1996,181800000
China,1997,185800000
China,1998,185700000
China,1999,185500000
China,2000,188700000
China,2001,191600000
China,2002,196800000
China,2003,198000000
China,2004,202400000
China,2005,209600000
China,2006,213300000
China,2007,216900000
China,2008,220100000
China,2009,220400000
China,2010,236800000
China,2011,235300000
China,2012,236600000
China,2013,241800000
China,2014,244400000
China,2015,248400000
China,2016,231300000
China,2017,221900000
China,2018,219900000
China,2019,222100000
China,2020,225800000
Colombia,1980,7317000
Colombia,1981,7259000
Colombia,1982,8188000
Colombia,1983,8827000
Colombia,1984,9756000
Colombia,1985,10220000
Colombia,1986,17710000
Colombia,1987,22360000
Colombia,1988,21950000
Colombia,1989,23400000
Colombia,1990,25550000
Colombia,1991,24330000
Colombia,1992,25140000
Colombia,1993,26480000
Colombia,1994,26130000
Colombia,1995,33980000
Colombia,1996,36180000
Colombia,1997,37860000
Colombia,1998,42530000
Colombia,1999,47400000
Colombia,2000,40100000
Colombia,2001,36290000
Colombia,2002,33500000
Colombia,2003,31400000
Colombia,2004,30710000
Colombia,2005,30530000
Colombia,2006,30840000
Colombia,2007,30840000
Colombia,2008,34170000
Colombia,2009,38940000
Colombia,2010,45610000
Colombia,2011,53100000
Colombia,2012,54840000
Colombia,2013,58410000
Colombia,2014,57370000
Colombia,2015,58250000
Colombia,2016,51450000
Colombia,2017,49590000
Colombia,2018,50250000
Colombia,2019,51440000
Colombia,2020,45360000
Comoros,1980,0
Comoros,1981,0
Comoros,1982,0
Comoros,1983,0
Comoros,1984,0
Comoros,1985,0
Comoros,1986,0
Comoros,1987,0
Comoros,1988,0
Comoros,1989,0
Comoros,1990,0
Comoros,1991,0
Comoros,1992,0
Comoros,1993,0
Comoros,1994,0
Comoros,1995,0
Comoros,1996,0
Comoros,1997,0
Comoros,1998,0
Comoros,1999,0
Comoros,2000,0
Comoros,2001,0
Comoros,2002,0
Comoros,2003,0
Comoros,2004,0
Comoros,2005,0
Comoros,2006,0
Comoros,2007,0
Comoros,2008,0
Comoros,2009,0
Comoros,2010,0
Comoros,2011,0
Comoros,2012,0
Comoros,2013,0
Comoros,2014,0
Comoros,2015,0
Comoros,2016,0
Comoros,2017,0
Comoros,2018,0
Comoros,2019,0
Comoros,2020,0
Congo,1973,2032000
Congo,1974,3542000
Congo,1975,2149000
Congo,1976,2265000
Congo,1977,1916000
Congo,1978,1916000
Congo,1979,3310000
Congo,1980,3775000
Congo,1981,4820000
Congo,1982,5168000
Congo,1983,5052000
Congo,1984,7026000
Congo,1985,6968000
Congo,1986,6910000
Congo,1987,7143000
Congo,1988,8362000
Congo,1989,9523000
Congo,1990,9582000
Congo,1991,9059000
Congo,1992,10100000
Congo,1993,10510000
Congo,1994,10450000
Congo,1995,10910000
Congo,1996,11670000
Congo,1997,14710000
Congo,1998,15390000
Congo,1999,15680000
Congo,2000,16260000
Congo,2001,14810000
Congo,2002,14470000
Congo,2003,14330000
Congo,2004,13670000
Congo,2005,13280000
Congo,2006,14030000
Congo,2007,12030000
Congo,2008,13550000
Congo,2009,15550000
Congo,2010,19750000
Congo,2011,16720000
Congo,2012,15070000
Congo,2013,13900000
Congo,2014,13550000
Congo,2015,13850000
Congo,2016,11500000
Congo,2017,14220000
Congo,2018,19770000
Congo,2019,19150000
Congo,2020,16440000
Cook Islands,1980,0
Cook Islands,1981,0
Cook Islands,1982,0
Cook Islands,1983,0
Cook Islands,1984,0
Cook Islands,1985,0
Cook Islands,1986,0
Cook Islands,1987,0
Cook Islands,1988,0
Cook Islands,1989,0
Cook Islands,1990,0
Cook Islands,1991,0
Cook Islands,1992,0
Cook Islands,1993,0
Cook Islands,1994,0
Cook Islands,1995,0
Cook Islands,1996,0
Cook Islands,1997,0
Cook Islands,1998,0
Cook Islands,1999,0
Cook Islands,2000,0
Cook Islands,2001,0
Cook Islands,2002,0
Cook Islands,2003,0
Cook Islands,2004,0
Cook Islands,2005,0
Cook Islands,2006,0
Cook Islands,2007,0
Cook Islands,2008,0
Cook Islands,2009,0
Cook Islands,2010,0
Cook Islands,2011,0
Cook Islands,2012,0
Cook Islands,2013,0
Cook Islands,2014,0
Cook Islands,2015,0
Cook Islands,2016,0
Cook Islands,2017,0
Cook Islands,2018,0
Cook Islands,2019,0
Cook Islands,2020,0
Costa Rica,1980,0
Costa Rica,1981,0
Costa Rica,1982,0
Costa Rica,1983,0
Costa Rica,1984,0
Costa Rica,1985,0
Costa Rica,1986,0
Costa Rica,1987,0
Costa Rica,1988,0
Costa Rica,1989,0
Costa Rica,1990,0
Costa Rica,1991,0
Costa Rica,1992,0
Costa Rica,1993,0
Costa Rica,1994,0
Costa Rica,1995,0
Costa Rica,1996,0
Costa Rica,1997,0
Costa Rica,1998,0
Costa Rica,1999,0
Costa Rica,2000,0
Costa Rica,2001,0
Costa Rica,2002,0
Costa Rica,2003,0
Costa Rica,2004,0
Costa Rica,2005,0
Costa Rica,2006,0
Costa Rica,2007,0
Costa Rica,2008,0
Costa Rica,2009,0
Costa Rica,2010,0
Costa Rica,2011,0
Costa Rica,2012,0
Costa Rica,2013,0
Costa Rica,2014,0
Costa Rica,2015,0
Costa Rica,2016,0
Costa Rica,2017,0
Costa Rica,2018,0
Costa Rica,2019,0
Costa Rica,2020,0
Cote d'Ivoire,1980,58070
Cote d'Ivoire,1981,406500
Cote d'Ivoire,1982,522600
Cote d'Ivoire,1983,1336000
Cote d'Ivoire,1984,1568000
Cote d'Ivoire,1985,1626000
Cote d'Ivoire,1986,1161000
Cote d'Ivoire,1987,1045000
Cote d'Ivoire,1988,696800
Cote d'Ivoire,1989,116100
Cote d'Ivoire,1990,116100
Cote d'Ivoire,1991,116100
Cote d'Ivoire,1992,87100
Cote d'Ivoire,1993,29030
Cote d'Ivoire,1994,394900
Cote d'Ivoire,1995,465900
Cote d'Ivoire,1996,929100
Cote d'Ivoire,1997,1090000
Cote d'Ivoire,1998,1161000
Cote d'Ivoire,1999,871000
Cote d'Ivoire,2000,667600
Cote d'Ivoire,2001,638800
Cote d'Ivoire,2002,696800
Cote d'Ivoire,2003,1103000
Cote d'Ivoire,2004,1510000
Cote d'Ivoire,2005,2265000
Cote d'Ivoire,2006,3600000
Cote d'Ivoire,2007,3020000
Cote d'Ivoire,2008,3436000
Cote d'Ivoire,2009,3357000
Cote d'Ivoire,2010,2545000
Cote d'Ivoire,2011,2299000
Cote d'Ivoire,2012,2202000
Cote d'Ivoire,2013,2149000
Cote d'Ivoire,2014,2091000
Cote d'Ivoire,2015,1718000
Cote d'Ivoire,2016,2353000
Cote d'Ivoire,2017,2208000
Cote d'Ivoire,2018,2147000
Cote d'Ivoire,2019,2283000
Cote d'Ivoire,2020,2135000
Croatia,1992,2091000
Croatia,1993,2091000
Croatia,1994,2265000
Croatia,1995,1858000
Croatia,1996,1742000
Croatia,1997,1684000
Croatia,1998,1800000
Croatia,1999,1452000
Croatia,2000,1394000
Croatia,2001,1336000
Croatia,2002,1278000
Croatia,2003,1278000
Croatia,2004,1176000
Croatia,2005,1083000
Croatia,2006,972700
Croatia,2007,876500
Croatia,2008,793600
Croatia,2009,904800
Croatia,2010,846900
Croatia,2011,783400
Croatia,2012,687200
Croatia,2013,696700
Croatia,2014,667700
Croatia,2015,721200
Croatia,2016,788700
Croatia,2017,806100
Croatia,2018,804900
Croatia,2019,781300
Croatia,2020,688500
Cuba,1980,290400
Cuba,1981,464600
Cuba,1982,580700
Cuba,1983,696800
Cuba,1984,871000
Cuba,1985,987200
Cuba,1986,1045000
Cuba,1987,1045000
Cuba,1988,871000
Cuba,1989,871000
Cuba,1990,813000
Cuba,1991,813000
Cuba,1992,929100
Cuba,1993,1161000
Cuba,1994,1394000
Cuba,1995,1496000
Cuba,1996,1742000
Cuba,1997,1742000
Cuba,1998,1800000
Cuba,1999,2207000
Cuba,2000,2381000
Cuba,2001,2904000
Cuba,2002,2746000
Cuba,2003,3204000
Cuba,2004,3364000
Cuba,2005,3035000
Cuba,2006,2999000
Cuba,2007,2935000
Cuba,2008,3034000
Cuba,2009,2801000
Cuba,2010,3078000
Cuba,2011,3078000
Cuba,2012,3020000
Cuba,2013,2962000
Cuba,2014,2962000
Cuba,2015,2845000
Cuba,2016,2671000
Cuba,2017,2555000
Cuba,2018,2497000
Cuba,2019,2207000
Cuba,2020,2115000
Cyprus,1980,0
Cyprus,1981,0
Cyprus,1982,0
Cyprus,1983,0
Cyprus,1984,0
Cyprus,1985,0
Cyprus,1986,0
Cyprus,1987,0
Cyprus,1988,0
Cyprus,1989,0
Cyprus,1990,0
Cyprus,1991,0
Cyprus,1992,0
Cyprus,1993,0
Cyprus,1994,0
Cyprus,1995,0
Cyprus,1996,0
Cyprus,1997,0
Cyprus,1998,0
Cyprus,1999,0
Cyprus,2000,0
Cyprus,2001,0
Cyprus,2002,0
Cyprus,2003,0
Cyprus,2004,0
Cyprus,2005,0
Cyprus,2006,0
Cyprus,2007,0
Cyprus,2008,0
Cyprus,2009,0
Cyprus,2010,0
Cyprus,2011,0
Cyprus,2012,0
Cyprus,2013,0
Cyprus,2014,0
Cyprus,2015,0
Cyprus,2016,0
Cyprus,2017,0
Cyprus,2018,0
Cyprus,2019,0
Cyprus,2020,0
Czechia,1993,121900
Czechia,1994,139400
Czechia,1995,174200
Czechia,1996,243900
Czechia,1997,191600
Czechia,1998,209100
Czechia,1999,227300
Czechia,2000,208500
Czechia,2001,213200
Czechia,2002,310400
Czechia,2003,377500
Czechia,2004,353000
Czechia,2005,358100
Czechia,2006,309400
Czechia,2007,290400
Czechia,2008,285400
Czechia,2009,246900
Czechia,2010,208600
Czechia,2011,179100
Czechia,2012,174200
Czechia,2013,174200
Czechia,2014,174200
Czechia,2015,164700
Czechia,2016,135500
Czechia,2017,126000
Czechia,2018,128100
Czechia,2019,94390
Czechia,2020,107000
Czechoslovakia,1980,116100
Czechoslovakia,1981,116100
Czechoslovakia,1982,116100
Czechoslovakia,1983,116100
Czechoslovakia,1984,116100
Czechoslovakia,1985,116100
Czechoslovakia,1986,174200
Czechoslovakia,1987,174200
Czechoslovakia,1988,174200
Czechoslovakia,1989,174200
Czechoslovakia,1990,133600
Czechoslovakia,1991,156800
Czechoslovakia,1992,127800
Democratic Republic of Congo,1980,1161000
Democratic Republic of Congo,1981,1161000
Democratic Republic of Congo,1982,1336000
Democratic Republic of Congo,1983,1452000
Democratic Republic of Congo,1984,1858000
Democratic Republic of Congo,1985,1916000
Democratic Republic of Congo,1986,1858000
Democratic Republic of Congo,1987,1858000
Democratic Republic of Congo,1988,1742000
Democratic Republic of Congo,1989,1626000
Democratic Republic of Congo,1990,1684000
Democratic Republic of Congo,1991,1626000
Democratic Republic of Congo,1992,1510000
Democratic Republic of Congo,1993,1452000
Democratic Republic of Congo,1994,1525000
Democratic Republic of Congo,1995,1742000
Democratic Republic of Congo,1996,1742000
Democratic Republic of Congo,1997,1645000
Democratic Republic of Congo,1998,1559000
Democratic Republic of Congo,1999,1278000
Democratic Republic of Congo,2000,1510000
Democratic Republic of Congo,2001,1394000
Democratic Republic of Congo,2002,1316000
Democratic Republic of Congo,2003,1278000
Democratic Republic of Congo,2004,1224000
Democratic Republic of Congo,2005,1147000
Democratic Republic of Congo,2006,1161000
Democratic Republic of Congo,2007,1287000
Democratic Republic of Congo,2008,1159000
Democratic Republic of Congo,2009,1278000
Democratic Republic of Congo,2010,1219000
Democratic Republic of Congo,2011,1171000
Democratic Republic of Congo,2012,1161000
Democratic Republic of Congo,2013,1161000
Democratic Republic of Congo,2014,1161000
Democratic Republic of Congo,2015,1161000
Democratic Republic of Congo,2016,1161000
Democratic Republic of Congo,2017,1103000
Democratic Republic of Congo,2018,1452000
Democratic Republic of Congo,2019,1394000
Democratic Republic of Congo,2020,1336000
Denmark,1980,348400
Denmark,1981,871000
Denmark,1982,2032000
Denmark,1983,2613000
Denmark,1984,2671000
Denmark,1985,3368000
Denmark,1986,4413000
Denmark,1987,5633000
Denmark,1988,5749000
Denmark,1989,6794000
Denmark,1990,7026000
Denmark,1991,8304000
Denmark,1992,9465000
Denmark,1993,10100000
Denmark,1994,10740000
Denmark,1995,10810000
Denmark,1996,12070000
Denmark,1997,13380000
Denmark,1998,13840000
Denmark,1999,17430000
Denmark,2000,21080000
Denmark,2001,20100000
Denmark,2002,21530000
Denmark,2003,21780000
Denmark,2004,22600000
Denmark,2005,21900000
Denmark,2006,19860000
Denmark,2007,18090000
Denmark,2008,16640000
Denmark,2009,15100000
Denmark,2010,14250000
Denmark,2011,12840000
Denmark,2012,11740000
Denmark,2013,10190000
Denmark,2014,9596000
Denmark,2015,9077000
Denmark,2016,8167000
Denmark,2017,7961000
Denmark,2018,6693000
Denmark,2019,5927000
Denmark,2020,4147000
Djibouti,1980,0
Djibouti,1981,0
Djibouti,1982,0
Djibouti,1983,0
Djibouti,1984,0
Djibouti,1985,0
Djibouti,1986,0
Djibouti,1987,0
Djibouti,1988,0
Djibouti,1989,0
Djibouti,1990,0
Djibouti,1991,0
Djibouti,1992,0
Djibouti,1993,0
Djibouti,1994,0
Djibouti,1995,0
Djibouti,1996,0
Djibouti,1997,0
Djibouti,1998,0
Djibouti,1999,0
Djibouti,2000,0
Djibouti,2001,0
Djibouti,2002,0
Djibouti,2003,0
Djibouti,2004,0
Djibouti,2005,0
Djibouti,2006,0
Djibouti,2007,0
Djibouti,2008,0
Djibouti,2009,0
Djibouti,2010,0
Djibouti,2011,0
Djibouti,2012,0
Djibouti,2013,0
Djibouti,2014,0
Djibouti,2015,0
Djibouti,2016,0
Djibouti,2017,0
Djibouti,2018,0
Djibouti,2019,0
Djibouti,2020,0
Dominica,1980,0
Dominica,1981,0
Dominica,1982,0
Dominica,1983,0
Dominica,1984,0
Dominica,1985,0
Dominica,1986,0
Dominica,1987,0
Dominica,1988,0
Dominica,1989,0
Dominica,1990,0
Dominica,1991,0
Dominica,1992,0
Dominica,1993,0
Dominica,1994,0
Dominica,1995,0
Dominica,1996,0
Dominica,1997,0
Dominica,1998,0
Dominica,1999,0
Dominica,2000,0
Dominica,2001,0
Dominica,2002,0
Dominica,2003,0
Dominica,2004,0
Dominica,2005,0
Dominica,2006,0
Dominica,2007,0
Dominica,2008,0
Dominica,2009,0
Dominica,2010,0
Dominica,2011,0
Dominica,2012,0
Dominica,2013,0
Dominica,2014,0
Dominica,2015,0
Dominica,2016,0
Dominica,2017,0
Dominica,2018,0
Dominica,2019,0
Dominica,2020,0
Dominican Republic,1980,0
Dominican Republic,1981,0
Dominican Republic,1982,0
Dominican Republic,1983,0
Dominican Republic,1984,0
Dominican Republic,1985,0
Dominican Republic,1986,0
Dominican Republic,1987,0
Dominican Republic,1988,0
Dominican Republic,1989,0
Dominican Republic,1990,0
Dominican Republic,1991,0
Dominican Republic,1992,0
Dominican Republic,1993,0
Dominican Republic,1994,0
Dominican Republic,1995,0
Dominican Republic,1996,0
Dominican Republic,1997,0
Dominican Republic,1998,0
Dominican Republic,1999,0
Dominican Republic,2000,0
Dominican Republic,2001,0
Dominican Republic,2002,0
Dominican Republic,2003,0
Dominican Republic,2004,0
Dominican Republic,2005,0
Dominican Republic,2006,0
Dominican Republic,2007,0
Dominican Republic,2008,0
Dominican Republic,2009,0
Dominican Republic,2010,0
Dominican Republic,2011,0
Dominican Republic,2012,0
Dominican Republic,2013,0
Dominican Republic,2014,0
Dominican Republic,2015,0
Dominican Republic,2016,0
Dominican Republic,2017,0
Dominican Republic,2018,0
Dominican Republic,2019,0
Dominican Republic,2020,0
East Germany,1980,58070
East Germany,1981,58070
East Germany,1982,58070
East Germany,1983,58070
East Germany,1984,58070
East Germany,1985,58070
East Germany,1986,58070
East Germany,1987,58070
East Germany,1988,46460
East Germany,1989,52260
East Germany,1990,46460
Ecuador,1973,12120000
Ecuador,1974,10280000
Ecuador,1975,9341000
Ecuador,1976,10890000
Ecuador,1977,10650000
Ecuador,1978,11720000
Ecuador,1979,12430000
Ecuador,1980,11860000
Ecuador,1981,12260000
Ecuador,1982,12240000
Ecuador,1983,13770000
Ecuador,1984,14980000
Ecuador,1985,16330000
Ecuador,1986,17030000
Ecuador,1987,10110000
Ecuador,1988,17550000
Ecuador,1989,16190000
Ecuador,1990,16550000
Ecuador,1991,17370000
Ecuador,1992,18640000
Ecuador,1993,19950000
Ecuador,1994,21190000
Ecuador,1995,22770000
Ecuador,1996,22990000
Ecuador,1997,22550000
Ecuador,1998,21780000
Ecuador,1999,21640000
Ecuador,2000,22930000
Ecuador,2001,23940000
Ecuador,2002,22790000
Ecuador,2003,23870000
Ecuador,2004,30680000
Ecuador,2005,30890000
Ecuador,2006,31110000
Ecuador,2007,29680000
Ecuador,2008,29310000
Ecuador,2009,28200000
Ecuador,2010,28230000
Ecuador,2011,29010000
Ecuador,2012,29240000
Ecuador,2013,30550000
Ecuador,2014,32310000
Ecuador,2015,31540000
Ecuador,2016,31820000
Ecuador,2017,30850000
Ecuador,2018,30030000
Ecuador,2019,30840000
Ecuador,2020,27840000
Egypt,1973,9582000
Egypt,1974,8710000
Egypt,1975,13650000
Egypt,1976,19160000
Egypt,1977,24100000
Egypt,1978,28160000
Egypt,1979,30490000
Egypt,1980,34550000
Egypt,1981,34730000
Egypt,1982,38910000
Egypt,1983,42220000
Egypt,1984,47730000
Egypt,1985,51510000
Egypt,1986,47210000
Egypt,1987,52030000
Egypt,1988,49240000
Egypt,1989,50230000
Egypt,1990,50700000
Egypt,1991,50750000
Egypt,1992,51170000
Egypt,1993,51680000
Egypt,1994,52020000
Egypt,1995,53420000
Egypt,1996,53520000
Egypt,1997,49730000
Egypt,1998,48420000
Egypt,1999,49450000
Egypt,2000,44620000
Egypt,2001,41790000
Egypt,2002,41540000
Egypt,2003,41380000
Egypt,2004,39100000
Egypt,2005,36200000
Egypt,2006,35770000
Egypt,2007,35330000
Egypt,2008,36780000
Egypt,2009,37670000
Egypt,2010,36950000
Egypt,2011,37020000
Egypt,2012,37260000
Egypt,2013,37450000
Egypt,2014,37460000
Egypt,2015,39620000
Egypt,2016,37830000
Egypt,2017,36400000
Egypt,2018,37100000
Egypt,2019,36160000
Egypt,2020,34070000
El Salvador,1980,0
El Salvador,1981,0
El Salvador,1982,0
El Salvador,1983,0
El Salvador,1984,0
El Salvador,1985,0
El Salvador,1986,0
El Salvador,1987,0
El Salvador,1988,0
El Salvador,1989,0
El Salvador,1990,0
El Salvador,1991,0
El Salvador,1992,0
El Salvador,1993,0
El Salvador,1994,0
El Salvador,1995,0
El Salvador,1996,0
El Salvador,1997,0
El Salvador,1998,0
El Salvador,1999,0
El Salvador,2000,0
El Salvador,2001,0
El Salvador,2002,0
El Salvador,2003,0
El Salvador,2004,0
El Salvador,2005,0
El Salvador,2006,0
El Salvador,2007,0
El Salvador,2008,0
El Salvador,2009,0
El Salvador,2010,0
El Salvador,2011,0
El Salvador,2012,0
El Salvador,2013,0
El Salvador,2014,0
El Salvador,2015,0
El Salvador,2016,0
El Salvador,2017,0
El Salvador,2018,0
El Salvador,2019,0
El Salvador,2020,0
Equatorial Guinea,1973,0
Equatorial Guinea,1974,0
Equatorial Guinea,1975,0
Equatorial Guinea,1976,0
Equatorial Guinea,1977,0
Equatorial Guinea,1978,0
Equatorial Guinea,1979,0
Equatorial Guinea,1980,0
Equatorial Guinea,1981,0
Equatorial Guinea,1982,0
Equatorial Guinea,1983,0
Equatorial Guinea,1984,0
Equatorial Guinea,1985,0
Equatorial Guinea,1986,0
Equatorial Guinea,1987,0
Equatorial Guinea,1988,0
Equatorial Guinea,1989,0
Equatorial Guinea,1990,0
Equatorial Guinea,1991,5807
Equatorial Guinea,1992,92910
Equatorial Guinea,1993,261300
Equatorial Guinea,1994,291000
Equatorial Guinea,1995,290400
Equatorial Guinea,1996,987200
Equatorial Guinea,1997,3044000
Equatorial Guinea,1998,4820000
Equatorial Guinea,1999,5923000
Equatorial Guinea,2000,9727000
Equatorial Guinea,2001,10540000
Equatorial Guinea,2002,12340000
Equatorial Guinea,2003,11990000
Equatorial Guinea,2004,21220000
Equatorial Guinea,2005,21050000
Equatorial Guinea,2006,19910000
Equatorial Guinea,2007,20060000
Equatorial Guinea,2008,19560000
Equatorial Guinea,2009,18700000
Equatorial Guinea,2010,17290000
Equatorial Guinea,2011,16170000
Equatorial Guinea,2012,16810000
Equatorial Guinea,2013,15670000
Equatorial Guinea,2014,15100000
Equatorial Guinea,2015,14520000
Equatorial Guinea,2016,13180000
Equatorial Guinea,2017,10700000
Equatorial Guinea,2018,10000000
Equatorial Guinea,2019,9045000
Equatorial Guinea,2020,8569000
Eritrea,1994,0
Eritrea,1995,0
Eritrea,1996,0
Eritrea,1997,0
Eritrea,1998,0
Eritrea,1999,0
Eritrea,2000,0
Eritrea,2001,0
Eritrea,2002,0
Eritrea,2003,0
Eritrea,2004,0
Eritrea,2005,0
Eritrea,2006,0
Eritrea,2007,0
Eritrea,2008,0
Eritrea,2009,0
Eritrea,2010,0
Eritrea,2011,0
Eritrea,2012,0
Eritrea,2013,0
Eritrea,2014,0
Eritrea,2015,0
Eritrea,2016,0
Eritrea,2017,0
Eritrea,2018,0
Eritrea,2019,0
Eritrea,2020,0
Estonia,1992,0
Estonia,1993,0
Estonia,1994,0
Estonia,1995,0
Estonia,1996,0
Estonia,1997,0
Estonia,1998,0
Estonia,1999,0
Estonia,2000,0
Estonia,2001,0
Estonia,2002,0
Estonia,2003,0
Estonia,2004,0
Estonia,2005,0
Estonia,2006,0
Estonia,2007,0
Estonia,2008,0
Estonia,2009,0
Estonia,2010,0
Estonia,2011,0
Estonia,2012,0
Estonia,2013,0
Estonia,2014,0
Estonia,2015,0
Estonia,2016,0
Estonia,2017,0
Estonia,2018,0
Estonia,2019,0
Estonia,2020,0
Eswatini,1980,0
Eswatini,1981,0
Eswatini,1982,0
Eswatini,1983,0
Eswatini,1984,0
Eswatini,1985,0
Eswatini,1986,0
Eswatini,1987,0
Eswatini,1988,0
Eswatini,1989,0
Eswatini,1990,0
Eswatini,1991,0
Eswatini,1992,0
Eswatini,1993,0
Eswatini,1994,0
Eswatini,1995,0
Eswatini,1996,0
Eswatini,1997,0
Eswatini,1998,0
Eswatini,1999,0
Eswatini,2000,0
Eswatini,2001,0
Eswatini,2002,0
Eswatini,2003,0
Eswatini,2004,0
Eswatini,2005,0
Eswatini,2006,0
Eswatini,2007,0
Eswatini,2008,0
Eswatini,2009,0
Eswatini,2010,0
Eswatini,2011,0
Eswatini,2012,0
Eswatini,2013,0
Eswatini,2014,0
Eswatini,2015,0
Eswatini,2016,0
Eswatini,2017,0
Eswatini,2018,0
Eswatini,2019,0
Eswatini,2020,0
Ethiopia,1980,0
Ethiopia,1981,0
Ethiopia,1982,0
Ethiopia,1983,0
Ethiopia,1984,0
Ethiopia,1985,0
Ethiopia,1986,0
Ethiopia,1987,0
Ethiopia,1988,0
Ethiopia,1989,0
Ethiopia,1990,0
Ethiopia,1991,0
Ethiopia,1992,0
Ethiopia,1993,0
Ethiopia,1994,0
Ethiopia,1995,0
Ethiopia,1996,0
Ethiopia,1997,0
Ethiopia,1998,0
Ethiopia,1999,0
Ethiopia,2000,0
Ethiopia,2001,0
Ethiopia,2002,0
Ethiopia,2003,0
Ethiopia,2004,0
Ethiopia,2005,0
Ethiopia,2006,0
Ethiopia,2007,0
Ethiopia,2008,0
Ethiopia,2009,0
Ethiopia,2010,0
Ethiopia,2011,0
Ethiopia,2012,0
Ethiopia,2013,0
Ethiopia,2014,0
Ethiopia,2015,0
Ethiopia,2016,0
Ethiopia,2017,0
Ethiopia,2018,0
Ethiopia,2019,0
Ethiopia,2020,0
Faeroe Islands,1980,0
Faeroe Islands,1981,0
Faeroe Islands,1982,0
Faeroe Islands,1983,0
Faeroe Islands,1984,0
Faeroe Islands,1985,0
Faeroe Islands,1986,0
Faeroe Islands,1987,0
Faeroe Islands,1988,0
Faeroe Islands,1989,0
Faeroe Islands,1990,0
Faeroe Islands,1991,0
Faeroe Islands,1992,0
Faeroe Islands,1993,0
Faeroe Islands,1994,0
Faeroe Islands,1995,0
Faeroe Islands,1996,0
Faeroe Islands,1997,0
Faeroe Islands,1998,0
Faeroe Islands,1999,0
Faeroe Islands,2000,0
Faeroe Islands,2001,0
Faeroe Islands,2002,0
Faeroe Islands,2003,0
Faeroe Islands,2004,0
Faeroe Islands,2005,0
Faeroe Islands,2006,0
Faeroe Islands,2007,0
Faeroe Islands,2008,0
Faeroe Islands,2009,0
Faeroe Islands,2010,0
Faeroe Islands,2011,0
Faeroe Islands,2012,0
Faeroe Islands,2013,0
Faeroe Islands,2014,0
Faeroe Islands,2015,0
Faeroe Islands,2016,0
Faeroe Islands,2017,0
Faeroe Islands,2018,0
Faeroe Islands,2019,0
Faeroe Islands,2020,0
Falkland Islands,1980,0
Falkland Islands,1981,0
Falkland Islands,1982,0
Falkland Islands,1983,0
Falkland Islands,1984,0
Falkland Islands,1985,0
Falkland Islands,1986,0
Falkland Islands,1987,0
Falkland Islands,1988,0
Falkland Islands,1989,0
Falkland Islands,1990,0
Falkland Islands,1991,0
Falkland Islands,1992,0
Falkland Islands,1993,0
Falkland Islands,1994,0
Falkland Islands,1995,0
Falkland Islands,1996,0
Falkland Islands,1997,0
Falkland Islands,1998,0
Falkland Islands,1999,0
Falkland Islands,2000,0
Falkland Islands,2001,0
Falkland Islands,2002,0
Falkland Islands,2003,0
Falkland Islands,2004,0
Falkland Islands,2005,0
Falkland Islands,2006,0
Falkland Islands,2007,0
Falkland Islands,2008,0
Falkland Islands,2009,0
Falkland Islands,2010,0
Falkland Islands,2011,0
Falkland Islands,2012,0
Falkland Islands,2013,0
Falkland Islands,2014,0
Falkland Islands,2015,0
Falkland Islands,2016,0
Falkland Islands,2017,0
Falkland Islands,2018,0
Falkland Islands,2019,0
Falkland Islands,2020,0
Fiji,1980,0
Fiji,1981,0
Fiji,1982,0
Fiji,1983,0
Fiji,1984,0
Fiji,1985,0
Fiji,1986,0
Fiji,1987,0
Fiji,1988,0
Fiji,1989,0
Fiji,1990,0
Fiji,1991,0
Fiji,1992,0
Fiji,1993,0
Fiji,1994,0
Fiji,1995,0
Fiji,1996,0
Fiji,1997,0
Fiji,1998,0
Fiji,1999,0
Fiji,2000,0
Fiji,2001,0
Fiji,2002,0
Fiji,2003,0
Fiji,2004,0
Fiji,2005,0
Fiji,2006,0
Fiji,2007,0
Fiji,2008,0
Fiji,2009,0
Fiji,2010,0
Fiji,2011,0
Fiji,2012,0
Fiji,2013,0
Fiji,2014,0
Fiji,2015,0
Fiji,2016,0
Fiji,2017,0
Fiji,2018,0
Fiji,2019,0
Fiji,2020,0
Finland,1980,0
Finland,1981,0
Finland,1982,0
Finland,1983,0
Finland,1984,0
Finland,1985,0
Finland,1986,0
Finland,1987,0
Finland,1988,0
Finland,1989,0
Finland,1990,0
Finland,1991,0
Finland,1992,0
Finland,1993,0
Finland,1994,0
Finland,1995,0
Finland,1996,0
Finland,1997,0
Finland,1998,0
Finland,1999,0
Finland,2000,0
Finland,2001,0
Finland,2002,0
Finland,2003,0
Finland,2004,0
Finland,2005,0
Finland,2006,0
Finland,2007,0
Finland,2008,0
Finland,2009,0
Finland,2010,0
Finland,2011,0
Finland,2012,0
Finland,2013,0
Finland,2014,0
Finland,2015,0
Finland,2016,0
Finland,2017,0
Finland,2018,0
Finland,2019,0
Finland,2020,0
Former Serbia and Montenegro,1992,1336000
Former Serbia and Montenegro,1993,1336000
Former Serbia and Montenegro,1994,1394000
Former Serbia and Montenegro,1995,1278000
Former Serbia and Montenegro,1996,1278000
Former Serbia and Montenegro,1997,1161000
Former Serbia and Montenegro,1998,1045000
Former Serbia and Montenegro,1999,1045000
Former Serbia and Montenegro,2000,929100
Former Serbia and Montenegro,2001,871000
Former Serbia and Montenegro,2002,813000
Former Serbia and Montenegro,2003,783900
Former Serbia and Montenegro,2004,754900
Former Serbia and Montenegro,2005,706200
Former U.S.S.R.,1973,483400000
Former U.S.S.R.,1974,517500000
Former U.S.S.R.,1975,553000000
Former U.S.S.R.,1976,584200000
Former U.S.S.R.,1977,615700000
Former U.S.S.R.,1978,644900000
Former U.S.S.R.,1979,661100000
Former U.S.S.R.,1980,679800000
Former U.S.S.R.,1981,688100000
Former U.S.S.R.,1982,691700000
Former U.S.S.R.,1983,695200000
Former U.S.S.R.,1984,688800000
Former U.S.S.R.,1985,672700000
Former U.S.S.R.,1986,690700000
Former U.S.S.R.,1987,699800000
Former U.S.S.R.,1988,699900000
Former U.S.S.R.,1989,680300000
Former U.S.S.R.,1990,637300000
Former U.S.S.R.,1991,580200000
Former Yugoslavia,1980,4994000
Former Yugoslavia,1981,4994000
Former Yugoslavia,1982,5052000
Former Yugoslavia,1983,4820000
Former Yugoslavia,1984,4646000
Former Yugoslavia,1985,4994000
Former Yugoslavia,1986,4878000
Former Yugoslavia,1987,4588000
Former Yugoslavia,1988,4355000
Former Yugoslavia,1989,4065000
Former Yugoslavia,1990,3716000
Former Yugoslavia,1991,3484000
France,1980,1510000
France,1981,1974000
France,1982,1974000
France,1983,2032000
France,1984,2032000
France,1985,2904000
France,1986,3484000
France,1987,3775000
France,1988,3891000
France,1989,3775000
France,1990,3542000
France,1991,3426000
France,1992,3368000
France,1993,3228000
France,1994,3261000
France,1995,2918000
France,1996,2507000
France,1997,2071000
France,1998,2003000
France,1999,1770000
France,2000,1684000
France,2001,1621000
France,2002,1563000
France,2003,1398000
France,2004,1355000
France,2005,1239000
France,2006,1248000
France,2007,1152000
France,2008,1132000
France,2009,1054000
France,2010,1050000
France,2011,1035000
France,2012,943700
France,2013,929300
France,2014,890600
France,2015,968100
France,2016,953400
France,2017,882700
France,2018,903700
France,2019,845400
France,2020,751300
French Guiana,1980,0
French Guiana,1981,0
French Guiana,1982,0
French Guiana,1983,0
French Guiana,1984,0
French Guiana,1985,0
French Guiana,1986,0
French Guiana,1987,0
French Guiana,1988,0
French Guiana,1989,0
French Guiana,1990,0
French Guiana,1991,0
French Guiana,1992,0
French Guiana,1993,0
French Guiana,1994,0
French Guiana,1995,0
French Guiana,1996,0
French Guiana,1997,0
French Guiana,1998,0
French Guiana,1999,0
French Guiana,2000,0
French Guiana,2001,0
French Guiana,2002,0
French Guiana,2003,0
French Guiana,2004,0
French Guiana,2005,0
French Guiana,2006,0
French Guiana,2007,0
French Guiana,2008,0
French Guiana,2009,0
French Guiana,2010,0
French Guiana,2011,0
French Guiana,2012,0
French Guiana,2013,0
French Guiana,2014,0
French Guiana,2015,0
French Guiana,2016,0
French Guiana,2017,0
French Guiana,2018,0
French Guiana,2019,0
French Guiana,2020,0
French Polynesia,1980,0
French Polynesia,1981,0
French Polynesia,1982,0
French Polynesia,1983,0
French Polynesia,1984,0
French Polynesia,1985,0
French Polynesia,1986,0
French Polynesia,1987,0
French Polynesia,1988,0
French Polynesia,1989,0
French Polynesia,1990,0
French Polynesia,1991,0
French Polynesia,1992,0
French Polynesia,1993,0
French Polynesia,1994,0
French Polynesia,1995,0
French Polynesia,1996,0
French Polynesia,1997,0
French Polynesia,1998,0
French Polynesia,1999,0
French Polynesia,2000,0
French Polynesia,2001,0
French Polynesia,2002,0
French Polynesia,2003,0
French Polynesia,2004,0
French Polynesia,2005,0
French Polynesia,2006,0
French Polynesia,2007,0
French Polynesia,2008,0
French Polynesia,2009,0
French Polynesia,2010,0
French Polynesia,2011,0
French Polynesia,2012,0
French Polynesia,2013,0
French Polynesia,2014,0
French Polynesia,2015,0
French Polynesia,2016,0
French Polynesia,2017,0
French Polynesia,2018,0
French Polynesia,2019,0
French Polynesia,2020,0
Gabon,1973,8710000
Gabon,1974,11730000
Gabon,1975,12950000
Gabon,1976,12950000
Gabon,1977,12890000
Gabon,1978,12140000
Gabon,1979,11790000
Gabon,1980,10160000
Gabon,1981,8769000
Gabon,1982,9059000
Gabon,1983,9117000
Gabon,1984,9117000
Gabon,1985,9988000
Gabon,1986,9640000
Gabon,1987,9001000
Gabon,1988,9233000
Gabon,1989,12080000
Gabon,1990,15670000
Gabon,1991,17070000
Gabon,1992,17280000
Gabon,1993,18200000
Gabon,1994,19080000
Gabon,1995,21180000
Gabon,1996,21390000
Gabon,1997,21500000
Gabon,1998,20430000
Gabon,1999,19220000
Gabon,2000,18290000
Gabon,2001,15680000
Gabon,2002,14590000
Gabon,2003,14020000
Gabon,2004,13880000
Gabon,2005,15470000
Gabon,2006,13780000
Gabon,2007,14180000
Gabon,2008,14410000
Gabon,2009,14060000
Gabon,2010,14280000
Gabon,2011,14020000
Gabon,2012,13360000
Gabon,2013,12780000
Gabon,2014,12780000
Gabon,2015,12390000
Gabon,2016,12240000
Gabon,2017,11550000
Gabon,2018,11370000
Gabon,2019,11720000
Gabon,2020,10080000
Gambia,1980,0
Gambia,1981,0
Gambia,1982,0
Gambia,1983,0
Gambia,1984,0
Gambia,1985,0
Gambia,1986,0
Gambia,1987,0
Gambia,1988,0
Gambia,1989,0
Gambia,1990,0
Gambia,1991,0
Gambia,1992,0
Gambia,1993,0
Gambia,1994,0
Gambia,1995,0
Gambia,1996,0
Gambia,1997,0
Gambia,1998,0
Gambia,1999,0
Gambia,2000,0
Gambia,2001,0
Gambia,2002,0
Gambia,2003,0
Gambia,2004,0
Gambia,2005,0
Gambia,2006,0
Gambia,2007,0
Gambia,2008,0
Gambia,2009,0
Gambia,2010,0
Gambia,2011,0
Gambia,2012,0
Gambia,2013,0
Gambia,2014,0
Gambia,2015,0
Gambia,2016,0
Gambia,2017,0
Gambia,2018,0
Gambia,2019,0
Gambia,2020,0
Georgia,1992,168400
Georgia,1993,116100
Georgia,1994,105000
Georgia,1995,58070
Georgia,1996,69680
Georgia,1997,155400
Georgia,1998,127300
Georgia,1999,127800
Georgia,2000,116100
Georgia,2001,116100
Georgia,2002,85940
Georgia,2003,162600
Georgia,2004,116100
Georgia,2005,116100
Georgia,2006,58070
Georgia,2007,58070
Georgia,2008,58070
Georgia,2009,58070
Georgia,2010,58070
Georgia,2011,58070
Georgia,2012,58070
Georgia,2013,58070
Georgia,2014,58070
Georgia,2015,46420
Georgia,2016,23230
Georgia,2017,24220
Georgia,2018,21900
Georgia,2019,19870
Georgia,2020,18430
Germany,1991,4123000
Germany,1992,3658000
Germany,1993,3542000
Germany,1994,3401000
Germany,1995,3426000
Germany,1996,3445000
Germany,1997,3252000
Germany,1998,3426000
Germany,1999,3194000
Germany,2000,3706000
Germany,2001,3767000
Germany,2002,3999000
Germany,2003,4198000
Germany,2004,3943000
Germany,2005,3886000
Germany,2006,3923000
Germany,2007,3851000
Germany,2008,3484000
Germany,2009,3194000
Germany,2010,2845000
Germany,2011,2962000
Germany,2012,2962000
Germany,2013,2994000
Germany,2014,2792000
Germany,2015,2791000
Germany,2016,2705000
Germany,2017,2524000
Germany,2018,2361000
Germany,2019,2190000
Germany,2020,2173000
Ghana,1980,116100
Ghana,1981,116100
Ghana,1982,116100
Ghana,1983,116100
Ghana,1984,116100
Ghana,1985,58070
Ghana,1986,17420
Ghana,1987,0
Ghana,1988,0
Ghana,1989,0
Ghana,1990,0
Ghana,1991,0
Ghana,1992,63880
Ghana,1993,92910
Ghana,1994,81300
Ghana,1995,232300
Ghana,1996,348400
Ghana,1997,290400
Ghana,1998,290400
Ghana,1999,348400
Ghana,2000,406500
Ghana,2001,406500
Ghana,2002,406500
Ghana,2003,406500
Ghana,2004,406500
Ghana,2005,348400
Ghana,2006,348400
Ghana,2007,348400
Ghana,2008,348400
Ghana,2009,348400
Ghana,2010,417500
Ghana,2011,4443000
Ghana,2012,4550000
Ghana,2013,5686000
Ghana,2014,6098000
Ghana,2015,5944000
Ghana,2016,5712000
Ghana,2017,8754000
Ghana,2018,10030000
Ghana,2019,11610000
Ghana,2020,11580000
Gibraltar,1980,0
Gibraltar,1981,0
Gibraltar,1982,0
Gibraltar,1983,0
Gibraltar,1984,0
Gibraltar,1985,0
Gibraltar,1986,0
Gibraltar,1987,0
Gibraltar,1988,0
Gibraltar,1989,0
Gibraltar,1990,0
Gibraltar,1991,0
Gibraltar,1992,0
Gibraltar,1993,0
Gibraltar,1994,0
Gibraltar,1995,0
Gibraltar,1996,0
Gibraltar,1997,0
Gibraltar,1998,0
Gibraltar,1999,0
Gibraltar,2000,0
Gibraltar,2001,0
Gibraltar,2002,0
Gibraltar,2003,0
Gibraltar,2004,0
Gibraltar,2005,0
Gibraltar,2006,0
Gibraltar,2007,0
Gibraltar,2008,0
Gibraltar,2009,0
Gibraltar,2010,0
Gibraltar,2011,0
Gibraltar,2012,0
Gibraltar,2013,0
Gibraltar,2014,0
Gibraltar,2015,0
Gibraltar,2016,0
Gibraltar,2017,0
Gibraltar,2018,0
Gibraltar,2019,0
Gibraltar,2020,0
Greece,1980,0
Greece,1981,464600
Greece,1982,1219000
Greece,1983,1394000
Greece,1984,1510000
Greece,1985,1452000
Greece,1986,1452000
Greece,1987,1394000
Greece,1988,1219000
Greece,1989,987200
Greece,1990,871000
Greece,1991,929100
Greece,1992,754900
Greece,1993,638800
Greece,1994,595000
Greece,1995,522600
Greece,1996,464600
Greece,1997,527200
Greece,1998,377100
Greece,1999,19730
Greece,2000,275800
Greece,2001,289900
Greece,2002,183600
Greece,2003,164300
Greece,2004,164700
Greece,2005,155000
Greece,2006,106800
Greece,2007,72390
Greece,2008,58070
Greece,2009,67810
Greece,2010,135500
Greece,2011,101700
Greece,2012,96940
Greece,2013,72390
Greece,2014,67460
Greece,2015,62520
Greece,2016,184200
Greece,2017,163400
Greece,2018,237100
Greece,2019,194500
Greece,2020,105000
Greenland,1980,0
Greenland,1981,0
Greenland,1982,0
Greenland,1983,0
Greenland,1984,0
Greenland,1985,0
Greenland,1986,0
Greenland,1987,0
Greenland,1988,0
Greenland,1989,0
Greenland,1990,0
Greenland,1991,0
Greenland,1992,0
Greenland,1993,0
Greenland,1994,0
Greenland,1995,0
Greenland,1996,0
Greenland,1997,0
Greenland,1998,0
Greenland,1999,0
Greenland,2000,0
Greenland,2001,0
Greenland,2002,0
Greenland,2003,0
Greenland,2004,0
Greenland,2005,0
Greenland,2006,0
Greenland,2007,0
Greenland,2008,0
Greenland,2009,0
Greenland,2010,0
Greenland,2011,0
Greenland,2012,0
Greenland,2013,0
Greenland,2014,0
Greenland,2015,0
Greenland,2016,0
Greenland,2017,0
Greenland,2018,0
Greenland,2019,0
Greenland,2020,0
Grenada,1980,0
Grenada,1981,0
Grenada,1982,0
Grenada,1983,0
Grenada,1984,0
Grenada,1985,0
Grenada,1986,0
Grenada,1987,0
Grenada,1988,0
Grenada,1989,0
Grenada,1990,0
Grenada,1991,0
Grenada,1992,0
Grenada,1993,0
Grenada,1994,0
Grenada,1995,0
Grenada,1996,0
Grenada,1997,0
Grenada,1998,0
Grenada,1999,0
Grenada,2000,0
Grenada,2001,0
Grenada,2002,0
Grenada,2003,0
Grenada,2004,0
Grenada,2005,0
Grenada,2006,0
Grenada,2007,0
Grenada,2008,0
Grenada,2009,0
Grenada,2010,0
Grenada,2011,0
Grenada,2012,0
Grenada,2013,0
Grenada,2014,0
Grenada,2015,0
Grenada,2016,0
Grenada,2017,0
Grenada,2018,0
Grenada,2019,0
Grenada,2020,0
Guadeloupe,1980,0
Guadeloupe,1981,0
Guadeloupe,1982,0
Guadeloupe,1983,0
Guadeloupe,1984,0
Guadeloupe,1985,0
Guadeloupe,1986,0
Guadeloupe,1987,0
Guadeloupe,1988,0
Guadeloupe,1989,0
Guadeloupe,1990,0
Guadeloupe,1991,0
Guadeloupe,1992,0
Guadeloupe,1993,0
Guadeloupe,1994,0
Guadeloupe,1995,0
Guadeloupe,1996,0
Guadeloupe,1997,0
Guadeloupe,1998,0
Guadeloupe,1999,0
Guadeloupe,2000,0
Guadeloupe,2001,0
Guadeloupe,2002,0
Guadeloupe,2003,0
Guadeloupe,2004,0
Guadeloupe,2005,0
Guadeloupe,2006,0
Guadeloupe,2007,0
Guadeloupe,2008,0
Guadeloupe,2009,0
Guadeloupe,2010,0
Guadeloupe,2011,0
Guadeloupe,2012,0
Guadeloupe,2013,0
Guadeloupe,2014,0
Guadeloupe,2015,0
Guadeloupe,2016,0
Guadeloupe,2017,0
Guadeloupe,2018,0
Guadeloupe,2019,0
Guadeloupe,2020,0
Guam,1980,0
Guam,1981,0
Guam,1982,0
Guam,1983,0
Guam,1984,0
Guam,1985,0
Guam,1986,0
Guam,1987,0
Guam,1988,0
Guam,1989,0
Guam,1990,0
Guam,1991,0
Guam,1992,0
Guam,1993,0
Guam,1994,0
Guam,1995,0
Guam,1996,0
Guam,1997,0
Guam,1998,0
Guam,1999,0
Guam,2000,0
Guam,2001,0
Guam,2002,0
Guam,2003,0
Guam,2004,0
Guam,2005,0
Guam,2006,0
Guam,2007,0
Guam,2008,0
Guam,2009,0
Guam,2010,0
Guam,2011,0
Guam,2012,0
Guam,2013,0
Guam,2014,0
Guam,2015,0
Guam,2016,0
Guam,2017,0
Guam,2018,0
Guam,2019,0
Guam,2020,0
Guatemala,1980,290400
Guatemala,1981,290400
Guatemala,1982,348400
Guatemala,1983,406500
Guatemala,1984,290400
Guatemala,1985,174200
Guatemala,1986,290400
Guatemala,1987,232300
Guatemala,1988,174200
Guatemala,1989,232300
Guatemala,1990,232300
Guatemala,1991,255500
Guatemala,1992,278700
Guatemala,1993,407300
Guatemala,1994,481500
Guatemala,1995,553300
Guatemala,1996,745100
Guatemala,1997,929100
Guatemala,1998,1380000
Guatemala,1999,1336000
Guatemala,2000,1201000
Guatemala,2001,1224000
Guatemala,2002,1045000
Guatemala,2003,1277000
Guatemala,2004,1150000
Guatemala,2005,996100
Guatemala,2006,1170000
Guatemala,2007,918500
Guatemala,2008,901500
Guatemala,2009,784500
Guatemala,2010,694100
Guatemala,2011,635600
Guatemala,2012,615000
Guatemala,2013,579900
Guatemala,2014,583700
Guatemala,2015,572900
Guatemala,2016,567700
Guatemala,2017,560900
Guatemala,2018,554100
Guatemala,2019,512400
Guatemala,2020,450000
Guinea,1980,0
Guinea,1981,0
Guinea,1982,0
Guinea,1983,0
Guinea,1984,0
Guinea,1985,0
Guinea,1986,0
Guinea,1987,0
Guinea,1988,0
Guinea,1989,0
Guinea,1990,0
Guinea,1991,0
Guinea,1992,0
Guinea,1993,0
Guinea,1994,0
Guinea,1995,0
Guinea,1996,0
Guinea,1997,0
Guinea,1998,0
Guinea,1999,0
Guinea,2000,0
Guinea,2001,0
Guinea,2002,0
Guinea,2003,0
Guinea,2004,0
Guinea,2005,0
Guinea,2006,0
Guinea,2007,0
Guinea,2008,0
Guinea,2009,0
Guinea,2010,0
Guinea,2011,0
Guinea,2012,0
Guinea,2013,0
Guinea,2014,0
Guinea,2015,0
Guinea,2016,0
Guinea,2017,0
Guinea,2018,0
Guinea,2019,0
Guinea,2020,0
Guinea-Bissau,1980,0
Guinea-Bissau,1981,0
Guinea-Bissau,1982,0
Guinea-Bissau,1983,0
Guinea-Bissau,1984,0
Guinea-Bissau,1985,0
Guinea-Bissau,1986,0
Guinea-Bissau,1987,0
Guinea-Bissau,1988,0
Guinea-Bissau,1989,0
Guinea-Bissau,1990,0
Guinea-Bissau,1991,0
Guinea-Bissau,1992,0
Guinea-Bissau,1993,0
Guinea-Bissau,1994,0
Guinea-Bissau,1995,0
Guinea-Bissau,1996,0
Guinea-Bissau,1997,0
Guinea-Bissau,1998,0
Guinea-Bissau,1999,0
Guinea-Bissau,2000,0
Guinea-Bissau,2001,0
Guinea-Bissau,2002,0
Guinea-Bissau,2003,0
Guinea-Bissau,2004,0
Guinea-Bissau,2005,0
Guinea-Bissau,2006,0
Guinea-Bissau,2007,0
Guinea-Bissau,2008,0
Guinea-Bissau,2009,0
Guinea-Bissau,2010,0
Guinea-Bissau,2011,0
Guinea-Bissau,2012,0
Guinea-Bissau,2013,0
Guinea-Bissau,2014,0
Guinea-Bissau,2015,0
Guinea-Bissau,2016,0
Guinea-Bissau,2017,0
Guinea-Bissau,2018,0
Guinea-Bissau,2019,0
Guinea-Bissau,2020,0
Guyana,1980,0
Guyana,1981,0
Guyana,1982,0
Guyana,1983,0
Guyana,1984,0
Guyana,1985,0
Guyana,1986,0
Guyana,1987,0
Guyana,1988,0
Guyana,1989,0
Guyana,1990,0
Guyana,1991,0
Guyana,1992,0
Guyana,1993,0
Guyana,1994,0
Guyana,1995,0
Guyana,1996,0
Guyana,1997,0
Guyana,1998,0
Guyana,1999,0
Guyana,2000,0
Guyana,2001,0
Guyana,2002,0
Guyana,2003,0
Guyana,2004,0
Guyana,2005,0
Guyana,2006,0
Guyana,2007,0
Guyana,2008,0
Guyana,2009,0
Guyana,2010,0
Guyana,2011,0
Guyana,2012,0
Guyana,2013,0
Guyana,2014,0
Guyana,2015,0
Guyana,2016,0
Guyana,2017,0
Guyana,2018,0
Guyana,2019,67930
Guyana,2020,4315000
Haiti,1980,0
Haiti,1981,0
Haiti,1982,0
Haiti,1983,0
Haiti,1984,0
Haiti,1985,0
Haiti,1986,0
Haiti,1987,0
Haiti,1988,0
Haiti,1989,0
Haiti,1990,0
Haiti,1991,0
Haiti,1992,0
Haiti,1993,0
Haiti,1994,0
Haiti,1995,0
Haiti,1996,0
Haiti,1997,0
Haiti,1998,0
Haiti,1999,0
Haiti,2000,0
Haiti,2001,0
Haiti,2002,0
Haiti,2003,0
Haiti,2004,0
Haiti,2005,0
Haiti,2006,0
Haiti,2007,0
Haiti,2008,0
Haiti,2009,0
Haiti,2010,0
Haiti,2011,0
Haiti,2012,0
Haiti,2013,0
Haiti,2014,0
Haiti,2015,0
Haiti,2016,0
Haiti,2017,0
Haiti,2018,0
Haiti,2019,0
Haiti,2020,0
Hawaiian Trade Zone,1980,0
Hawaiian Trade Zone,1981,0
Hawaiian Trade Zone,1982,0
Hawaiian Trade Zone,1983,0
Hawaiian Trade Zone,1984,0
Hawaiian Trade Zone,1985,0
Hawaiian Trade Zone,1986,0
Honduras,1980,0
Honduras,1981,0
Honduras,1982,0
Honduras,1983,0
Honduras,1984,0
Honduras,1985,0
Honduras,1986,0
Honduras,1987,0
Honduras,1988,0
Honduras,1989,0
Honduras,1990,0
Honduras,1991,0
Honduras,1992,0
Honduras,1993,0
Honduras,1994,0
Honduras,1995,0
Honduras,1996,0
Honduras,1997,0
Honduras,1998,0
Honduras,1999,0
Honduras,2000,0
Honduras,2001,0
Honduras,2002,0
Honduras,2003,0
Honduras,2004,0
Honduras,2005,0
Honduras,2006,0
Honduras,2007,0
Honduras,2008,0
Honduras,2009,0
Honduras,2010,0
Honduras,2011,0
Honduras,2012,0
Honduras,2013,0
Honduras,2014,0
Honduras,2015,0
Honduras,2016,0
Honduras,2017,0
Honduras,2018,0
Honduras,2019,0
Honduras,2020,0
Hong Kong,1980,0
Hong Kong,1981,0
Hong Kong,1982,0
Hong Kong,1983,0
Hong Kong,1984,0
Hong Kong,1985,0
Hong Kong,1986,0
Hong Kong,1987,0
Hong Kong,1988,0
Hong Kong,1989,0
Hong Kong,1990,0
Hong Kong,1991,0
Hong Kong,1992,0
Hong Kong,1993,0
Hong Kong,1994,0
Hong Kong,1995,0
Hong Kong,1996,0
Hong Kong,1997,0
Hong Kong,1998,0
Hong Kong,1999,0
Hong Kong,2000,0
Hong Kong,2001,0
Hong Kong,2002,0
Hong Kong,2003,0
Hong Kong,2004,0
Hong Kong,2005,0
Hong Kong,2006,0
Hong Kong,2007,0
Hong Kong,2008,0
Hong Kong,2009,0
Hong Kong,2010,0
Hong Kong,2011,0
Hong Kong,2012,0
Hong Kong,2013,0
Hong Kong,2014,0
Hong Kong,2015,0
Hong Kong,2016,0
Hong Kong,2017,0
Hong Kong,2018,0
Hong Kong,2019,0
Hong Kong,2020,0
Hungary,1980,2207000
Hungary,1981,2207000
Hungary,1982,2381000
Hungary,1983,2323000
Hungary,1984,2323000
Hungary,1985,2149000
Hungary,1986,2149000
Hungary,1987,2032000
Hungary,1988,2265000
Hungary,1989,2091000
Hungary,1990,2323000
Hungary,1991,1974000
Hungary,1992,1916000
Hungary,1993,1979000
Hungary,1994,2226000
Hungary,1995,2032000
Hungary,1996,1877000
Hungary,1997,2056000
Hungary,1998,1510000
Hungary,1999,1422000
Hungary,2000,1568000
Hungary,2001,1579000
Hungary,2002,1398000
Hungary,2003,1452000
Hungary,2004,1375000
Hungary,2005,1113000
Hungary,2006,1035000
Hungary,2007,947900
Hungary,2008,924500
Hungary,2009,924200
Hungary,2010,836700
Hungary,2011,754400
Hungary,2012,749800
Hungary,2013,696800
Hungary,2014,667600
Hungary,2015,696800
Hungary,2016,803300
Hungary,2017,822200
Hungary,2018,925800
Hungary,2019,1026000
Hungary,2020,951300
Iceland,1980,0
Iceland,1981,0
Iceland,1982,0
Iceland,1983,0
Iceland,1984,0
Iceland,1985,0
Iceland,1986,0
Iceland,1987,0
Iceland,1988,0
Iceland,1989,0
Iceland,1990,0
Iceland,1991,0
Iceland,1992,0
Iceland,1993,0
Iceland,1994,0
Iceland,1995,0
Iceland,1996,0
Iceland,1997,0
Iceland,1998,0
Iceland,1999,0
Iceland,2000,0
Iceland,2001,0
Iceland,2002,0
Iceland,2003,0
Iceland,2004,0
Iceland,2005,0
Iceland,2006,0
Iceland,2007,0
Iceland,2008,0
Iceland,2009,0
Iceland,2010,0
Iceland,2011,0
Iceland,2012,0
Iceland,2013,0
Iceland,2014,0
Iceland,2015,0
Iceland,2016,0
Iceland,2017,0
Iceland,2018,0
Iceland,2019,0
Iceland,2020,0
India,1980,10570000
India,1981,18870000
India,1982,22650000
India,1983,27870000
India,1984,30140000
India,1985,36000000
India,1986,36580000
India,1987,35360000
India,1988,36870000
India,1989,40650000
India,1990,38330000
India,1991,35710000
India,1992,32580000
India,1993,31000000
India,1994,34240000
India,1995,40850000
India,1996,37800000
India,1997,39180000
India,1998,38410000
India,1999,37900000
India,2000,37530000
India,2001,37300000
India,2002,38600000
India,2003,38330000
India,2004,39670000
India,2005,38600000
India,2006,40140000
India,2007,40510000
India,2008,40280000
India,2009,39510000
India,2010,43630000
India,2011,45430000
India,2012,45250000
India,2013,44830000
India,2014,44570000
India,2015,44190000
India,2016,42650000
India,2017,42620000
India,2018,41190000
India,2019,38760000
India,2020,36430000
Indonesia,1980,91580000
Indonesia,1981,93200000
Indonesia,1982,77760000
Indonesia,1983,77990000
Indonesia,1984,81990000
Indonesia,1985,76940000
Indonesia,1986,80720000
Indonesia,1987,77990000
Indonesia,1988,77930000
Indonesia,1989,81820000
Indonesia,1990,84900000
Indonesia,1991,92450000
Indonesia,1992,87340000
Indonesia,1993,87770000
Indonesia,1994,87700000
Indonesia,1995,87260000
Indonesia,1996,89860000
Indonesia,1997,88260000
Indonesia,1998,88170000
Indonesia,1999,85480000
Indonesia,2000,82950000
Indonesia,2001,77810000
Indonesia,2002,72530000
Indonesia,2003,67090000
Indonesia,2004,63620000
Indonesia,2005,61490000
Indonesia,2006,58410000
Indonesia,2007,55390000
Indonesia,2008,56720000
Indonesia,2009,55100000
Indonesia,2010,54870000
Indonesia,2011,52380000
Indonesia,2012,49930000
Indonesia,2013,48100000
Indonesia,2014,45820000
Indonesia,2015,45630000
Indonesia,2016,48290000
Indonesia,2017,46560000
Indonesia,2018,44710000
Indonesia,2019,43100000
Indonesia,2020,41130000
Iran,1973,340400000
Iran,1974,349700000
Iran,1975,310700000
Iran,1976,341600000
Iran,1977,328800000
Iran,1978,304400000
Iran,1979,184000000
Iran,1980,96510000
Iran,1981,80130000
Iran,1982,128600000
Iran,1983,141700000
Iran,1984,126300000
Iran,1985,130700000
Iran,1986,118200000
Iran,1987,133400000
Iran,1988,130100000
Iran,1989,163200000
Iran,1990,179300000
Iran,1991,192300000
Iran,1992,199100000
Iran,1993,205600000
Iran,1994,210100000
Iran,1995,211600000
Iran,1996,214000000
Iran,1997,212800000
Iran,1998,211000000
Iran,1999,206600000
Iran,2000,214600000
Iran,2001,216200000
Iran,2002,200000000
Iran,2003,217300000
Iran,2004,232400000
Iran,2005,240300000
Iran,2006,233900000
Iran,2007,227200000
Iran,2008,235200000
Iran,2009,234400000
Iran,2010,236900000
Iran,2011,235400000
Iran,2012,196700000
Iran,2013,180800000
Iran,2014,188100000
Iran,2015,191200000
Iran,2016,241100000
Iran,2017,258600000
Iran,2018,244600000
Iran,2019,170300000
Iran,2020,153500000
Iraq,1973,117200000
Iraq,1974,114500000
Iraq,1975,131400000
Iraq,1976,140200000
Iraq,1977,136300000
Iraq,1978,148800000
Iraq,1979,201900000
Iraq,1980,146000000
Iraq,1981,58060000
Iraq,1982,58770000
Iraq,1983,58360000
Iraq,1984,70210000
Iraq,1985,83220000
Iraq,1986,98140000
Iraq,1987,120700000
Iraq,1988,155900000
Iraq,1989,168200000
Iraq,1990,118500000
Iraq,1991,17710000
Iraq,1992,24680000
Iraq,1993,29710000
Iraq,1994,32090000
Iraq,1995,32520000
Iraq,1996,33600000
Iraq,1997,67070000
Iraq,1998,124900000
Iraq,1999,145600000
Iraq,2000,149300000
Iraq,2001,138800000
Iraq,2002,117500000
Iraq,2003,75970000
Iraq,2004,116800000
Iraq,2005,109000000
Iraq,2006,115900000
Iraq,2007,121200000
Iraq,2008,137900000
Iraq,2009,138800000
Iraq,2010,139300000
Iraq,2011,152500000
Iraq,2012,173200000
Iraq,2013,177400000
Iraq,2014,195700000
Iraq,2015,235500000
Iraq,2016,258500000
Iraq,2017,259300000
Iraq,2018,268400000
Iraq,2019,275300000
Iraq,2020,238200000
Ireland,1980,0
Ireland,1981,0
Ireland,1982,0
Ireland,1983,0
Ireland,1984,0
Ireland,1985,0
Ireland,1986,0
Ireland,1987,0
Ireland,1988,0
Ireland,1989,0
Ireland,1990,0
Ireland,1991,0
Ireland,1992,0
Ireland,1993,0
Ireland,1994,0
Ireland,1995,0
Ireland,1996,0
Ireland,1997,0
Ireland,1998,0
Ireland,1999,0
Ireland,2000,0
Ireland,2001,0
Ireland,2002,0
Ireland,2003,0
Ireland,2004,0
Ireland,2005,0
Ireland,2006,0
Ireland,2007,0
Ireland,2008,0
Ireland,2009,0
Ireland,2010,0
Ireland,2011,0
Ireland,2012,0
Ireland,2013,0
Ireland,2014,0
Ireland,2015,0
Ireland,2016,0
Ireland,2017,0
Ireland,2018,0
Ireland,2019,0
Ireland,2020,0
Israel,1980,2032000
Israel,1981,2091000
Israel,1982,58070
Israel,1983,58070
Israel,1984,58070
Israel,1985,58070
Israel,1986,58070
Israel,1987,17420
Israel,1988,23230
Israel,1989,17420
Israel,1990,11610
Israel,1991,11610
Israel,1992,11610
Israel,1993,8710
Israel,1994,5807
Israel,1995,5807
Israel,1996,11610
Israel,1997,17420
Israel,1998,11610
Israel,1999,11610
Israel,2000,4646
Israel,2001,4646
Israel,2002,5807
Israel,2003,3484
Israel,2004,4355
Israel,2005,5807
Israel,2006,5807
Israel,2007,5807
Israel,2008,5807
Israel,2009,5807
Israel,2010,5807
Israel,2011,22650
Israel,2012,22650
Israel,2013,22650
Israel,2014,22650
Israel,2015,22650
Israel,2016,22650
Israel,2017,0
Israel,2018,0
Israel,2019,0
Israel,2020,0
Italy,1980,2207000
Italy,1981,2149000
Italy,1982,2032000
Italy,1983,2613000
Italy,1984,2613000
Italy,1985,2613000
Italy,1986,2845000
Italy,1987,3891000
Italy,1988,5226000
Italy,1989,4762000
Italy,1990,5052000
Italy,1991,4646000
Italy,1992,4820000
Italy,1993,4793000
Italy,1994,5008000
Italy,1995,5417000
Italy,1996,5871000
Italy,1997,6480000
Italy,1998,6211000
Italy,1999,4772000
Italy,2000,5226000
Italy,2001,4556000
Italy,2002,4957000
Italy,2003,5566000
Italy,2004,6049000
Italy,2005,6655000
Italy,2006,6408000
Italy,2007,6268000
Italy,2008,5775000
Italy,2009,4807000
Italy,2010,5575000
Italy,2011,5759000
Italy,2012,5863000
Italy,2013,5910000
Italy,2014,6172000
Italy,2015,5819000
Italy,2016,4104000
Italy,2017,4501000
Italy,2018,5197000
Italy,2019,4510000
Italy,2020,5843000
Jamaica,1980,0
Jamaica,1981,0
Jamaica,1982,0
Jamaica,1983,0
Jamaica,1984,0
Jamaica,1985,0
Jamaica,1986,0
Jamaica,1987,0
Jamaica,1988,0
Jamaica,1989,0
Jamaica,1990,0
Jamaica,1991,0
Jamaica,1992,0
Jamaica,1993,0
Jamaica,1994,0
Jamaica,1995,0
Jamaica,1996,0
Jamaica,1997,0
Jamaica,1998,0
Jamaica,1999,0
Jamaica,2000,0
Jamaica,2001,0
Jamaica,2002,0
Jamaica,2003,0
Jamaica,2004,0
Jamaica,2005,0
Jamaica,2006,0
Jamaica,2007,0
Jamaica,2008,0
Jamaica,2009,0
Jamaica,2010,0
Jamaica,2011,0
Jamaica,2012,0
Jamaica,2013,0
Jamaica,2014,0
Jamaica,2015,0
Jamaica,2016,0
Jamaica,2017,0
Jamaica,2018,0
Jamaica,2019,0
Jamaica,2020,0
Japan,1980,580700
Japan,1981,406500
Japan,1982,522600
Japan,1983,522600
Japan,1984,464600
Japan,1985,638800
Japan,1986,754900
Japan,1987,696800
Japan,1988,696800
Japan,1989,638800
Japan,1990,638800
Japan,1991,871000
Japan,1992,987200
Japan,1993,914000
Japan,1994,633700
Japan,1995,638800
Japan,1996,672900
Japan,1997,570500
Japan,1998,522600
Japan,1999,459800
Japan,2000,406500
Japan,2001,367800
Japan,2002,309600
Japan,2003,290400
Japan,2004,348400
Japan,2005,382100
Japan,2006,348400
Japan,2007,329000
Japan,2008,348400
Japan,2009,309400
Japan,2010,290000
Japan,2011,290400
Japan,2012,290400
Japan,2013,270900
Japan,2014,275900
Japan,2015,246600
Japan,2016,227500
Japan,2017,212700
Japan,2018,195700
Japan,2019,239200
Japan,2020,252300
Jordan,1980,0
Jordan,1981,0
Jordan,1982,0
Jordan,1983,0
Jordan,1984,0
Jordan,1985,0
Jordan,1986,58070
Jordan,1987,29040
Jordan,1988,29040
Jordan,1989,11610
Jordan,1990,17420
Jordan,1991,17420
Jordan,1993,1800
Jordan,2000,2323
Jordan,2001,2323
Jordan,2002,1161
Jordan,2003,1161
Jordan,2004,1161
Jordan,2005,1161
Jordan,2006,1161
Jordan,2007,1161
Jordan,2008,1161
Jordan,2009,1161
Jordan,2010,1161
Jordan,2011,1045
Jordan,2012,1278
Jordan,2013,1278
Jordan,2014,1278
Jordan,2015,1278
Jordan,2016,1278
Jordan,2017,1278
Jordan,2018,1278
Jordan,2019,1278
Jordan,2020,1161
Kazakhstan,1992,25780000
Kazakhstan,1993,23690000
Kazakhstan,1994,24090000
Kazakhstan,1995,24040000
Kazakhstan,1996,26520000
Kazakhstan,1997,30250000
Kazakhstan,1998,30550000
Kazakhstan,1999,35060000
Kazakhstan,2000,41690000
Kazakhstan,2001,47320000
Kazakhstan,2002,54540000
Kazakhstan,2003,59620000
Kazakhstan,2004,69870000
Kazakhstan,2005,74810000
Kazakhstan,2006,76270000
Kazakhstan,2007,79000000
Kazakhstan,2008,78130000
Kazakhstan,2009,84500000
Kazakhstan,2010,88570000
Kazakhstan,2011,90180000
Kazakhstan,2012,87950000
Kazakhstan,2013,91340000
Kazakhstan,2014,94770000
Kazakhstan,2015,95990000
Kazakhstan,2016,92630000
Kazakhstan,2017,103200000
Kazakhstan,2018,107800000
Kazakhstan,2019,108200000
Kazakhstan,2020,102000000
Kenya,1980,0
Kenya,1981,0
Kenya,1982,0
Kenya,1983,0
Kenya,1984,0
Kenya,1985,0
Kenya,1986,0
Kenya,1987,0
Kenya,1988,0
Kenya,1989,0
Kenya,1990,0
Kenya,1991,0
Kenya,1992,0
Kenya,1993,0
Kenya,1994,0
Kenya,1995,0
Kenya,1996,0
Kenya,1997,0
Kenya,1998,0
Kenya,1999,0
Kenya,2000,0
Kenya,2001,0
Kenya,2002,0
Kenya,2003,0
Kenya,2004,0
Kenya,2005,0
Kenya,2006,0
Kenya,2007,0
Kenya,2008,0
Kenya,2009,0
Kenya,2010,0
Kenya,2011,0
Kenya,2012,0
Kenya,2013,0
Kenya,2014,0
Kenya,2015,0
Kenya,2016,0
Kenya,2017,0
Kenya,2018,0
Kenya,2019,0
Kenya,2020,0
Kiribati,1980,0
Kiribati,1981,0
Kiribati,1982,0
Kiribati,1983,0
Kiribati,1984,0
Kiribati,1985,0
Kiribati,1986,0
Kiribati,1987,0
Kiribati,1988,0
Kiribati,1989,0
Kiribati,1990,0
Kiribati,1991,0
Kiribati,1992,0
Kiribati,1993,0
Kiribati,1994,0
Kiribati,1995,0
Kiribati,1996,0
Kiribati,1997,0
Kiribati,1998,0
Kiribati,1999,0
Kiribati,2000,0
Kiribati,2001,0
Kiribati,2002,0
Kiribati,2003,0
Kiribati,2004,0
Kiribati,2005,0
Kiribati,2006,0
Kiribati,2007,0
Kiribati,2008,0
Kiribati,2009,0
Kiribati,2010,0
Kiribati,2011,0
Kiribati,2012,0
Kiribati,2013,0
Kiribati,2014,0
Kiribati,2015,0
Kiribati,2016,0
Kiribati,2017,0
Kiribati,2018,0
Kiribati,2019,0
Kiribati,2020,0
Kuwait,1973,175400000
Kuwait,1974,147900000
Kuwait,1975,121000000
Kuwait,1976,124600000
Kuwait,1977,114300000
Kuwait,1978,123700000
Kuwait,1979,145200000
Kuwait,1980,96170000
Kuwait,1981,65340000
Kuwait,1982,47790000
Kuwait,1983,61790000
Kuwait,1984,67170000
Kuwait,1985,59380000
Kuwait,1986,82400000
Kuwait,1987,92040000
Kuwait,1988,86620000
Kuwait,1989,103500000
Kuwait,1990,68230000
Kuwait,1991,11030000
Kuwait,1992,61460000
Kuwait,1993,107600000
Kuwait,1994,117600000
Kuwait,1995,119500000
Kuwait,1996,119700000
Kuwait,1997,116600000
Kuwait,1998,121100000
Kuwait,1999,110200000
Kuwait,2000,120700000
Kuwait,2001,116000000
Kuwait,2002,110000000
Kuwait,2003,124000000
Kuwait,2004,138000000
Kuwait,2005,146900000
Kuwait,2006,147200000
Kuwait,2007,143100000
Kuwait,2008,150200000
Kuwait,2009,136500000
Kuwait,2010,133600000
Kuwait,2011,146900000
Kuwait,2012,153000000
Kuwait,2013,156800000
Kuwait,2014,156300000
Kuwait,2015,166000000
Kuwait,2016,173000000
Kuwait,2017,164100000
Kuwait,2018,166200000
Kuwait,2019,163800000
Kuwait,2020,147800000
Kyrgyzstan,1992,121900
Kyrgyzstan,1993,110300
Kyrgyzstan,1994,88040
Kyrgyzstan,1995,110300
Kyrgyzstan,1996,110300
Kyrgyzstan,1997,98720
Kyrgyzstan,1998,92910
Kyrgyzstan,1999,87600
Kyrgyzstan,2000,116100
Kyrgyzstan,2001,116100
Kyrgyzstan,2002,88270
Kyrgyzstan,2003,80140
Kyrgyzstan,2004,81300
Kyrgyzstan,2005,116100
Kyrgyzstan,2006,116100
Kyrgyzstan,2007,58070
Kyrgyzstan,2008,58070
Kyrgyzstan,2009,58070
Kyrgyzstan,2010,58070
Kyrgyzstan,2011,58070
Kyrgyzstan,2012,58070
Kyrgyzstan,2013,58070
Kyrgyzstan,2014,58070
Kyrgyzstan,2015,58070
Kyrgyzstan,2016,58070
Kyrgyzstan,2017,57770
Kyrgyzstan,2018,52260
Kyrgyzstan,2019,47390
Kyrgyzstan,2020,43980
Laos,1980,0
Laos,1981,0
Laos,1982,0
Laos,1983,0
Laos,1984,0
Laos,1985,0
Laos,1986,0
Laos,1987,0
Laos,1988,0
Laos,1989,0
Laos,1990,0
Laos,1991,0
Laos,1992,0
Laos,1993,0
Laos,1994,0
Laos,1995,0
Laos,1996,0
Laos,1997,0
Laos,1998,0
Laos,1999,0
Laos,2000,0
Laos,2001,0
Laos,2002,0
Laos,2003,0
Laos,2004,0
Laos,2005,0
Laos,2006,0
Laos,2007,0
Laos,2008,0
Laos,2009,0
Laos,2010,0
Laos,2011,0
Laos,2012,0
Laos,2013,0
Laos,2014,0
Laos,2015,0
Laos,2016,0
Laos,2017,0
Laos,2018,0
Laos,2019,0
Laos,2020,0
Latvia,1992,0
Latvia,1993,0
Latvia,1994,0
Latvia,1995,0
Latvia,1996,0
Latvia,1997,0
Latvia,1998,0
Latvia,1999,0
Latvia,2000,0
Latvia,2001,0
Latvia,2002,0
Latvia,2003,0
Latvia,2004,0
Latvia,2005,0
Latvia,2006,0
Latvia,2007,0
Latvia,2008,0
Latvia,2009,0
Latvia,2010,0
Latvia,2011,0
Latvia,2012,0
Latvia,2013,0
Latvia,2014,0
Latvia,2015,0
Latvia,2016,0
Latvia,2017,0
Latvia,2018,0
Latvia,2019,0
Latvia,2020,0
Lebanon,1980,0
Lebanon,1981,0
Lebanon,1982,0
Lebanon,1983,0
Lebanon,1984,0
Lebanon,1985,0
Lebanon,1986,0
Lebanon,1987,0
Lebanon,1988,0
Lebanon,1989,0
Lebanon,1990,0
Lebanon,1991,0
Lebanon,1992,0
Lebanon,1993,0
Lebanon,1994,0
Lebanon,1995,0
Lebanon,1996,0
Lebanon,1997,0
Lebanon,1998,0
Lebanon,1999,0
Lebanon,2000,0
Lebanon,2001,0
Lebanon,2002,0
Lebanon,2003,0
Lebanon,2004,0
Lebanon,2005,0
Lebanon,2006,0
Lebanon,2007,0
Lebanon,2008,0
Lebanon,2009,0
Lebanon,2010,0
Lebanon,2011,0
Lebanon,2012,0
Lebanon,2013,0
Lebanon,2014,0
Lebanon,2015,0
Lebanon,2016,0
Lebanon,2017,0
Lebanon,2018,0
Lebanon,2019,0
Lebanon,2020,0
Lesotho,1980,0
Lesotho,1981,0
Lesotho,1982,0
Lesotho,1983,0
Lesotho,1984,0
Lesotho,1985,0
Lesotho,1986,0
Lesotho,1987,0
Lesotho,1988,0
Lesotho,1989,0
Lesotho,1990,0
Lesotho,1991,0
Lesotho,1992,0
Lesotho,1993,0
Lesotho,1994,0
Lesotho,1995,0
Lesotho,1996,0
Lesotho,1997,0
Lesotho,1998,0
Lesotho,1999,0
Lesotho,2000,0
Lesotho,2001,0
Lesotho,2002,0
Lesotho,2003,0
Lesotho,2004,0
Lesotho,2005,0
Lesotho,2006,0
Lesotho,2007,0
Lesotho,2008,0
Lesotho,2009,0
Lesotho,2010,0
Lesotho,2011,0
Lesotho,2012,0
Lesotho,2013,0
Lesotho,2014,0
Lesotho,2015,0
Lesotho,2016,0
Lesotho,2017,0
Lesotho,2018,0
Lesotho,2019,0
Lesotho,2020,0
Liberia,1980,0
Liberia,1981,0
Liberia,1982,0
Liberia,1983,0
Liberia,1984,0
Liberia,1985,0
Liberia,1986,0
Liberia,1987,0
Liberia,1988,0
Liberia,1989,0
Liberia,1990,0
Liberia,1991,0
Liberia,1992,0
Liberia,1993,0
Liberia,1994,0
Liberia,1995,0
Liberia,1996,0
Liberia,1997,0
Liberia,1998,0
Liberia,1999,0
Liberia,2000,0
Liberia,2001,0
Liberia,2002,0
Liberia,2003,0
Liberia,2004,0
Liberia,2005,0
Liberia,2006,0
Liberia,2007,0
Liberia,2008,0
Liberia,2009,0
Liberia,2010,0
Liberia,2011,0
Liberia,2012,0
Liberia,2013,0
Liberia,2014,0
Liberia,2015,0
Liberia,2016,0
Liberia,2017,0
Liberia,2018,0
Liberia,2019,0
Liberia,2020,0
Libya,1973,126300000
Libya,1974,88320000
Libya,1975,85940000
Libya,1976,112300000
Libya,1977,119800000
Libya,1978,115200000
Libya,1979,121500000
Libya,1980,103800000
Libya,1981,66210000
Libya,1982,66780000
Libya,1983,64190000
Libya,1984,63130000
Libya,1985,61480000
Libya,1986,60030000
Libya,1987,56440000
Libya,1988,68220000
Libya,1989,66780000
Libya,1990,79850000
Libya,1991,86130000
Libya,1992,83210000
Libya,1993,79030000
Libya,1994,80000000
Libya,1995,80720000
Libya,1996,81350000
Libya,1997,83960000
Libya,1998,80730000
Libya,1999,76590000
Libya,2000,81880000
Libya,2001,79360000
Libya,2002,76570000
Libya,2003,82490000
Libya,2004,87990000
Libya,2005,95880000
Libya,2006,100800000
Libya,2007,103800000
Libya,2008,104700000
Libya,2009,99010000
Libya,2010,99300000
Libya,2011,28190000
Libya,2012,83140000
Libya,2013,56810000
Libya,2014,30770000
Libya,2015,26940000
Libya,2016,25820000
Libya,2017,51040000
Libya,2018,59640000
Libya,2019,67860000
Libya,2020,23700000
Lithuania,1992,0
Lithuania,1993,92910
Lithuania,1994,168400
Lithuania,1995,185800
Lithuania,1996,174700
Lithuania,1997,222700
Lithuania,1998,317900
Lithuania,1999,270100
Lithuania,2000,347500
Lithuania,2001,554900
Lithuania,2002,513300
Lithuania,2003,450500
Lithuania,2004,354700
Lithuania,2005,254700
Lithuania,2006,213300
Lithuania,2007,179300
Lithuania,2008,174200
Lithuania,2009,116100
Lithuania,2010,116100
Lithuania,2011,116100
Lithuania,2012,116100
Lithuania,2013,116100
Lithuania,2014,116100
Lithuania,2015,116100
Lithuania,2016,116100
Lithuania,2017,116100
Lithuania,2018,58070
Lithuania,2019,40650
Lithuania,2020,40650
Luxembourg,1980,0
Luxembourg,1981,0
Luxembourg,1982,0
Luxembourg,1983,0
Luxembourg,1984,0
Luxembourg,1985,0
Luxembourg,1986,0
Luxembourg,1987,0
Luxembourg,1988,0
Luxembourg,1989,0
Luxembourg,1990,0
Luxembourg,1991,0
Luxembourg,1992,0
Luxembourg,1993,0
Luxembourg,1994,0
Luxembourg,1995,0
Luxembourg,1996,0
Luxembourg,1997,0
Luxembourg,1998,0
Luxembourg,1999,0
Luxembourg,2000,0
Luxembourg,2001,0
Luxembourg,2002,0
Luxembourg,2003,0
Luxembourg,2004,0
Luxembourg,2005,0
Luxembourg,2006,0
Luxembourg,2007,0
Luxembourg,2008,0
Luxembourg,2009,0
Luxembourg,2010,0
Luxembourg,2011,0
Luxembourg,2012,0
Luxembourg,2013,0
Luxembourg,2014,0
Luxembourg,2015,0
Luxembourg,2016,0
Luxembourg,2017,0
Luxembourg,2018,0
Luxembourg,2019,0
Luxembourg,2020,0
Macao,1980,0
Macao,1981,0
Macao,1982,0
Macao,1983,0
Macao,1984,0
Macao,1985,0
Macao,1986,0
Macao,1987,0
Macao,1988,0
Macao,1989,0
Macao,1990,0
Macao,1991,0
Macao,1992,0
Macao,1993,0
Macao,1994,0
Macao,1995,0
Macao,1996,0
Macao,1997,0
Macao,1998,0
Macao,1999,0
Macao,2000,0
Macao,2001,0
Macao,2002,0
Macao,2003,0
Macao,2004,0
Macao,2005,0
Macao,2006,0
Macao,2007,0
Macao,2008,0
Macao,2009,0
Macao,2010,0
Macao,2011,0
Macao,2012,0
Macao,2013,0
Macao,2014,0
Macao,2015,0
Macao,2016,0
Macao,2017,0
Macao,2018,0
Macao,2019,0
Macao,2020,0
Madagascar,1980,0
Madagascar,1981,0
Madagascar,1982,0
Madagascar,1983,0
Madagascar,1984,0
Madagascar,1985,0
Madagascar,1986,0
Madagascar,1987,0
Madagascar,1988,0
Madagascar,1989,0
Madagascar,1990,0
Madagascar,1991,0
Madagascar,1992,0
Madagascar,1993,0
Madagascar,1994,0
Madagascar,1995,0
Madagascar,1996,0
Madagascar,1997,0
Madagascar,1998,0
Madagascar,1999,0
Madagascar,2000,0
Madagascar,2001,0
Madagascar,2002,0
Madagascar,2003,0
Madagascar,2004,0
Madagascar,2005,0
Madagascar,2006,0
Madagascar,2007,0
Madagascar,2008,0
Madagascar,2009,0
Madagascar,2010,0
Madagascar,2011,0
Madagascar,2012,0
Madagascar,2013,0
Madagascar,2014,0
Madagascar,2015,0
Madagascar,2016,0
Madagascar,2017,0
Madagascar,2018,0
Madagascar,2019,0
Madagascar,2020,0
Malawi,1980,0
Malawi,1981,0
Malawi,1982,0
Malawi,1983,0
Malawi,1984,0
Malawi,1985,0
Malawi,1986,0
Malawi,1987,0
Malawi,1988,0
Malawi,1989,0
Malawi,1990,0
Malawi,1991,0
Malawi,1992,0
Malawi,1993,0
Malawi,1994,0
Malawi,1995,0
Malawi,1996,0
Malawi,1997,0
Malawi,1998,0
Malawi,1999,0
Malawi,2000,0
Malawi,2001,0
Malawi,2002,0
Malawi,2003,0
Malawi,2004,0
Malawi,2005,0
Malawi,2006,0
Malawi,2007,0
Malawi,2008,0
Malawi,2009,0
Malawi,2010,0
Malawi,2011,0
Malawi,2012,0
Malawi,2013,0
Malawi,2014,0
Malawi,2015,0
Malawi,2016,0
Malawi,2017,0
Malawi,2018,0
Malawi,2019,0
Malawi,2020,0
Malaysia,1980,16430000
Malaysia,1981,15330000
Malaysia,1982,17770000
Malaysia,1983,21200000
Malaysia,1984,25550000
Malaysia,1985,25550000
Malaysia,1986,29270000
Malaysia,1987,28860000
Malaysia,1988,31360000
Malaysia,1989,33970000
Malaysia,1990,35950000
Malaysia,1991,37510000
Malaysia,1992,37920000
Malaysia,1993,37160000
Malaysia,1994,37450000
Malaysia,1995,39630000
Malaysia,1996,40360000
Malaysia,1997,40640000
Malaysia,1998,41820000
Malaysia,1999,40240000
Malaysia,2000,40070000
Malaysia,2001,38280000
Malaysia,2002,40560000
Malaysia,2003,42850000
Malaysia,2004,44340000
Malaysia,2005,42180000
Malaysia,2006,40170000
Malaysia,2007,39630000
Malaysia,2008,39950000
Malaysia,2009,38250000
Malaysia,2010,37060000
Malaysia,2011,33100000
Malaysia,2012,34000000
Malaysia,2013,33440000
Malaysia,2014,35010000
Malaysia,2015,37990000
Malaysia,2016,38730000
Malaysia,2017,38320000
Malaysia,2018,37900000
Malaysia,2019,35410000
Malaysia,2020,32270000
Maldives,1980,0
Maldives,1981,0
Maldives,1982,0
Maldives,1983,0
Maldives,1984,0
Maldives,1985,0
Maldives,1986,0
Maldives,1987,0
Maldives,1988,0
Maldives,1989,0
Maldives,1990,0
Maldives,1991,0
Maldives,1992,0
Maldives,1993,0
Maldives,1994,0
Maldives,1995,0
Maldives,1996,0
Maldives,1997,0
Maldives,1998,0
Maldives,1999,0
Maldives,2000,0
Maldives,2001,0
Maldives,2002,0
Maldives,2003,0
Maldives,2004,0
Maldives,2005,0
Maldives,2006,0
Maldives,2007,0
Maldives,2008,0
Maldives,2009,0
Maldives,2010,0
Maldives,2011,0
Maldives,2012,0
Maldives,2013,0
Maldives,2014,0
Maldives,2015,0
Maldives,2016,0
Maldives,2017,0
Maldives,2018,0
Maldives,2019,0
Maldives,2020,0
Mali,1980,0
Mali,1981,0
Mali,1982,0
Mali,1983,0
Mali,1984,0
Mali,1985,0
Mali,1986,0
Mali,1987,0
Mali,1988,0
Mali,1989,0
Mali,1990,0
Mali,1991,0
Mali,1992,0
Mali,1993,0
Mali,1994,0
Mali,1995,0
Mali,1996,0
Mali,1997,0
Mali,1998,0
Mali,1999,0
Mali,2000,0
Mali,2001,0
Mali,2002,0
Mali,2003,0
Mali,2004,0
Mali,2005,0
Mali,2006,0
Mali,2007,0
Mali,2008,0
Mali,2009,0
Mali,2010,0
Mali,2011,0
Mali,2012,0
Mali,2013,0
Mali,2014,0
Mali,2015,0
Mali,2016,0
Mali,2017,0
Mali,2018,0
Mali,2019,0
Mali,2020,0
Malta,1980,0
Malta,1981,0
Malta,1982,0
Malta,1983,0
Malta,1984,0
Malta,1985,0
Malta,1986,0
Malta,1987,0
Malta,1988,0
Malta,1989,0
Malta,1990,0
Malta,1991,0
Malta,1992,0
Malta,1993,0
Malta,1994,0
Malta,1995,0
Malta,1996,0
Malta,1997,0
Malta,1998,0
Malta,1999,0
Malta,2000,0
Malta,2001,0
Malta,2002,0
Malta,2003,0
Malta,2004,0
Malta,2005,0
Malta,2006,0
Malta,2007,0
Malta,2008,0
Malta,2009,0
Malta,2010,0
Malta,2011,0
Malta,2012,0
Malta,2013,0
Malta,2014,0
Malta,2015,0
Malta,2016,0
Malta,2017,0
Malta,2018,0
Malta,2019,0
Malta,2020,0
Martinique,1980,0
Martinique,1981,0
Martinique,1982,0
Martinique,1983,0
Martinique,1984,0
Martinique,1985,0
Martinique,1986,0
Martinique,1987,0
Martinique,1988,0
Martinique,1989,0
Martinique,1990,0
Martinique,1991,0
Martinique,1992,0
Martinique,1993,0
Martinique,1994,0
Martinique,1995,0
Martinique,1996,0
Martinique,1997,0
Martinique,1998,0
Martinique,1999,0
Martinique,2000,0
Martinique,2001,0
Martinique,2002,0
Martinique,2003,0
Martinique,2004,0
Martinique,2005,0
Martinique,2006,0
Martinique,2007,0
Martinique,2008,0
Martinique,2009,0
Martinique,2010,0
Martinique,2011,0
Martinique,2012,0
Martinique,2013,0
Martinique,2014,0
Martinique,2015,0
Martinique,2016,0
Martinique,2017,0
Martinique,2018,0
Martinique,2019,0
Martinique,2020,0
Mauritania,1980,0
Mauritania,1981,0
Mauritania,1982,0
Mauritania,1983,0
Mauritania,1984,0
Mauritania,1985,0
Mauritania,1986,0
Mauritania,1987,0
Mauritania,1988,0
Mauritania,1989,0
Mauritania,1990,0
Mauritania,1991,0
Mauritania,1992,0
Mauritania,1993,0
Mauritania,1994,0
Mauritania,1995,0
Mauritania,1996,0
Mauritania,1997,0
Mauritania,1998,0
Mauritania,1999,0
Mauritania,2000,0
Mauritania,2001,0
Mauritania,2002,0
Mauritania,2003,0
Mauritania,2004,0
Mauritania,2005,0
Mauritania,2006,1778000
Mauritania,2007,870600
Mauritania,2008,745200
Mauritania,2009,653000
Mauritania,2010,478000
Mauritania,2011,449300
Mauritania,2012,381900
Mauritania,2013,392000
Mauritania,2014,348600
Mauritania,2015,304700
Mauritania,2016,280800
Mauritania,2017,0
Mauritania,2018,0
Mauritania,2019,0
Mauritania,2020,0
Mauritius,1980,0
Mauritius,1981,0
Mauritius,1982,0
Mauritius,1983,0
Mauritius,1984,0
Mauritius,1985,0
Mauritius,1986,0
Mauritius,1987,0
Mauritius,1988,0
Mauritius,1989,0
Mauritius,1990,0
Mauritius,1991,0
Mauritius,1992,0
Mauritius,1993,0
Mauritius,1994,0
Mauritius,1995,0
Mauritius,1996,0
Mauritius,1997,0
Mauritius,1998,0
Mauritius,1999,0
Mauritius,2000,0
Mauritius,2001,0
Mauritius,2002,0
Mauritius,2003,0
Mauritius,2004,0
Mauritius,2005,0
Mauritius,2006,0
Mauritius,2007,0
Mauritius,2008,0
Mauritius,2009,0
Mauritius,2010,0
Mauritius,2011,0
Mauritius,2012,0
Mauritius,2013,0
Mauritius,2014,0
Mauritius,2015,0
Mauritius,2016,0
Mauritius,2017,0
Mauritius,2018,0
Mauritius,2019,0
Mauritius,2020,0
Mexico,1973,26990000
Mexico,1974,33170000
Mexico,1975,40940000
Mexico,1976,48250000
Mexico,1977,56960000
Mexico,1978,70210000
Mexico,1979,84850000
Mexico,1980,112400000
Mexico,1981,134300000
Mexico,1982,159600000
Mexico,1983,156200000
Mexico,1984,161500000
Mexico,1985,159400000
Mexico,1986,141400000
Mexico,1987,148000000
Mexico,1988,145900000
Mexico,1989,146300000
Mexico,1990,148300000
Mexico,1991,155600000
Mexico,1992,155000000
Mexico,1993,155200000
Mexico,1994,161600000
Mexico,1995,157500000
Mexico,1996,171000000
Mexico,1997,180300000
Mexico,1998,183500000
Mexico,1999,174100000
Mexico,2000,180300000
Mexico,2001,186900000
Mexico,2002,189500000
Mexico,2003,200800000
Mexico,2004,201800000
Mexico,2005,198800000
Mexico,2006,194300000
Mexico,2007,182500000
Mexico,2008,164900000
Mexico,2009,153600000
Mexico,2010,152200000
Mexico,2011,151000000
Mexico,2012,150500000
Mexico,2013,148800000
Mexico,2014,143300000
Mexico,2015,133700000
Mexico,2016,127000000
Mexico,2017,115000000
Mexico,2018,107500000
Mexico,2019,98940000
Mexico,2020,99310000
Moldova,1992,0
Moldova,1993,0
Moldova,1994,0
Moldova,1995,0
Moldova,1996,0
Moldova,1997,0
Moldova,1998,0
Moldova,1999,0
Moldova,2000,0
Moldova,2001,0
Moldova,2002,0
Moldova,2003,0
Moldova,2004,0
Moldova,2005,0
Moldova,2006,0
Moldova,2007,0
Moldova,2008,0
Moldova,2009,0
Moldova,2010,0
Moldova,2011,0
Moldova,2012,0
Moldova,2013,0
Moldova,2014,0
Moldova,2015,0
Moldova,2016,0
Moldova,2017,0
Moldova,2018,0
Moldova,2019,0
Moldova,2020,0
Mongolia,1980,0
Mongolia,1981,0
Mongolia,1982,0
Mongolia,1983,0
Mongolia,1984,0
Mongolia,1985,0
Mongolia,1986,0
Mongolia,1987,0
Mongolia,1988,0
Mongolia,1989,0
Mongolia,1990,0
Mongolia,1991,0
Mongolia,1992,0
Mongolia,1993,0
Mongolia,1994,0
Mongolia,1995,0
Mongolia,1996,0
Mongolia,1997,0
Mongolia,1998,5807
Mongolia,1999,11610
Mongolia,2000,10390
Mongolia,2001,11730
Mongolia,2002,22120
Mongolia,2003,29090
Mongolia,2004,34200
Mongolia,2005,31940
Mongolia,2006,59930
Mongolia,2007,135200
Mongolia,2008,186300
Mongolia,2009,297500
Mongolia,2010,347000
Mongolia,2011,405500
Mongolia,2012,576900
Mongolia,2013,816000
Mongolia,2014,1178000
Mongolia,2015,1346000
Mongolia,2016,1360000
Mongolia,2017,1161000
Mongolia,2018,1127000
Mongolia,2019,1072000
Mongolia,2020,1020000
Montenegro,2006,0
Montenegro,2007,0
Montenegro,2008,0
Montenegro,2009,0
Montenegro,2010,0
Montenegro,2011,0
Montenegro,2012,0
Montenegro,2013,0
Montenegro,2014,0
Montenegro,2015,0
Montenegro,2016,0
Montenegro,2017,0
Montenegro,2018,0
Montenegro,2019,0
Montenegro,2020,0
Montserrat,1980,0
Montserrat,1981,0
Montserrat,1982,0
Montserrat,1983,0
Montserrat,1984,0
Montserrat,1985,0
Montserrat,1986,0
Montserrat,1987,0
Montserrat,1988,0
Montserrat,1989,0
Montserrat,1990,0
Montserrat,1991,0
Montserrat,1992,0
Montserrat,1993,0
Montserrat,1994,0
Montserrat,1995,0
Montserrat,1996,0
Montserrat,1997,0
Montserrat,1998,0
Montserrat,1999,0
Montserrat,2000,0
Montserrat,2001,0
Montserrat,2002,0
Montserrat,2003,0
Montserrat,2004,0
Montserrat,2005,0
Montserrat,2006,0
Montserrat,2007,0
Montserrat,2008,0
Montserrat,2009,0
Montserrat,2010,0
Montserrat,2011,0
Montserrat,2012,0
Montserrat,2013,0
Montserrat,2014,0
Montserrat,2015,0
Montserrat,2016,0
Montserrat,2017,0
Montserrat,2018,0
Montserrat,2019,0
Montserrat,2020,0
Morocco,1980,58070
Morocco,1981,58070
Morocco,1982,58070
Morocco,1983,58070
Morocco,1984,58070
Morocco,1985,58070
Morocco,1986,29040
Morocco,1987,23230
Morocco,1988,23230
Morocco,1989,17420
Morocco,1990,17420
Morocco,1991,17420
Morocco,1992,11610
Morocco,1993,11610
Morocco,1994,11610
Morocco,1995,17420
Morocco,1996,17420
Morocco,1998,5807
Morocco,1999,11610
Morocco,2000,17420
Morocco,2001,23230
Morocco,2002,15100
Morocco,2003,11610
Morocco,2004,11610
Morocco,2005,8130
Morocco,2006,11610
Morocco,2007,12780
Morocco,2008,10450
Morocco,2009,9291
Morocco,2010,11610
Morocco,2011,11610
Morocco,2012,8130
Morocco,2013,9291
Morocco,2014,9291
Morocco,2015,9291
Morocco,2016,9291
Morocco,2017,9291
Morocco,2018,5807
Morocco,2019,4065
Morocco,2020,2904
Mozambique,1980,0
Mozambique,1981,0
Mozambique,1982,0
Mozambique,1983,0
Mozambique,1984,0
Mozambique,1985,0
Mozambique,1986,0
Mozambique,1987,0
Mozambique,1988,0
Mozambique,1989,0
Mozambique,1990,0
Mozambique,1991,0
Mozambique,1992,0
Mozambique,1993,0
Mozambique,1994,0
Mozambique,1995,0
Mozambique,1996,0
Mozambique,1997,0
Mozambique,1998,0
Mozambique,1999,0
Mozambique,2000,0
Mozambique,2001,0
Mozambique,2002,0
Mozambique,2003,0
Mozambique,2004,0
Mozambique,2005,0
Mozambique,2006,0
Mozambique,2007,0
Mozambique,2008,0
Mozambique,2009,0
Mozambique,2010,0
Mozambique,2011,0
Mozambique,2012,0
Mozambique,2013,0
Mozambique,2014,0
Mozambique,2015,0
Mozambique,2016,0
Mozambique,2017,0
Mozambique,2018,0
Mozambique,2019,0
Mozambique,2020,0
Myanmar,1980,1742000
Myanmar,1981,1568000
Myanmar,1982,1742000
Myanmar,1983,1742000
Myanmar,1984,1858000
Myanmar,1985,1742000
Myanmar,1986,1394000
Myanmar,1987,987200
Myanmar,1988,754900
Myanmar,1989,871000
Myanmar,1990,754900
Myanmar,1991,871000
Myanmar,1992,813000
Myanmar,1993,813000
Myanmar,1994,798000
Myanmar,1995,557500
Myanmar,1996,464600
Myanmar,1997,522600
Myanmar,1998,638800
Myanmar,1999,551700
Myanmar,2000,696800
Myanmar,2001,580700
Myanmar,2002,871000
Myanmar,2003,871000
Myanmar,2004,1161000
Myanmar,2005,1161000
Myanmar,2006,1336000
Myanmar,2007,1229000
Myanmar,2008,1240000
Myanmar,2009,1050000
Myanmar,2010,1180000
Myanmar,2011,1161000
Myanmar,2012,1161000
Myanmar,2013,1161000
Myanmar,2014,1137000
Myanmar,2015,871000
Myanmar,2016,871000
Myanmar,2017,638800
Myanmar,2018,522600
Myanmar,2019,464600
Myanmar,2020,456300
Namibia,1990,0
Namibia,1991,0
Namibia,1992,0
Namibia,1993,0
Namibia,1994,0
Namibia,1995,0
Namibia,1996,0
Namibia,1997,0
Namibia,1998,0
Namibia,1999,0
Namibia,2000,0
Namibia,2001,0
Namibia,2002,0
Namibia,2003,0
Namibia,2004,0
Namibia,2005,0
Namibia,2006,0
Namibia,2007,0
Namibia,2008,0
Namibia,2009,0
Namibia,2010,0
Namibia,2011,0
Namibia,2012,0
Namibia,2013,0
Namibia,2014,0
Namibia,2015,0
Namibia,2016,0
Namibia,2017,0
Namibia,2018,0
Namibia,2019,0
Namibia,2020,0
Nauru,1980,0
Nauru,1981,0
Nauru,1982,0
Nauru,1983,0
Nauru,1984,0
Nauru,1985,0
Nauru,1986,0
Nauru,1987,0
Nauru,1988,0
Nauru,1989,0
Nauru,1990,0
Nauru,1991,0
Nauru,1992,0
Nauru,1993,0
Nauru,1994,0
Nauru,1995,0
Nauru,1996,0
Nauru,1997,0
Nauru,1998,0
Nauru,1999,0
Nauru,2000,0
Nauru,2001,0
Nauru,2002,0
Nauru,2003,0
Nauru,2004,0
Nauru,2005,0
Nauru,2006,0
Nauru,2007,0
Nauru,2008,0
Nauru,2009,0
Nauru,2010,0
Nauru,2011,0
Nauru,2012,0
Nauru,2013,0
Nauru,2014,0
Nauru,2015,0
Nauru,2016,0
Nauru,2017,0
Nauru,2018,0
Nauru,2019,0
Nauru,2020,0
Nepal,1980,0
Nepal,1981,0
Nepal,1982,0
Nepal,1983,0
Nepal,1984,0
Nepal,1985,0
Nepal,1986,0
Nepal,1987,0
Nepal,1988,0
Nepal,1989,0
Nepal,1990,0
Nepal,1991,0
Nepal,1992,0
Nepal,1993,0
Nepal,1994,0
Nepal,1995,0
Nepal,1996,0
Nepal,1997,0
Nepal,1998,0
Nepal,1999,0
Nepal,2000,0
Nepal,2001,0
Nepal,2002,0
Nepal,2003,0
Nepal,2004,0
Nepal,2005,0
Nepal,2006,0
Nepal,2007,0
Nepal,2008,0
Nepal,2009,0
Nepal,2010,0
Nepal,2011,0
Nepal,2012,0
Nepal,2013,0
Nepal,2014,0
Nepal,2015,0
Nepal,2016,0
Nepal,2017,0
Nepal,2018,0
Nepal,2019,0
Nepal,2020,0
Netherlands,1980,1452000
Netherlands,1981,1568000
Netherlands,1982,2207000
Netherlands,1983,3078000
Netherlands,1984,3542000
Netherlands,1985,4413000
Netherlands,1986,5401000
Netherlands,1987,5052000
Netherlands,1988,4471000
Netherlands,1989,3716000
Netherlands,1990,4065000
Netherlands,1991,4297000
Netherlands,1992,3078000
Netherlands,1993,2919000
Netherlands,1994,4543000
Netherlands,1995,3831000
Netherlands,1996,3266000
Netherlands,1997,3063000
Netherlands,1998,3024000
Netherlands,1999,1863000
Netherlands,2000,1671000
Netherlands,2001,1522000
Netherlands,2002,2690000
Netherlands,2003,2726000
Netherlands,2004,2476000
Netherlands,2005,1843000
Netherlands,2006,1529000
Netherlands,2007,2317000
Netherlands,2008,1946000
Netherlands,2009,1480000
Netherlands,2010,1161000
Netherlands,2011,1292000
Netherlands,2012,1210000
Netherlands,2013,1277000
Netherlands,2014,1711000
Netherlands,2015,1586000
Netherlands,2016,1050000
Netherlands,2017,809500
Netherlands,2018,785300
Netherlands,2019,1054000
Netherlands,2020,1900000
Netherlands Antilles,1980,0
Netherlands Antilles,1981,0
Netherlands Antilles,1982,0
Netherlands Antilles,1983,0
Netherlands Antilles,1984,0
Netherlands Antilles,1985,0
Netherlands Antilles,1986,0
Netherlands Antilles,1987,0
Netherlands Antilles,1988,0
Netherlands Antilles,1989,0
Netherlands Antilles,1990,0
Netherlands Antilles,1991,0
Netherlands Antilles,1992,0
Netherlands Antilles,1993,0
Netherlands Antilles,1994,0
Netherlands Antilles,1995,0
Netherlands Antilles,1996,0
Netherlands Antilles,1997,0
Netherlands Antilles,1998,0
Netherlands Antilles,1999,0
Netherlands Antilles,2000,0
Netherlands Antilles,2001,0
Netherlands Antilles,2002,0
Netherlands Antilles,2003,0
Netherlands Antilles,2004,0
Netherlands Antilles,2005,0
Netherlands Antilles,2006,0
Netherlands Antilles,2007,0
Netherlands Antilles,2008,0
Netherlands Antilles,2009,0
Netherlands Antilles,2010,0
Netherlands Antilles,2011,0
Netherlands Antilles,2012,0
Netherlands Antilles,2013,0
Netherlands Antilles,2014,0
Netherlands Antilles,2015,0
Netherlands Antilles,2016,0
Netherlands Antilles,2017,0
Netherlands Antilles,2018,0
Netherlands Antilles,2019,0
Netherlands Antilles,2020,0
New Caledonia,1980,0
New Caledonia,1981,0
New Caledonia,1982,0
New Caledonia,1983,0
New Caledonia,1984,0
New Caledonia,1985,0
New Caledonia,1986,0
New Caledonia,1987,0
New Caledonia,1988,0
New Caledonia,1989,0
New Caledonia,1990,0
New Caledonia,1991,0
New Caledonia,1992,0
New Caledonia,1993,0
New Caledonia,1994,0
New Caledonia,1995,0
New Caledonia,1996,0
New Caledonia,1997,0
New Caledonia,1998,0
New Caledonia,1999,0
New Caledonia,2000,0
New Caledonia,2001,0
New Caledonia,2002,0
New Caledonia,2003,0
New Caledonia,2004,0
New Caledonia,2005,0
New Caledonia,2006,0
New Caledonia,2007,0
New Caledonia,2008,0
New Caledonia,2009,0
New Caledonia,2010,0
New Caledonia,2011,0
New Caledonia,2012,0
New Caledonia,2013,0
New Caledonia,2014,0
New Caledonia,2015,0
New Caledonia,2016,0
New Caledonia,2017,0
New Caledonia,2018,0
New Caledonia,2019,0
New Caledonia,2020,0
New Zealand,1980,406500
New Zealand,1981,580700
New Zealand,1982,871000
New Zealand,1983,871000
New Zealand,1984,987200
New Zealand,1985,1103000
New Zealand,1986,1684000
New Zealand,1987,1626000
New Zealand,1988,1916000
New Zealand,1989,2207000
New Zealand,1990,2323000
New Zealand,1991,2381000
New Zealand,1992,2207000
New Zealand,1993,2362000
New Zealand,1994,2298000
New Zealand,1995,1854000
New Zealand,1996,2121000
New Zealand,1997,3336000
New Zealand,1998,2725000
New Zealand,1999,2448000
New Zealand,2000,2091000
New Zealand,2001,1926000
New Zealand,2002,1765000
New Zealand,2003,1393000
New Zealand,2004,1133000
New Zealand,2005,1102000
New Zealand,2006,992100
New Zealand,2007,2389000
New Zealand,2008,3483000
New Zealand,2009,3245000
New Zealand,2010,3080000
New Zealand,2011,2690000
New Zealand,2012,2385000
New Zealand,2013,2048000
New Zealand,2014,2280000
New Zealand,2015,2397000
New Zealand,2016,2017000
New Zealand,2017,775000
New Zealand,2018,642700
New Zealand,2019,688700
New Zealand,2020,562300
Nicaragua,1980,0
Nicaragua,1981,0
Nicaragua,1982,0
Nicaragua,1983,0
Nicaragua,1984,0
Nicaragua,1985,0
Nicaragua,1986,0
Nicaragua,1987,0
Nicaragua,1988,0
Nicaragua,1989,0
Nicaragua,1990,0
Nicaragua,1991,0
Nicaragua,1992,0
Nicaragua,1993,0
Nicaragua,1994,0
Nicaragua,1995,0
Nicaragua,1996,0
Nicaragua,1997,0
Nicaragua,1998,0
Nicaragua,1999,0
Nicaragua,2000,0
Nicaragua,2001,0
Nicaragua,2002,0
Nicaragua,2003,0
Nicaragua,2004,0
Nicaragua,2005,0
Nicaragua,2006,0
Nicaragua,2007,0
Nicaragua,2008,0
Nicaragua,2009,0
Nicaragua,2010,0
Nicaragua,2011,0
Nicaragua,2012,0
Nicaragua,2013,0
Nicaragua,2014,0
Nicaragua,2015,0
Nicaragua,2016,0
Nicaragua,2017,0
Nicaragua,2018,0
Nicaragua,2019,0
Nicaragua,2020,0
Niger,1980,0
Niger,1981,0
Niger,1982,0
Niger,1983,0
Niger,1984,0
Niger,1985,0
Niger,1986,0
Niger,1987,0
Niger,1988,0
Niger,1989,0
Niger,1990,0
Niger,1991,0
Niger,1992,0
Niger,1993,0
Niger,1994,0
Niger,1995,0
Niger,1996,0
Niger,1997,0
Niger,1998,0
Niger,1999,0
Niger,2000,0
Niger,2001,0
Niger,2002,0
Niger,2003,0
Niger,2004,0
Niger,2005,0
Niger,2006,0
Niger,2007,0
Niger,2008,0
Niger,2009,0
Niger,2010,0
Niger,2011,389800
Niger,2012,1161000
Niger,2013,1161000
Niger,2014,1161000
Niger,2015,813000
Niger,2016,754900
Niger,2017,752400
Niger,2018,696800
Niger,2019,638800
Niger,2020,551500
Nigeria,1973,119300000
Nigeria,1974,131000000
Nigeria,1975,103500000
Nigeria,1976,120000000
Nigeria,1977,121100000
Nigeria,1978,110200000
Nigeria,1979,133700000
Nigeria,1980,119300000
Nigeria,1981,83230000
Nigeria,1982,75200000
Nigeria,1983,72070000
Nigeria,1984,80600000
Nigeria,1985,86800000
Nigeria,1986,85190000
Nigeria,1987,77850000
Nigeria,1988,84200000
Nigeria,1989,99650000
Nigeria,1990,105100000
Nigeria,1991,109900000
Nigeria,1992,112800000
Nigeria,1993,113800000
Nigeria,1994,112100000
Nigeria,1995,115700000
Nigeria,1996,116200000
Nigeria,1997,123800000
Nigeria,1998,125100000
Nigeria,1999,123700000
Nigeria,2000,125700000
Nigeria,2001,131000000
Nigeria,2002,123000000
Nigeria,2003,132100000
Nigeria,2004,135200000
Nigeria,2005,152600000
Nigeria,2006,141700000
Nigeria,2007,136400000
Nigeria,2008,125700000
Nigeria,2009,128200000
Nigeria,2010,139800000
Nigeria,2011,143700000
Nigeria,2012,142700000
Nigeria,2013,134000000
Nigeria,2014,136300000
Nigeria,2015,126100000
Nigeria,2016,108700000
Nigeria,2017,113000000
Nigeria,2018,110900000
Nigeria,2019,113000000
Nigeria,2020,103100000
Niue,1980,0
Niue,1981,0
Niue,1982,0
Niue,1983,0
Niue,1984,0
Niue,1985,0
Niue,1986,0
Niue,1987,0
Niue,1988,0
Niue,1989,0
Niue,1990,0
Niue,1991,0
Niue,1992,0
Niue,1993,0
Niue,1994,0
Niue,1995,0
Niue,1996,0
Niue,1997,0
Niue,1998,0
Niue,1999,0
Niue,2000,0
Niue,2001,0
Niue,2002,0
Niue,2003,0
Niue,2004,0
Niue,2005,0
Niue,2006,0
Niue,2007,0
Niue,2008,0
Niue,2009,0
Niue,2010,0
Niue,2011,0
Niue,2012,0
Niue,2013,0
Niue,2014,0
Niue,2015,0
Niue,2016,0
Niue,2017,0
Niue,2018,0
Niue,2019,0
Niue,2020,0
North Korea,1980,0
North Korea,1981,0
North Korea,1982,0
North Korea,1983,0
North Korea,1984,0
North Korea,1985,0
North Korea,1986,0
North Korea,1987,0
North Korea,1988,0
North Korea,1989,0
North Korea,1990,0
North Korea,1991,0
North Korea,1992,0
North Korea,1993,0
North Korea,1994,0
North Korea,1995,0
North Korea,1996,0
North Korea,1997,0
North Korea,1998,0
North Korea,1999,0
North Korea,2000,0
North Korea,2001,0
North Korea,2002,0
North Korea,2003,0
North Korea,2004,0
North Korea,2005,0
North Korea,2006,0
North Korea,2007,0
North Korea,2008,0
North Korea,2009,0
North Korea,2010,0
North Korea,2011,0
North Korea,2012,0
North Korea,2013,0
North Korea,2014,0
North Korea,2015,0
North Korea,2016,0
North Korea,2017,0
North Korea,2018,0
North Korea,2019,0
North Korea,2020,0
North Macedonia,1992,0
North Macedonia,1993,0
North Macedonia,1994,0
North Macedonia,1995,0
North Macedonia,1996,0
North Macedonia,1997,0
North Macedonia,1998,0
North Macedonia,1999,0
North Macedonia,2000,0
North Macedonia,2001,0
North Macedonia,2002,0
North Macedonia,2003,0
North Macedonia,2004,0
North Macedonia,2005,0
North Macedonia,2006,0
North Macedonia,2007,0
North Macedonia,2008,0
North Macedonia,2009,0
North Macedonia,2010,0
North Macedonia,2011,0
North Macedonia,2012,0
North Macedonia,2013,0
North Macedonia,2014,0
North Macedonia,2015,0
North Macedonia,2016,0
North Macedonia,2017,0
North Macedonia,2018,0
North Macedonia,2019,0
North Macedonia,2020,0
Norway,1973,1858000
Norway,1974,2032000
Norway,1975,10980000
Norway,1976,16200000
Norway,1977,16260000
Norway,1978,20670000
Norway,1979,23400000
Norway,1980,28210000
Norway,1981,27550000
Norway,1982,28590000
Norway,1983,35710000
Norway,1984,41070000
Norway,1985,44860000
Norway,1986,48870000
Norway,1987,57050000
Norway,1988,64640000
Norway,1989,86090000
Norway,1990,94650000
Norway,1991,108600000
Norway,1992,123800000
Norway,1993,132500000
Norway,1994,149200000
Norway,1995,160600000
Norway,1996,179500000
Norway,1997,182400000
Norway,1998,174900000
Norway,1999,175300000
Norway,2000,187100000
Norway,2001,187400000
Norway,2002,181800000
Norway,2003,176700000
Norway,2004,171600000
Norway,2005,156700000
Norway,2006,144600000
Norway,2007,131800000
Norway,2008,126700000
Norway,2009,120100000
Norway,2010,108600000
Norway,2011,102200000
Norway,2012,93580000
Norway,2013,89000000
Norway,2014,90720000
Norway,2015,93510000
Norway,2016,95700000
Norway,2017,93930000
Norway,2018,88080000
Norway,2019,83450000
Norway,2020,99480000
Oman,1980,16380000
Oman,1981,18520000
Oman,1982,18810000
Oman,1983,21780000
Oman,1984,24040000
Oman,1985,28920000
Oman,1986,32520000
Oman,1987,33800000
Oman,1988,35830000
Oman,1989,37220000
Oman,1990,39780000
Oman,1991,40650000
Oman,1992,42970000
Oman,1993,45050000
Oman,1994,47050000
Oman,1995,49430000
Oman,1996,51300000
Oman,1997,52510000
Oman,1998,52250000
Oman,1999,52850000
Oman,2000,56330000
Oman,2001,53020000
Oman,2002,52070000
Oman,2003,47560000
Oman,2004,43610000
Oman,2005,44960000
Oman,2006,42840000
Oman,2007,41250000
Oman,2008,43980000
Oman,2009,47180000
Oman,2010,50210000
Oman,2011,51430000
Oman,2012,53340000
Oman,2013,54580000
Oman,2014,54790000
Oman,2015,56980000
Oman,2016,58310000
Oman,2017,56330000
Oman,2018,56810000
Oman,2019,56440000
Oman,2020,55100000
Pakistan,1980,580700
Pakistan,1981,580700
Pakistan,1982,696800
Pakistan,1983,754900
Pakistan,1984,987200
Pakistan,1985,2032000
Pakistan,1986,2439000
Pakistan,1987,2439000
Pakistan,1988,2613000
Pakistan,1989,2787000
Pakistan,1990,3600000
Pakistan,1991,3600000
Pakistan,1992,3542000
Pakistan,1993,3484000
Pakistan,1994,3179000
Pakistan,1995,3310000
Pakistan,1996,3194000
Pakistan,1997,3310000
Pakistan,1998,3189000
Pakistan,1999,3091000
Pakistan,2000,3160000
Pakistan,2001,3477000
Pakistan,2002,3732000
Pakistan,2003,3484000
Pakistan,2004,3600000
Pakistan,2005,3811000
Pakistan,2006,3813000
Pakistan,2007,4079000
Pakistan,2008,3697000
Pakistan,2009,3624000
Pakistan,2010,3775000
Pakistan,2011,3833000
Pakistan,2012,4123000
Pakistan,2013,4704000
Pakistan,2014,5459000
Pakistan,2015,5239000
Pakistan,2016,4965000
Pakistan,2017,5205000
Pakistan,2018,5201000
Pakistan,2019,4935000
Pakistan,2020,4303000
Palestine,1997,0
Palestine,1998,0
Palestine,1999,0
Palestine,2000,0
Palestine,2001,0
Palestine,2002,0
Palestine,2003,0
Palestine,2004,0
Palestine,2005,0
Palestine,2006,0
Palestine,2007,0
Palestine,2008,0
Palestine,2009,0
Palestine,2010,0
Palestine,2011,0
Palestine,2012,0
Palestine,2013,0
Palestine,2014,0
Palestine,2015,0
Palestine,2016,0
Palestine,2017,0
Palestine,2018,0
Palestine,2019,0
Palestine,2020,0
Panama,1980,0
Panama,1981,0
Panama,1982,0
Panama,1983,0
Panama,1984,0
Panama,1985,0
Panama,1986,0
Panama,1987,0
Panama,1988,0
Panama,1989,0
Panama,1990,0
Panama,1991,0
Panama,1992,0
Panama,1993,0
Panama,1994,0
Panama,1995,0
Panama,1996,0
Panama,1997,0
Panama,1998,0
Panama,1999,0
Panama,2000,0
Panama,2001,0
Panama,2002,0
Panama,2003,0
Panama,2004,0
Panama,2005,0
Panama,2006,0
Panama,2007,0
Panama,2008,0
Panama,2009,0
Panama,2010,0
Panama,2011,0
Panama,2012,0
Panama,2013,0
Panama,2014,0
Panama,2015,0
Panama,2016,0
Panama,2017,0
Panama,2018,0
Panama,2019,0
Panama,2020,0
Papua New Guinea,1980,0
Papua New Guinea,1981,0
Papua New Guinea,1982,0
Papua New Guinea,1983,0
Papua New Guinea,1984,0
Papua New Guinea,1985,0
Papua New Guinea,1986,0
Papua New Guinea,1987,0
Papua New Guinea,1988,0
Papua New Guinea,1989,0
Papua New Guinea,1990,0
Papua New Guinea,1991,11610
Papua New Guinea,1992,3078000
Papua New Guinea,1993,7330000
Papua New Guinea,1994,6374000
Papua New Guinea,1995,5810000
Papua New Guinea,1996,6002000
Papua New Guinea,1997,4651000
Papua New Guinea,1998,4591000
Papua New Guinea,1999,5613000
Papua New Guinea,2000,4069000
Papua New Guinea,2001,3920000
Papua New Guinea,2002,3203000
Papua New Guinea,2003,2932000
Papua New Guinea,2004,2647000
Papua New Guinea,2005,2339000
Papua New Guinea,2006,2816000
Papua New Guinea,2007,2234000
Papua New Guinea,2008,2401000
Papua New Guinea,2009,2297000
Papua New Guinea,2010,1788000
Papua New Guinea,2011,1693000
Papua New Guinea,2012,1587000
Papua New Guinea,2013,1767000
Papua New Guinea,2014,2866000
Papua New Guinea,2015,3339000
Papua New Guinea,2016,3251000
Papua New Guinea,2017,2928000
Papua New Guinea,2018,2068000
Papua New Guinea,2019,2053000
Papua New Guinea,2020,2285000
Paraguay,1980,0
Paraguay,1981,0
Paraguay,1982,0
Paraguay,1983,0
Paraguay,1984,0
Paraguay,1985,0
Paraguay,1986,0
Paraguay,1987,0
Paraguay,1988,0
Paraguay,1989,0
Paraguay,1990,0
Paraguay,1991,0
Paraguay,1992,0
Paraguay,1993,0
Paraguay,1994,0
Paraguay,1995,0
Paraguay,1996,0
Paraguay,1997,0
Paraguay,1998,0
Paraguay,1999,0
Paraguay,2000,0
Paraguay,2001,0
Paraguay,2002,0
Paraguay,2003,0
Paraguay,2004,0
Paraguay,2005,0
Paraguay,2006,0
Paraguay,2007,0
Paraguay,2008,0
Paraguay,2009,0
Paraguay,2010,0
Paraguay,2011,0
Paraguay,2012,0
Paraguay,2013,0
Paraguay,2014,0
Paraguay,2015,0
Paraguay,2016,0
Paraguay,2017,0
Paraguay,2018,0
Paraguay,2019,0
Paraguay,2020,0
Peru,1980,11320000
Peru,1981,11210000
Peru,1982,11320000
Peru,1983,9930000
Peru,1984,10680000
Peru,1985,11030000
Peru,1986,10340000
Peru,1987,9523000
Peru,1988,8188000
Peru,1989,7549000
Peru,1990,7491000
Peru,1991,6678000
Peru,1992,6736000
Peru,1993,7313000
Peru,1994,7428000
Peru,1995,7527000
Peru,1996,6959000
Peru,1997,6876000
Peru,1998,6706000
Peru,1999,6159000
Peru,2000,5551000
Peru,2001,5406000
Peru,2002,5393000
Peru,2003,5072000
Peru,2004,4640000
Peru,2005,4382000
Peru,2006,4505000
Peru,2007,4478000
Peru,2008,4447000
Peru,2009,4125000
Peru,2010,4221000
Peru,2011,4038000
Peru,2012,3871000
Peru,2013,3652000
Peru,2014,4024000
Peru,2015,3369000
Peru,2016,2344000
Peru,2017,2530000
Peru,2018,2828000
Peru,2019,3077000
Peru,2020,2304000
Philippines,1980,871000
Philippines,1981,116100
Philippines,1982,464600
Philippines,1983,754900
Philippines,1984,696800
Philippines,1985,522600
Philippines,1986,464600
Philippines,1987,348400
Philippines,1988,348400
Philippines,1989,290400
Philippines,1990,272900
Philippines,1991,174200
Philippines,1992,464600
Philippines,1993,528400
Philippines,1994,355000
Philippines,1995,195200
Philippines,1996,116100
Philippines,1997,58070
Philippines,1998,46460
Philippines,1999,52260
Philippines,2000,66430
Philippines,2001,491300
Philippines,2002,572100
Philippines,2003,800300
Philippines,2004,1452000
Philippines,2005,1452000
Philippines,2006,1452000
Philippines,2007,1430000
Philippines,2008,1426000
Philippines,2009,2032000
Philippines,2010,1916000
Philippines,2011,1974000
Philippines,2012,1742000
Philippines,2013,2032000
Philippines,2014,2207000
Philippines,2015,1401000
Philippines,2016,1161000
Philippines,2017,174200
Philippines,2018,116100
Philippines,2019,58070
Philippines,2020,57030
Poland,1980,406500
Poland,1981,406500
Poland,1982,290400
Poland,1983,232300
Poland,1984,232300
Poland,1985,232300
Poland,1986,232300
Poland,1987,174200
Poland,1988,174200
Poland,1989,174200
Poland,1990,116100
Poland,1991,174200
Poland,1992,185800
Poland,1993,290400
Poland,1994,290400
Poland,1995,267100
Poland,1996,290400
Poland,1997,348400
Poland,1998,429700
Poland,1999,522600
Poland,2000,755400
Poland,2001,855500
Poland,2002,773500
Poland,2003,849900
Poland,2004,967700
Poland,2005,923600
Poland,2006,870300
Poland,2007,793300
Poland,2008,822700
Poland,2009,720400
Poland,2010,749700
Poland,2011,725200
Poland,2012,778200
Poland,2013,1116000
Poland,2014,1118000
Poland,2015,1069000
Poland,2016,1167000
Poland,2017,1161000
Poland,2018,1179000
Poland,2019,1132000
Poland,2020,1090000
Portugal,1980,0
Portugal,1981,0
Portugal,1982,0
Portugal,1983,0
Portugal,1984,0
Portugal,1985,0
Portugal,1986,0
Portugal,1987,0
Portugal,1988,0
Portugal,1989,0
Portugal,1990,0
Portugal,1991,0
Portugal,1992,0
Portugal,1993,0
Portugal,1994,0
Portugal,1995,0
Portugal,1996,0
Portugal,1997,0
Portugal,1998,0
Portugal,1999,0
Portugal,2000,0
Portugal,2001,0
Portugal,2002,0
Portugal,2003,0
Portugal,2004,0
Portugal,2005,0
Portugal,2006,0
Portugal,2007,0
Portugal,2008,0
Portugal,2009,0
Portugal,2010,0
Portugal,2011,0
Portugal,2012,0
Portugal,2013,0
Portugal,2014,0
Portugal,2015,0
Portugal,2016,0
Portugal,2017,0
Portugal,2018,0
Portugal,2019,0
Portugal,2020,0
Puerto Rico,1980,0
Puerto Rico,1981,0
Puerto Rico,1982,0
Puerto Rico,1983,0
Puerto Rico,1984,0
Puerto Rico,1985,0
Puerto Rico,1986,0
Puerto Rico,1987,0
Puerto Rico,1988,0
Puerto Rico,1989,0
Puerto Rico,1990,0
Puerto Rico,1991,0
Puerto Rico,1992,0
Puerto Rico,1993,0
Puerto Rico,1994,0
Puerto Rico,1995,0
Puerto Rico,1996,0
Puerto Rico,1997,0
Puerto Rico,1998,0
Puerto Rico,1999,0
Puerto Rico,2000,0
Puerto Rico,2001,0
Puerto Rico,2002,0
Puerto Rico,2003,0
Puerto Rico,2004,0
Puerto Rico,2005,0
Puerto Rico,2006,0
Puerto Rico,2007,0
Puerto Rico,2008,0
Puerto Rico,2009,0
Puerto Rico,2010,0
Puerto Rico,2011,0
Puerto Rico,2012,0
Puerto Rico,2013,0
Puerto Rico,2014,0
Puerto Rico,2015,0
Puerto Rico,2016,0
Puerto Rico,2017,0
Puerto Rico,2018,0
Puerto Rico,2019,0
Puerto Rico,2020,0
Qatar,1973,33130000
Qatar,1974,30070000
Qatar,1975,25430000
Qatar,1976,28870000
Qatar,1977,25840000
Qatar,1978,28280000
Qatar,1979,29500000
Qatar,1980,27400000
Qatar,1981,23530000
Qatar,1982,19160000
Qatar,1983,17130000
Qatar,1984,22900000
Qatar,1985,17510000
Qatar,1986,17880000
Qatar,1987,17020000
Qatar,1988,20090000
Qatar,1989,22070000
Qatar,1990,23580000
Qatar,1991,22940000
Qatar,1992,22980000
Qatar,1993,23980000
Qatar,1994,24090000
Qatar,1995,25650000
Qatar,1996,29640000
Qatar,1997,31930000
Qatar,1998,40390000
Qatar,1999,38610000
Qatar,2000,43070000
Qatar,2001,42370000
Qatar,2002,41180000
Qatar,2003,46840000
Qatar,2004,52340000
Qatar,2005,56770000
Qatar,2006,57820000
Qatar,2007,62890000
Qatar,2008,68090000
Qatar,2009,74050000
Qatar,2010,75290000
Qatar,2011,81420000
Qatar,2012,86240000
Qatar,2013,84710000
Qatar,2014,82690000
Qatar,2015,78770000
Qatar,2016,78680000
Qatar,2017,75990000
Qatar,2018,75970000
Qatar,2019,71510000
Qatar,2020,74010000
Reunion,1980,0
Reunion,1981,0
Reunion,1982,0
Reunion,1983,0
Reunion,1984,0
Reunion,1985,0
Reunion,1986,0
Reunion,1987,0
Reunion,1988,0
Reunion,1989,0
Reunion,1990,0
Reunion,1991,0
Reunion,1992,0
Reunion,1993,0
Reunion,1994,0
Reunion,1995,0
Reunion,1996,0
Reunion,1997,0
Reunion,1998,0
Reunion,1999,0
Reunion,2000,0
Reunion,2001,0
Reunion,2002,0
Reunion,2003,0
Reunion,2004,0
Reunion,2005,0
Reunion,2006,0
Reunion,2007,0
Reunion,2008,0
Reunion,2009,0
Reunion,2010,0
Reunion,2011,0
Reunion,2012,0
Reunion,2013,0
Reunion,2014,0
Reunion,2015,0
Reunion,2016,0
Reunion,2017,0
Reunion,2018,0
Reunion,2019,0
Reunion,2020,0
Romania,1980,13820000
Romania,1981,13990000
Romania,1982,14050000
Romania,1983,13940000
Romania,1984,13760000
Romania,1985,12780000
Romania,1986,12830000
Romania,1987,12490000
Romania,1988,11210000
Romania,1989,10450000
Romania,1990,9465000
Romania,1991,8130000
Romania,1992,7898000
Romania,1993,7723000
Romania,1994,7991000
Romania,1995,7839000
Romania,1996,7839000
Romania,1997,7781000
Romania,1998,7645000
Romania,1999,7271000
Romania,2000,6993000
Romania,2001,7201000
Romania,2002,7107000
Romania,2003,6757000
Romania,2004,6634000
Romania,2005,6115000
Romania,2006,5601000
Romania,2007,5483000
Romania,2008,5540000
Romania,2009,5323000
Romania,2010,5118000
Romania,2011,5044000
Romania,2012,4898000
Romania,2013,4936000
Romania,2014,4840000
Romania,2015,4800000
Romania,2016,4524000
Romania,2017,4193000
Romania,2018,4129000
Romania,2019,4058000
Romania,2020,3925000
Russia,1992,443200000
Russia,1993,390800000
Russia,1994,356300000
Russia,1995,348100000
Russia,1996,339700000
Russia,1997,343800000
Russia,1998,339900000
Russia,1999,353000000
Russia,2000,376200000
Russia,2001,401700000
Russia,2002,430200000
Russia,2003,472200000
Russia,2004,511300000
Russia,2005,525100000
Russia,2006,537000000
Russia,2007,548000000
Russia,2008,543300000
Russia,2009,551400000
Russia,2010,562900000
Russia,2011,567500000
Russia,2012,576100000
Russia,2013,583800000
Russia,2014,586900000
Russia,2015,595400000
Russia,2016,612700000
Russia,2017,615800000
Russia,2018,624700000
Russia,2019,629900000
Russia,2020,572900000
Rwanda,1980,0
Rwanda,1981,0
Rwanda,1982,0
Rwanda,1983,0
Rwanda,1984,0
Rwanda,1985,0
Rwanda,1986,0
Rwanda,1987,0
Rwanda,1988,0
Rwanda,1989,0
Rwanda,1990,0
Rwanda,1991,0
Rwanda,1992,0
Rwanda,1993,0
Rwanda,1994,0
Rwanda,1995,0
Rwanda,1996,0
Rwanda,1997,0
Rwanda,1998,0
Rwanda,1999,0
Rwanda,2000,0
Rwanda,2001,0
Rwanda,2002,0
Rwanda,2003,0
Rwanda,2004,0
Rwanda,2005,0
Rwanda,2006,0
Rwanda,2007,0
Rwanda,2008,0
Rwanda,2009,0
Rwanda,2010,0
Rwanda,2011,0
Rwanda,2012,0
Rwanda,2013,0
Rwanda,2014,0
Rwanda,2015,0
Rwanda,2016,0
Rwanda,2017,0
Rwanda,2018,0
Rwanda,2019,0
Rwanda,2020,0
Saint Helena,1980,0
Saint Helena,1981,0
Saint Helena,1982,0
Saint Helena,1983,0
Saint Helena,1984,0
Saint Helena,1985,0
Saint Helena,1986,0
Saint Helena,1987,0
Saint Helena,1988,0
Saint Helena,1989,0
Saint Helena,1990,0
Saint Helena,1991,0
Saint Helena,1992,0
Saint Helena,1993,0
Saint Helena,1994,0
Saint Helena,1995,0
Saint Helena,1996,0
Saint Helena,1997,0
Saint Helena,1998,0
Saint Helena,1999,0
Saint Helena,2000,0
Saint Helena,2001,0
Saint Helena,2002,0
Saint Helena,2003,0
Saint Helena,2004,0
Saint Helena,2005,0
Saint Helena,2006,0
Saint Helena,2007,0
Saint Helena,2008,0
Saint Helena,2009,0
Saint Helena,2010,0
Saint Helena,2011,0
Saint Helena,2012,0
Saint Helena,2013,0
Saint Helena,2014,0
Saint Helena,2015,0
Saint Helena,2016,0
Saint Helena,2017,0
Saint Helena,2018,0
Saint Helena,2019,0
Saint Helena,2020,0
Saint Kitts and Nevis,1980,0
Saint Kitts and Nevis,1981,0
Saint Kitts and Nevis,1982,0
Saint Kitts and Nevis,1983,0
Saint Kitts and Nevis,1984,0
Saint Kitts and Nevis,1985,0
Saint Kitts and Nevis,1986,0
Saint Kitts and Nevis,1987,0
Saint Kitts and Nevis,1988,0
Saint Kitts and Nevis,1989,0
Saint Kitts and Nevis,1990,0
Saint Kitts and Nevis,1991,0
Saint Kitts and Nevis,1992,0
Saint Kitts and Nevis,1993,0
Saint Kitts and Nevis,1994,0
Saint Kitts and Nevis,1995,0
Saint Kitts and Nevis,1996,0
Saint Kitts and Nevis,1997,0
Saint Kitts and Nevis,1998,0
Saint Kitts and Nevis,1999,0
Saint Kitts and Nevis,2000,0
Saint Kitts and Nevis,2001,0
Saint Kitts and Nevis,2002,0
Saint Kitts and Nevis,2003,0
Saint Kitts and Nevis,2004,0
Saint Kitts and Nevis,2005,0
Saint Kitts and Nevis,2006,0
Saint Kitts and Nevis,2007,0
Saint Kitts and Nevis,2008,0
Saint Kitts and Nevis,2009,0
Saint Kitts and Nevis,2010,0
Saint Kitts and Nevis,2011,0
Saint Kitts and Nevis,2012,0
Saint Kitts and Nevis,2013,0
Saint Kitts and Nevis,2014,0
Saint Kitts and Nevis,2015,0
Saint Kitts and Nevis,2016,0
Saint Kitts and Nevis,2017,0
Saint Kitts and Nevis,2018,0
Saint Kitts and Nevis,2019,0
Saint Kitts and Nevis,2020,0
Saint Lucia,1980,0
Saint Lucia,1981,0
Saint Lucia,1982,0
Saint Lucia,1983,0
Saint Lucia,1984,0
Saint Lucia,1985,0
Saint Lucia,1986,0
Saint Lucia,1987,0
Saint Lucia,1988,0
Saint Lucia,1989,0
Saint Lucia,1990,0
Saint Lucia,1991,0
Saint Lucia,1992,0
Saint Lucia,1993,0
Saint Lucia,1994,0
Saint Lucia,1995,0
Saint Lucia,1996,0
Saint Lucia,1997,0
Saint Lucia,1998,0
Saint Lucia,1999,0
Saint Lucia,2000,0
Saint Lucia,2001,0
Saint Lucia,2002,0
Saint Lucia,2003,0
Saint Lucia,2004,0
Saint Lucia,2005,0
Saint Lucia,2006,0
Saint Lucia,2007,0
Saint Lucia,2008,0
Saint Lucia,2009,0
Saint Lucia,2010,0
Saint Lucia,2011,0
Saint Lucia,2012,0
Saint Lucia,2013,0
Saint Lucia,2014,0
Saint Lucia,2015,0
Saint Lucia,2016,0
Saint Lucia,2017,0
Saint Lucia,2018,0
Saint Lucia,2019,0
Saint Lucia,2020,0
Saint Pierre and Miquelon,1980,0
Saint Pierre and Miquelon,1981,0
Saint Pierre and Miquelon,1982,0
Saint Pierre and Miquelon,1983,0
Saint Pierre and Miquelon,1984,0
Saint Pierre and Miquelon,1985,0
Saint Pierre and Miquelon,1986,0
Saint Pierre and Miquelon,1987,0
Saint Pierre and Miquelon,1988,0
Saint Pierre and Miquelon,1989,0
Saint Pierre and Miquelon,1990,0
Saint Pierre and Miquelon,1991,0
Saint Pierre and Miquelon,1992,0
Saint Pierre and Miquelon,1993,0
Saint Pierre and Miquelon,1994,0
Saint Pierre and Miquelon,1995,0
Saint Pierre and Miquelon,1996,0
Saint Pierre and Miquelon,1997,0
Saint Pierre and Miquelon,1998,0
Saint Pierre and Miquelon,1999,0
Saint Pierre and Miquelon,2000,0
Saint Pierre and Miquelon,2001,0
Saint Pierre and Miquelon,2002,0
Saint Pierre and Miquelon,2003,0
Saint Pierre and Miquelon,2004,0
Saint Pierre and Miquelon,2005,0
Saint Pierre and Miquelon,2006,0
Saint Pierre and Miquelon,2007,0
Saint Pierre and Miquelon,2008,0
Saint Pierre and Miquelon,2009,0
Saint Pierre and Miquelon,2010,0
Saint Pierre and Miquelon,2011,0
Saint Pierre and Miquelon,2012,0
Saint Pierre and Miquelon,2013,0
Saint Pierre and Miquelon,2014,0
Saint Pierre and Miquelon,2015,0
Saint Pierre and Miquelon,2016,0
Saint Pierre and Miquelon,2017,0
Saint Pierre and Miquelon,2018,0
Saint Pierre and Miquelon,2019,0
Saint Pierre and Miquelon,2020,0
Saint Vincent and the Grenadines,1980,0
Saint Vincent and the Grenadines,1981,0
Saint Vincent and the Grenadines,1982,0
Saint Vincent and the Grenadines,1983,0
Saint Vincent and the Grenadines,1984,0
Saint Vincent and the Grenadines,1985,0
Saint Vincent and the Grenadines,1986,0
Saint Vincent and the Grenadines,1987,0
Saint Vincent and the Grenadines,1988,0
Saint Vincent and the Grenadines,1989,0
Saint Vincent and the Grenadines,1990,0
Saint Vincent and the Grenadines,1991,0
Saint Vincent and the Grenadines,1992,0
Saint Vincent and the Grenadines,1993,0
Saint Vincent and the Grenadines,1994,0
Saint Vincent and the Grenadines,1995,0
Saint Vincent and the Grenadines,1996,0
Saint Vincent and the Grenadines,1997,0
Saint Vincent and the Grenadines,1998,0
Saint Vincent and the Grenadines,1999,0
Saint Vincent and the Grenadines,2000,0
Saint Vincent and the Grenadines,2001,0
Saint Vincent and the Grenadines,2002,0
Saint Vincent and the Grenadines,2003,0
Saint Vincent and the Grenadines,2004,0
Saint Vincent and the Grenadines,2005,0
Saint Vincent and the Grenadines,2006,0
Saint Vincent and the Grenadines,2007,0
Saint Vincent and the Grenadines,2008,0
Saint Vincent and the Grenadines,2009,0
Saint Vincent and the Grenadines,2010,0
Saint Vincent and the Grenadines,2011,0
Saint Vincent and the Grenadines,2012,0
Saint Vincent and the Grenadines,2013,0
Saint Vincent and the Grenadines,2014,0
Saint Vincent and the Grenadines,2015,0
Saint Vincent and the Grenadines,2016,0
Saint Vincent and the Grenadines,2017,0
Saint Vincent and the Grenadines,2018,0
Saint Vincent and the Grenadines,2019,0
Saint Vincent and the Grenadines,2020,0
Samoa,1980,0
Samoa,1981,0
Samoa,1982,0
Samoa,1983,0
Samoa,1984,0
Samoa,1985,0
Samoa,1986,0
Samoa,1987,0
Samoa,1988,0
Samoa,1989,0
Samoa,1990,0
Samoa,1991,0
Samoa,1992,0
Samoa,1993,0
Samoa,1994,0
Samoa,1995,0
Samoa,1996,0
Samoa,1997,0
Samoa,1998,0
Samoa,1999,0
Samoa,2000,0
Samoa,2001,0
Samoa,2002,0
Samoa,2003,0
Samoa,2004,0
Samoa,2005,0
Samoa,2006,0
Samoa,2007,0
Samoa,2008,0
Samoa,2009,0
Samoa,2010,0
Samoa,2011,0
Samoa,2012,0
Samoa,2013,0
Samoa,2014,0
Samoa,2015,0
Samoa,2016,0
Samoa,2017,0
Samoa,2018,0
Samoa,2019,0
Samoa,2020,0
Sao Tome and Principe,1980,0
Sao Tome and Principe,1981,0
Sao Tome and Principe,1982,0
Sao Tome and Principe,1983,0
Sao Tome and Principe,1984,0
Sao Tome and Principe,1985,0
Sao Tome and Principe,1986,0
Sao Tome and Principe,1987,0
Sao Tome and Principe,1988,0
Sao Tome and Principe,1989,0
Sao Tome and Principe,1990,0
Sao Tome and Principe,1991,0
Sao Tome and Principe,1992,0
Sao Tome and Principe,1993,0
Sao Tome and Principe,1994,0
Sao Tome and Principe,1995,0
Sao Tome and Principe,1996,0
Sao Tome and Principe,1997,0
Sao Tome and Principe,1998,0
Sao Tome and Principe,1999,0
Sao Tome and Principe,2000,0
Sao Tome and Principe,2001,0
Sao Tome and Principe,2002,0
Sao Tome and Principe,2003,0
Sao Tome and Principe,2004,0
Sao Tome and Principe,2005,0
Sao Tome and Principe,2006,0
Sao Tome and Principe,2007,0
Sao Tome and Principe,2008,0
Sao Tome and Principe,2009,0
Sao Tome and Principe,2010,0
Sao Tome and Principe,2011,0
Sao Tome and Principe,2012,0
Sao Tome and Principe,2013,0
Sao Tome and Principe,2014,0
Sao Tome and Principe,2015,0
Sao Tome and Principe,2016,0
Sao Tome and Principe,2017,0
Sao Tome and Principe,2018,0
Sao Tome and Principe,2019,0
Sao Tome and Principe,2020,0
Saudi Arabia,1973,441100000
Saudi Arabia,1974,492400000
Saudi Arabia,1975,410800000
Saudi Arabia,1976,498100000
Saudi Arabia,1977,536900000
Saudi Arabia,1978,482000000
Saudi Arabia,1979,553500000
Saudi Arabia,1980,574900000
Saudi Arabia,1981,570000000
Saudi Arabia,1982,376500000
Saudi Arabia,1983,295300000
Saudi Arabia,1984,270800000
Saudi Arabia,1985,196700000
Saudi Arabia,1986,282800000
Saudi Arabia,1987,247700000
Saudi Arabia,1988,295300000
Saudi Arabia,1989,294100000
Saudi Arabia,1990,372200000
Saudi Arabia,1991,471200000
Saudi Arabia,1992,483900000
Saudi Arabia,1993,476100000
Saudi Arabia,1994,471500000
Saudi Arabia,1995,478000000
Saudi Arabia,1996,477200000
Saudi Arabia,1997,485600000
Saudi Arabia,1998,487100000
Saudi Arabia,1999,454900000
Saudi Arabia,2000,488000000
Saudi Arabia,2001,466400000
Saudi Arabia,2002,443300000
Saudi Arabia,2003,509600000
Saudi Arabia,2004,528500000
Saudi Arabia,2005,554600000
Saudi Arabia,2006,531500000
Saudi Arabia,2007,506500000
Saudi Arabia,2008,537800000
Saudi Arabia,2009,479100000
Saudi Arabia,2010,477100000
Saudi Arabia,2011,547200000
Saudi Arabia,2012,571000000
Saudi Arabia,2013,562900000
Saudi Arabia,2014,565300000
Saudi Arabia,2015,590500000
Saudi Arabia,2016,607500000
Saudi Arabia,2017,598400000
Saudi Arabia,2018,615400000
Saudi Arabia,2019,579600000
Saudi Arabia,2020,546200000
Senegal,1980,0
Senegal,1981,0
Senegal,1982,0
Senegal,1983,0
Senegal,1984,0
Senegal,1985,0
Senegal,1986,0
Senegal,1987,0
Senegal,1988,0
Senegal,1989,0
Senegal,1990,0
Senegal,1991,0
Senegal,1992,0
Senegal,1993,0
Senegal,1994,0
Senegal,1995,0
Senegal,1996,0
Senegal,1997,0
Senegal,1998,0
Senegal,1999,0
Senegal,2000,0
Senegal,2001,0
Senegal,2002,0
Senegal,2003,0
Senegal,2004,0
Senegal,2005,0
Senegal,2006,0
Senegal,2007,0
Senegal,2008,0
Senegal,2009,0
Senegal,2010,0
Senegal,2011,0
Senegal,2012,0
Senegal,2013,0
Senegal,2014,0
Senegal,2015,0
Senegal,2016,0
Senegal,2017,0
Senegal,2018,0
Senegal,2019,0
Senegal,2020,0
Serbia,2006,754900
Serbia,2007,754900
Serbia,2008,754900
Serbia,2009,813000
Serbia,2010,1045000
Serbia,2011,962800
Serbia,2012,870900
Serbia,2013,957900
Serbia,2014,977800
Serbia,2015,1180000
Serbia,2016,1161000
Serbia,2017,1045000
Serbia,2018,987200
Serbia,2019,987200
Serbia,2020,946700
Seychelles,1980,0
Seychelles,1981,0
Seychelles,1982,0
Seychelles,1983,0
Seychelles,1984,0
Seychelles,1985,0
Seychelles,1986,0
Seychelles,1987,0
Seychelles,1988,0
Seychelles,1989,0
Seychelles,1990,0
Seychelles,1991,0
Seychelles,1992,0
Seychelles,1993,0
Seychelles,1994,0
Seychelles,1995,0
Seychelles,1996,0
Seychelles,1997,0
Seychelles,1998,0
Seychelles,1999,0
Seychelles,2000,0
Seychelles,2001,0
Seychelles,2002,0
Seychelles,2003,0
Seychelles,2004,0
Seychelles,2005,0
Seychelles,2006,0
Seychelles,2007,0
Seychelles,2008,0
Seychelles,2009,0
Seychelles,2010,0
Seychelles,2011,0
Seychelles,2012,0
Seychelles,2013,0
Seychelles,2014,0
Seychelles,2015,0
Seychelles,2016,0
Seychelles,2017,0
Seychelles,2018,0
Seychelles,2019,0
Seychelles,2020,0
Sierra Leone,1980,0
Sierra Leone,1981,0
Sierra Leone,1982,0
Sierra Leone,1983,0
Sierra Leone,1984,0
Sierra Leone,1985,0
Sierra Leone,1986,0
Sierra Leone,1987,0
Sierra Leone,1988,0
Sierra Leone,1989,0
Sierra Leone,1990,0
Sierra Leone,1991,0
Sierra Leone,1992,0
Sierra Leone,1993,0
Sierra Leone,1994,0
Sierra Leone,1995,0
Sierra Leone,1996,0
Sierra Leone,1997,0
Sierra Leone,1998,0
Sierra Leone,1999,0
Sierra Leone,2000,0
Sierra Leone,2001,0
Sierra Leone,2002,0
Sierra Leone,2003,0
Sierra Leone,2004,0
Sierra Leone,2005,0
Sierra Leone,2006,0
Sierra Leone,2007,0
Sierra Leone,2008,0
Sierra Leone,2009,0
Sierra Leone,2010,0
Sierra Leone,2011,0
Sierra Leone,2012,0
Sierra Leone,2013,0
Sierra Leone,2014,0
Sierra Leone,2015,0
Sierra Leone,2016,0
Sierra Leone,2017,0
Sierra Leone,2018,0
Sierra Leone,2019,0
Sierra Leone,2020,0
Singapore,1980,0
Singapore,1981,0
Singapore,1982,0
Singapore,1983,0
Singapore,1984,0
Singapore,1985,0
Singapore,1986,0
Singapore,1987,0
Singapore,1988,0
Singapore,1989,0
Singapore,1990,0
Singapore,1991,0
Singapore,1992,0
Singapore,1993,0
Singapore,1994,0
Singapore,1995,0
Singapore,1996,0
Singapore,1997,0
Singapore,1998,0
Singapore,1999,0
Singapore,2000,0
Singapore,2001,0
Singapore,2002,0
Singapore,2003,0
Singapore,2004,0
Singapore,2005,0
Singapore,2006,0
Singapore,2007,0
Singapore,2008,0
Singapore,2009,0
Singapore,2010,0
Singapore,2011,0
Singapore,2012,0
Singapore,2013,0
Singapore,2014,0
Singapore,2015,0
Singapore,2016,0
Singapore,2017,0
Singapore,2018,0
Singapore,2019,0
Singapore,2020,0
Slovakia,1993,75490
Slovakia,1994,75490
Slovakia,1995,81300
Slovakia,1996,92910
Slovakia,1997,87100
Slovakia,1998,69680
Slovakia,1999,52260
Slovakia,2000,58070
Slovakia,2001,58070
Slovakia,2002,58070
Slovakia,2003,72880
Slovakia,2004,49820
Slovakia,2005,40650
Slovakia,2006,36000
Slovakia,2007,27870
Slovakia,2008,24390
Slovakia,2009,11610
Slovakia,2010,11610
Slovakia,2011,11610
Slovakia,2012,11610
Slovakia,2013,11610
Slovakia,2014,11610
Slovakia,2015,11610
Slovakia,2016,11610
Slovakia,2017,12540
Slovakia,2018,12280
Slovakia,2019,12090
Slovakia,2020,4652
Slovenia,1992,0
Slovenia,1993,2323
Slovenia,2000,1161
Slovenia,2001,813
Slovenia,2002,813
Slovenia,2003,580.7
Slovenia,2004,348.4
Slovenia,2005,290.4
Slovenia,2006,290.4
Slovenia,2007,290.4
Slovenia,2008,290.4
Slovenia,2009,290.4
Slovenia,2010,290.4
Slovenia,2011,290.4
Slovenia,2012,290.4
Slovenia,2013,290.4
Slovenia,2014,290.4
Slovenia,2015,290.4
Slovenia,2016,290.4
Slovenia,2017,0
Slovenia,2018,0
Slovenia,2019,0
Slovenia,2020,0
Solomon Islands,1980,0
Solomon Islands,1981,0
Solomon Islands,1982,0
Solomon Islands,1983,0
Solomon Islands,1984,0
Solomon Islands,1985,0
Solomon Islands,1986,0
Solomon Islands,1987,0
Solomon Islands,1988,0
Solomon Islands,1989,0
Solomon Islands,1990,0
Solomon Islands,1991,0
Solomon Islands,1992,0
Solomon Islands,1993,0
Solomon Islands,1994,0
Solomon Islands,1995,0
Solomon Islands,1996,0
Solomon Islands,1997,0
Solomon Islands,1998,0
Solomon Islands,1999,0
Solomon Islands,2000,0
Solomon Islands,2001,0
Solomon Islands,2002,0
Solomon Islands,2003,0
Solomon Islands,2004,0
Solomon Islands,2005,0
Solomon Islands,2006,0
Solomon Islands,2007,0
Solomon Islands,2008,0
Solomon Islands,2009,0
Solomon Islands,2010,0
Solomon Islands,2011,0
Solomon Islands,2012,0
Solomon Islands,2013,0
Solomon Islands,2014,0
Solomon Islands,2015,0
Solomon Islands,2016,0
Solomon Islands,2017,0
Solomon Islands,2018,0
Solomon Islands,2019,0
Solomon Islands,2020,0
Somalia,1980,0
Somalia,1981,0
Somalia,1982,0
Somalia,1983,0
Somalia,1984,0
Somalia,1985,0
Somalia,1986,0
Somalia,1987,0
Somalia,1988,0
Somalia,1989,0
Somalia,1990,0
Somalia,1991,0
Somalia,1992,0
Somalia,1993,0
Somalia,1994,0
Somalia,1995,0
Somalia,1996,0
Somalia,1997,0
Somalia,1998,0
Somalia,1999,0
Somalia,2000,0
Somalia,2001,0
Somalia,2002,0
Somalia,2003,0
Somalia,2004,0
Somalia,2005,0
Somalia,2006,0
Somalia,2007,0
Somalia,2008,0
Somalia,2009,0
Somalia,2010,0
Somalia,2011,0
Somalia,2012,0
Somalia,2013,0
Somalia,2014,0
Somalia,2015,0
Somalia,2016,0
Somalia,2017,0
Somalia,2018,0
Somalia,2019,0
Somalia,2020,0
South Africa,1980,0
South Africa,1981,0
South Africa,1982,0
South Africa,1983,0
South Africa,1984,0
South Africa,1985,0
South Africa,1986,0
South Africa,1987,0
South Africa,1988,0
South Africa,1989,0
South Africa,1990,0
South Africa,1991,0
South Africa,1992,0
South Africa,1993,0
South Africa,1994,0
South Africa,1995,0
South Africa,1996,0
South Africa,1997,0
South Africa,1998,1045000
South Africa,1999,1452000
South Africa,2000,1510000
South Africa,2001,1522000
South Africa,2002,1132000
South Africa,2003,1721000
South Africa,2004,3242000
South Africa,2005,1998000
South Africa,2006,1170000
South Africa,2007,932500
South Africa,2008,846800
South Africa,2009,232300
South Africa,2010,202800
South Africa,2011,232300
South Africa,2012,227200
South Africa,2013,207900
South Africa,2014,174200
South Africa,2015,174200
South Africa,2016,116100
South Africa,2017,107700
South Africa,2018,88050
South Africa,2019,72020
South Africa,2020,59060
South Korea,1980,0
South Korea,1981,0
South Korea,1982,0
South Korea,1983,0
South Korea,1984,0
South Korea,1985,0
South Korea,1986,0
South Korea,1987,0
South Korea,1988,0
South Korea,1989,0
South Korea,1990,0
South Korea,1991,0
South Korea,1992,0
South Korea,1993,0
South Korea,1994,0
South Korea,1995,0
South Korea,1996,0
South Korea,1997,0
South Korea,1998,0
South Korea,1999,0
South Korea,2000,0
South Korea,2001,0
South Korea,2002,0
South Korea,2003,0
South Korea,2004,0
South Korea,2005,0
South Korea,2006,0
South Korea,2007,0
South Korea,2008,0
South Korea,2009,0
South Korea,2010,0
South Korea,2011,0
South Korea,2012,0
South Korea,2013,0
South Korea,2014,0
South Korea,2015,0
South Korea,2016,0
South Korea,2017,0
South Korea,2018,0
South Korea,2019,0
South Korea,2020,0
South Sudan,2012,1325000
South Sudan,2013,6723000
South Sudan,2014,8581000
South Sudan,2015,8864000
South Sudan,2016,8853000
South Sudan,2017,8718000
South Sudan,2018,9047000
South Sudan,2019,9123000
South Sudan,2020,9438000
Spain,1980,1916000
Spain,1981,1452000
Spain,1982,1742000
Spain,1983,3368000
Spain,1984,2671000
Spain,1985,2555000
Spain,1986,2207000
Spain,1987,1974000
Spain,1988,1742000
Spain,1989,1219000
Spain,1990,929100
Spain,1991,1278000
Spain,1992,1278000
Spain,1993,1045000
Spain,1994,987200
Spain,1995,768400
Spain,1996,600700
Spain,1997,441300
Spain,1998,638800
Spain,1999,353000
Spain,2000,275900
Spain,2001,412200
Spain,2002,372200
Spain,2003,383100
Spain,2004,348300
Spain,2005,179600
Spain,2006,173900
Spain,2007,159600
Spain,2008,154900
Spain,2009,135700
Spain,2010,149400
Spain,2011,125800
Spain,2012,174400
Spain,2013,426100
Spain,2014,362900
Spain,2015,270100
Spain,2016,154900
Spain,2017,139500
Spain,2018,104500
Spain,2019,47340
Spain,2020,31870
Sri Lanka,1980,0
Sri Lanka,1981,0
Sri Lanka,1982,0
Sri Lanka,1983,0
Sri Lanka,1984,0
Sri Lanka,1985,0
Sri Lanka,1986,0
Sri Lanka,1987,0
Sri Lanka,1988,0
Sri Lanka,1989,0
Sri Lanka,1990,0
Sri Lanka,1991,0
Sri Lanka,1992,0
Sri Lanka,1993,0
Sri Lanka,1994,0
Sri Lanka,1995,0
Sri Lanka,1996,0
Sri Lanka,1997,0
Sri Lanka,1998,0
Sri Lanka,1999,0
Sri Lanka,2000,0
Sri Lanka,2001,0
Sri Lanka,2002,0
Sri Lanka,2003,0
Sri Lanka,2004,0
Sri Lanka,2005,0
Sri Lanka,2006,0
Sri Lanka,2007,0
Sri Lanka,2008,0
Sri Lanka,2009,0
Sri Lanka,2010,0
Sri Lanka,2011,0
Sri Lanka,2012,0
Sri Lanka,2013,0
Sri Lanka,2014,0
Sri Lanka,2015,0
Sri Lanka,2016,0
Sri Lanka,2017,0
Sri Lanka,2018,0
Sri Lanka,2019,0
Sri Lanka,2020,0
Sudan,1980,0
Sudan,1981,0
Sudan,1982,0
Sudan,1983,0
Sudan,1984,0
Sudan,1985,0
Sudan,1986,0
Sudan,1987,0
Sudan,1988,0
Sudan,1989,0
Sudan,1990,0
Sudan,1991,0
Sudan,1992,17420
Sudan,1993,17420
Sudan,1994,5807
Sudan,1995,11610
Sudan,1996,115700
Sudan,1997,289100
Sudan,1998,580700
Sudan,1999,4013000
Sudan,2000,10800000
Sudan,2001,12140000
Sudan,2002,13870000
Sudan,2003,15660000
Sudan,2004,19890000
Sudan,2005,20320000
Sudan,2006,21960000
Sudan,2007,26930000
Sudan,2008,27750000
Sudan,2009,28070000
Sudan,2010,28230000
Sudan,2011,26320000
Sudan,2012,5345000
Sudan,2013,7770000
Sudan,2014,6603000
Sudan,2015,6293000
Sudan,2016,6090000
Sudan,2017,5943000
Sudan,2018,3908000
Sudan,2019,4056000
Sudan,2020,3759000
Suriname,1980,0
Suriname,1981,0
Suriname,1982,0
Suriname,1983,0
Suriname,1984,0
Suriname,1985,58070
Suriname,1986,116100
Suriname,1987,116100
Suriname,1988,174200
Suriname,1989,232300
Suriname,1990,226500
Suriname,1991,203200
Suriname,1992,290400
Suriname,1993,290400
Suriname,1994,348400
Suriname,1995,408200
Suriname,1996,435400
Suriname,1997,290400
Suriname,1998,406500
Suriname,1999,580700
Suriname,2000,580700
Suriname,2001,580700
Suriname,2002,580700
Suriname,2003,580700
Suriname,2004,580700
Suriname,2005,580700
Suriname,2006,673600
Suriname,2007,786000
Suriname,2008,920000
Suriname,2009,929100
Suriname,2010,929100
Suriname,2011,929100
Suriname,2012,919400
Suriname,2013,871000
Suriname,2014,871000
Suriname,2015,929100
Suriname,2016,929100
Suriname,2017,929100
Suriname,2018,929100
Suriname,2019,929100
Suriname,2020,899900
Sweden,1980,29040
Sweden,1981,5807
Sweden,1982,17420
Sweden,1983,23230
Sweden,1984,11610
Sweden,1985,5807
Sweden,1993,580.7
Sweden,1996,0
Sweden,1997,0
Sweden,1998,0
Sweden,1999,0
Sweden,2000,0
Sweden,2001,0
Sweden,2002,0
Sweden,2003,0
Sweden,2004,0
Sweden,2005,0
Sweden,2006,0
Sweden,2007,0
Sweden,2008,0
Sweden,2009,0
Sweden,2010,0
Sweden,2011,0
Sweden,2012,0
Sweden,2013,0
Sweden,2014,0
Sweden,2015,0
Sweden,2016,0
Sweden,2017,0
Sweden,2018,0
Sweden,2019,0
Sweden,2020,0
Switzerland,1980,0
Switzerland,1981,0
Switzerland,1982,0
Switzerland,1983,0
Switzerland,1984,0
Switzerland,1985,0
Switzerland,1986,0
Switzerland,1987,0
Switzerland,1988,0
Switzerland,1989,0
Switzerland,1990,0
Switzerland,1991,0
Switzerland,1992,0
Switzerland,1993,0
Switzerland,1994,0
Switzerland,1995,0
Switzerland,1996,0
Switzerland,1997,0
Switzerland,1998,0
Switzerland,1999,0
Switzerland,2000,0
Switzerland,2001,0
Switzerland,2002,0
Switzerland,2003,0
Switzerland,2004,0
Switzerland,2005,0
Switzerland,2006,0
Switzerland,2007,0
Switzerland,2008,0
Switzerland,2009,0
Switzerland,2010,0
Switzerland,2011,0
Switzerland,2012,0
Switzerland,2013,0
Switzerland,2014,0
Switzerland,2015,0
Switzerland,2016,0
Switzerland,2017,0
Switzerland,2018,0
Switzerland,2019,0
Switzerland,2020,0
Syria,1980,9523000
Syria,1981,9640000
Syria,1982,9291000
Syria,1983,9698000
Syria,1984,9872000
Syria,1985,10340000
Syria,1986,11270000
Syria,1987,13360000
Syria,1988,15390000
Syria,1989,19740000
Syria,1990,22530000
Syria,1991,28570000
Syria,1992,27930000
Syria,1993,32160000
Syria,1994,32510000
Syria,1995,33390000
Syria,1996,33830000
Syria,1997,32590000
Syria,1998,32130000
Syria,1999,31260000
Syria,2000,30360000
Syria,2001,28100000
Syria,2002,27420000
Syria,2003,26940000
Syria,2004,25900000
Syria,2005,25090000
Syria,2006,23600000
Syria,2007,22070000
Syria,2008,21450000
Syria,2009,21370000
Syria,2010,22260000
Syria,2011,19720000
Syria,2012,8433000
Syria,2013,3371000
Syria,2014,1316000
Syria,2015,1742000
Syria,2016,1665000
Syria,2017,1045000
Syria,2018,1417000
Syria,2019,1742000
Syria,2020,2032000
Taiwan,1980,290400
Taiwan,1981,174200
Taiwan,1982,174200
Taiwan,1983,174200
Taiwan,1984,174200
Taiwan,1985,116100
Taiwan,1986,116100
Taiwan,1987,174200
Taiwan,1988,116100
Taiwan,1989,116100
Taiwan,1990,174200
Taiwan,1991,127800
Taiwan,1992,116100
Taiwan,1993,63880
Taiwan,1994,75490
Taiwan,1995,69680
Taiwan,1996,69680
Taiwan,1997,58070
Taiwan,1998,52260
Taiwan,1999,46460
Taiwan,2000,42860
Taiwan,2001,46460
Taiwan,2002,51100
Taiwan,2003,53420
Taiwan,2004,46460
Taiwan,2005,32400
Taiwan,2006,23580
Taiwan,2007,17770
Taiwan,2008,16090
Taiwan,2009,16030
Taiwan,2010,14230
Taiwan,2011,11320
Taiwan,2012,11380
Taiwan,2013,11380
Taiwan,2014,11380
Taiwan,2015,11380
Taiwan,2016,11380
Taiwan,2017,11380
Taiwan,2018,11380
Taiwan,2019,11380
Taiwan,2020,11380
Tajikistan,1992,63880
Tajikistan,1993,34840
Tajikistan,1994,23230
Tajikistan,1995,29040
Tajikistan,1996,23230
Tajikistan,1997,29040
Tajikistan,1998,23230
Tajikistan,1999,23230
Tajikistan,2000,20850
Tajikistan,2001,18930
Tajikistan,2002,17940
Tajikistan,2003,20440
Tajikistan,2004,14520
Tajikistan,2005,16220
Tajikistan,2006,17420
Tajikistan,2007,16160
Tajikistan,2008,13660
Tajikistan,2009,12660
Tajikistan,2010,12490
Tajikistan,2011,12490
Tajikistan,2012,12410
Tajikistan,2013,11960
Tajikistan,2014,11960
Tajikistan,2015,10550
Tajikistan,2016,10450
Tajikistan,2017,18350
Tajikistan,2018,18350
Tajikistan,2019,18350
Tajikistan,2020,18350
Tanzania,1980,0
Tanzania,1981,0
Tanzania,1982,0
Tanzania,1983,0
Tanzania,1984,0
Tanzania,1985,0
Tanzania,1986,0
Tanzania,1987,0
Tanzania,1988,0
Tanzania,1989,0
Tanzania,1990,0
Tanzania,1991,0
Tanzania,1992,0
Tanzania,1993,0
Tanzania,1994,0
Tanzania,1995,0
Tanzania,1996,0
Tanzania,1997,0
Tanzania,1998,0
Tanzania,1999,0
Tanzania,2000,0
Tanzania,2001,0
Tanzania,2002,0
Tanzania,2003,0
Tanzania,2004,0
Tanzania,2005,0
Tanzania,2006,0
Tanzania,2007,0
Tanzania,2008,0
Tanzania,2009,0
Tanzania,2010,0
Tanzania,2011,0
Tanzania,2012,0
Tanzania,2013,0
Tanzania,2014,0
Tanzania,2015,0
Tanzania,2016,0
Tanzania,2017,0
Tanzania,2018,0
Tanzania,2019,0
Tanzania,2020,0
Thailand,1980,17420
Thailand,1981,17420
Thailand,1982,348400
Thailand,1983,638800
Thailand,1984,1045000
Thailand,1985,1974000
Thailand,1986,2032000
Thailand,1987,1916000
Thailand,1988,2091000
Thailand,1989,2323000
Thailand,1990,2555000
Thailand,1991,2671000
Thailand,1992,2962000
Thailand,1993,3037000
Thailand,1994,3227000
Thailand,1995,2981000
Thailand,1996,3530000
Thailand,1997,4172000
Thailand,1998,4360000
Thailand,1999,4872000
Thailand,2000,6368000
Thailand,2001,6606000
Thailand,2002,7384000
Thailand,2003,9232000
Thailand,2004,9000000
Thailand,2005,10650000
Thailand,2006,11870000
Thailand,2007,12390000
Thailand,2008,13290000
Thailand,2009,13820000
Thailand,2010,14040000
Thailand,2011,13020000
Thailand,2012,13850000
Thailand,2013,13980000
Thailand,2014,13530000
Thailand,2015,14410000
Thailand,2016,14950000
Thailand,2017,13920000
Thailand,2018,13250000
Thailand,2019,13260000
Thailand,2020,11740000
Timor,2003,0
Timor,2004,3014000
Timor,2005,5483000
Timor,2006,6213000
Timor,2007,5401000
Timor,2008,5923000
Timor,2009,5691000
Timor,2010,5110000
Timor,2011,5807000
Timor,2012,6272000
Timor,2013,4065000
Timor,2014,2613000
Timor,2015,2613000
Timor,2016,1742000
Timor,2017,1219000
Timor,2018,871000
Timor,2019,1336000
Timor,2020,813000
Togo,1980,0
Togo,1981,0
Togo,1982,0
Togo,1983,0
Togo,1984,0
Togo,1985,0
Togo,1986,0
Togo,1987,0
Togo,1988,0
Togo,1989,0
Togo,1990,0
Togo,1991,0
Togo,1992,0
Togo,1993,0
Togo,1994,0
Togo,1995,0
Togo,1996,0
Togo,1997,0
Togo,1998,0
Togo,1999,0
Togo,2000,0
Togo,2001,0
Togo,2002,0
Togo,2003,0
Togo,2004,0
Togo,2005,0
Togo,2006,0
Togo,2007,0
Togo,2008,0
Togo,2009,0
Togo,2010,0
Togo,2011,0
Togo,2012,0
Togo,2013,0
Togo,2014,0
Togo,2015,0
Togo,2016,0
Togo,2017,0
Togo,2018,0
Togo,2019,0
Togo,2020,0
Tonga,1980,0
Tonga,1981,0
Tonga,1982,0
Tonga,1983,0
Tonga,1984,0
Tonga,1985,0
Tonga,1986,0
Tonga,1987,0
Tonga,1988,0
Tonga,1989,0
Tonga,1990,0
Tonga,1991,0
Tonga,1992,0
Tonga,1993,0
Tonga,1994,0
Tonga,1995,0
Tonga,1996,0
Tonga,1997,0
Tonga,1998,0
Tonga,1999,0
Tonga,2000,0
Tonga,2001,0
Tonga,2002,0
Tonga,2003,0
Tonga,2004,0
Tonga,2005,0
Tonga,2006,0
Tonga,2007,0
Tonga,2008,0
Tonga,2009,0
Tonga,2010,0
Tonga,2011,0
Tonga,2012,0
Tonga,2013,0
Tonga,2014,0
Tonga,2015,0
Tonga,2016,0
Tonga,2017,0
Tonga,2018,0
Tonga,2019,0
Tonga,2020,0
Trinidad and Tobago,1980,12250000
Trinidad and Tobago,1981,13940000
Trinidad and Tobago,1982,10450000
Trinidad and Tobago,1983,9291000
Trinidad and Tobago,1984,9872000
Trinidad and Tobago,1985,10160000
Trinidad and Tobago,1986,9756000
Trinidad and Tobago,1987,9117000
Trinidad and Tobago,1988,9117000
Trinidad and Tobago,1989,8943000
Trinidad and Tobago,1990,8710000
Trinidad and Tobago,1991,8769000
Trinidad and Tobago,1992,7956000
Trinidad and Tobago,1993,7839000
Trinidad and Tobago,1994,7665000
Trinidad and Tobago,1995,7621000
Trinidad and Tobago,1996,7525000
Trinidad and Tobago,1997,7209000
Trinidad and Tobago,1998,7138000
Trinidad and Tobago,1999,7230000
Trinidad and Tobago,2000,7094000
Trinidad and Tobago,2001,6582000
Trinidad and Tobago,2002,7075000
Trinidad and Tobago,2003,7787000
Trinidad and Tobago,2004,7137000
Trinidad and Tobago,2005,8401000
Trinidad and Tobago,2006,8288000
Trinidad and Tobago,2007,7035000
Trinidad and Tobago,2008,6636000
Trinidad and Tobago,2009,6199000
Trinidad and Tobago,2010,5701000
Trinidad and Tobago,2011,3994000
Trinidad and Tobago,2012,4010000
Trinidad and Tobago,2013,3936000
Trinidad and Tobago,2014,3932000
Trinidad and Tobago,2015,3803000
Trinidad and Tobago,2016,4151000
Trinidad and Tobago,2017,4171000
Trinidad and Tobago,2018,3687000
Trinidad and Tobago,2019,3417000
Trinidad and Tobago,2020,3279000
Tunisia,1980,6388000
Tunisia,1981,6852000
Tunisia,1982,6968000
Tunisia,1983,6968000
Tunisia,1984,6968000
Tunisia,1985,6620000
Tunisia,1986,6446000
Tunisia,1987,6155000
Tunisia,1988,5981000
Tunisia,1989,6097000
Tunisia,1990,5401000
Tunisia,1991,6039000
Tunisia,1992,6330000
Tunisia,1993,5691000
Tunisia,1994,5324000
Tunisia,1995,5177000
Tunisia,1996,5052000
Tunisia,1997,4875000
Tunisia,1998,4660000
Tunisia,1999,4839000
Tunisia,2000,4568000
Tunisia,2001,4040000
Tunisia,2002,4402000
Tunisia,2003,4355000
Tunisia,2004,4632000
Tunisia,2005,4355000
Tunisia,2006,4439000
Tunisia,2007,4837000
Tunisia,2008,4816000
Tunisia,2009,4551000
Tunisia,2010,4351000
Tunisia,2011,3736000
Tunisia,2012,3675000
Tunisia,2013,3493000
Tunisia,2014,2880000
Tunisia,2015,2091000
Tunisia,2016,2207000
Tunisia,2017,2131000
Tunisia,2018,2072000
Tunisia,2019,1974000
Tunisia,2020,1811000
Turkey,1980,2671000
Turkey,1981,2671000
Turkey,1982,2904000
Turkey,1983,2555000
Turkey,1984,2381000
Turkey,1985,2381000
Turkey,1986,2671000
Turkey,1987,2962000
Turkey,1988,2904000
Turkey,1989,3252000
Turkey,1990,4239000
Turkey,1991,5110000
Turkey,1992,4878000
Turkey,1993,4350000
Turkey,1994,4181000
Turkey,1995,3919000
Turkey,1996,3901000
Turkey,1997,3944000
Turkey,1998,3789000
Turkey,1999,3432000
Turkey,2000,3059000
Turkey,2001,2787000
Turkey,2002,2710000
Turkey,2003,2623000
Turkey,2004,2463000
Turkey,2005,2536000
Turkey,2006,2448000
Turkey,2007,2381000
Turkey,2008,2415000
Turkey,2009,2683000
Turkey,2010,2807000
Turkey,2011,2656000
Turkey,2012,2599000
Turkey,2013,2685000
Turkey,2014,2768000
Turkey,2015,2817000
Turkey,2016,2874000
Turkey,2017,2855000
Turkey,2018,3189000
Turkey,2019,3340000
Turkey,2020,3573000
Turkmenistan,1992,5691000
Turkmenistan,1993,4588000
Turkmenistan,1994,4466000
Turkmenistan,1995,4064000
Turkmenistan,1996,4408000
Turkmenistan,1997,5169000
Turkmenistan,1998,6387000
Turkmenistan,1999,8093000
Turkmenistan,2000,8223000
Turkmenistan,2001,9001000
Turkmenistan,2002,10430000
Turkmenistan,2003,10880000
Turkmenistan,2004,11680000
Turkmenistan,2005,10640000
Turkmenistan,2006,9376000
Turkmenistan,2007,9500000
Turkmenistan,2008,9887000
Turkmenistan,2009,10240000
Turkmenistan,2010,10350000
Turkmenistan,2011,11420000
Turkmenistan,2012,12510000
Turkmenistan,2013,13270000
Turkmenistan,2014,13890000
Turkmenistan,2015,14110000
Turkmenistan,2016,13400000
Turkmenistan,2017,14230000
Turkmenistan,2018,14650000
Turkmenistan,2019,13200000
Turkmenistan,2020,11610000
Turks and Caicos Islands,1980,0
Turks and Caicos Islands,1981,0
Turks and Caicos Islands,1982,0
Turks and Caicos Islands,1983,0
Turks and Caicos Islands,1984,0
Turks and Caicos Islands,1985,0
Turks and Caicos Islands,1986,0
Turks and Caicos Islands,1987,0
Turks and Caicos Islands,1988,0
Turks and Caicos Islands,1989,0
Turks and Caicos Islands,1990,0
Turks and Caicos Islands,1991,0
Turks and Caicos Islands,1992,0
Turks and Caicos Islands,1993,0
Turks and Caicos Islands,1994,0
Turks and Caicos Islands,1995,0
Turks and Caicos Islands,1996,0
Turks and Caicos Islands,1997,0
Turks and Caicos Islands,1998,0
Turks and Caicos Islands,1999,0
Turks and Caicos Islands,2000,0
Turks and Caicos Islands,2001,0
Turks and Caicos Islands,2002,0
Turks and Caicos Islands,2003,0
Turks and Caicos Islands,2004,0
Turks and Caicos Islands,2005,0
Turks and Caicos Islands,2006,0
Turks and Caicos Islands,2007,0
Turks and Caicos Islands,2008,0
Turks and Caicos Islands,2009,0
Turks and Caicos Islands,2010,0
Turks and Caicos Islands,2011,0
Turks and Caicos Islands,2012,0
Turks and Caicos Islands,2013,0
Turks and Caicos Islands,2014,0
Turks and Caicos Islands,2015,0
Turks and Caicos Islands,2016,0
Turks and Caicos Islands,2017,0
Turks and Caicos Islands,2018,0
Turks and Caicos Islands,2019,0
Turks and Caicos Islands,2020,0
U.S. Pacific Islands,1980,0
U.S. Pacific Islands,1981,0
U.S. Pacific Islands,1982,0
U.S. Pacific Islands,1983,0
U.S. Pacific Islands,1984,0
U.S. Pacific Islands,1985,0
U.S. Pacific Islands,1986,0
U.S. Pacific Islands,1987,0
U.S. Pacific Islands,1988,0
U.S. Pacific Islands,1989,0
U.S. Pacific Islands,1990,0
U.S. Pacific Islands,1991,0
U.S. Pacific Islands,1992,0
U.S. Pacific Islands,1993,0
U.S. Pacific Islands,1994,0
U.S. Pacific Islands,1995,0
U.S. Pacific Islands,1996,0
U.S. Pacific Islands,1997,0
U.S. Pacific Islands,1998,0
U.S. Pacific Islands,1999,0
U.S. Pacific Islands,2000,0
U.S. Pacific Islands,2001,0
U.S. Pacific Islands,2002,0
U.S. Pacific Islands,2003,0
U.S. Pacific Islands,2004,0
U.S. Pacific Islands,2005,0
U.S. Pacific Islands,2006,0
U.S. Pacific Islands,2007,0
U.S. Pacific Islands,2008,0
U.S. Pacific Islands,2009,0
U.S. Pacific Islands,2010,0
U.S. Pacific Islands,2011,0
U.S. Pacific Islands,2012,0
U.S. Pacific Islands,2013,0
U.S. Pacific Islands,2014,0
U.S. Pacific Islands,2015,0
U.S. Pacific Islands,2016,0
U.S. Pacific Islands,2017,0
U.S. Pacific Islands,2018,0
U.S. Pacific Islands,2019,0
U.S. Pacific Islands,2020,0
Uganda,1980,0
Uganda,1981,0
Uganda,1982,0
Uganda,1983,0
Uganda,1984,0
Uganda,1985,0
Uganda,1986,0
Uganda,1987,0
Uganda,1988,0
Uganda,1989,0
Uganda,1990,0
Uganda,1991,0
Uganda,1992,0
Uganda,1993,0
Uganda,1994,0
Uganda,1995,0
Uganda,1996,0
Uganda,1997,0
Uganda,1998,0
Uganda,1999,0
Uganda,2000,0
Uganda,2001,0
Uganda,2002,0
Uganda,2003,0
Uganda,2004,0
Uganda,2005,0
Uganda,2006,0
Uganda,2007,0
Uganda,2008,0
Uganda,2009,0
Uganda,2010,0
Uganda,2011,0
Uganda,2012,0
Uganda,2013,0
Uganda,2014,0
Uganda,2015,0
Uganda,2016,0
Uganda,2017,0
Uganda,2018,0
Uganda,2019,0
Uganda,2020,0
Ukraine,1992,4181000
Ukraine,1993,3841000
Ukraine,1994,3658000
Ukraine,1995,3484000
Ukraine,1996,3426000
Ukraine,1997,3310000
Ukraine,1998,3136000
Ukraine,1999,3078000
Ukraine,2000,3020000
Ukraine,2001,3020000
Ukraine,2002,3020000
Ukraine,2003,3252000
Ukraine,2004,3484000
Ukraine,2005,3658000
Ukraine,2006,3891000
Ukraine,2007,3833000
Ukraine,2008,3569000
Ukraine,2009,3353000
Ukraine,2010,2967000
Ukraine,2011,2804000
Ukraine,2012,2650000
Ukraine,2013,2509000
Ukraine,2014,2351000
Ukraine,2015,2085000
Ukraine,2016,1862000
Ukraine,2017,1767000
Ukraine,2018,1892000
Ukraine,2019,2004000
Ukraine,2020,1950000
United Arab Emirates,1973,89000000
United Arab Emirates,1974,97490000
United Arab Emirates,1975,96620000
United Arab Emirates,1976,112400000
United Arab Emirates,1977,116100000
United Arab Emirates,1978,106300000
United Arab Emirates,1979,106400000
United Arab Emirates,1980,99230000
United Arab Emirates,1981,85600000
United Arab Emirates,1982,72590000
United Arab Emirates,1983,66700000
United Arab Emirates,1984,66540000
United Arab Emirates,1985,69300000
United Arab Emirates,1986,77240000
United Arab Emirates,1987,89470000
United Arab Emirates,1988,90880000
United Arab Emirates,1989,108000000
United Arab Emirates,1990,122900000
United Arab Emirates,1991,138600000
United Arab Emirates,1992,131600000
United Arab Emirates,1993,125400000
United Arab Emirates,1994,127400000
United Arab Emirates,1995,129600000
United Arab Emirates,1996,132300000
United Arab Emirates,1997,134500000
United Arab Emirates,1998,136200000
United Arab Emirates,1999,126000000
United Arab Emirates,2000,137500000
United Arab Emirates,2001,128000000
United Arab Emirates,2002,120900000
United Arab Emirates,2003,136400000
United Arab Emirates,2004,143900000
United Arab Emirates,2005,147200000
United Arab Emirates,2006,153100000
United Arab Emirates,2007,151100000
United Arab Emirates,2008,163800000
United Arab Emirates,2009,148700000
United Arab Emirates,2010,149200000
United Arab Emirates,2011,165500000
United Arab Emirates,2012,173800000
United Arab Emirates,2013,170600000
United Arab Emirates,2014,174800000
United Arab Emirates,2015,182900000
United Arab Emirates,2016,188300000
United Arab Emirates,2017,184300000
United Arab Emirates,2018,186800000
United Arab Emirates,2019,202500000
United Arab Emirates,2020,182200000
United Kingdom,1973,116100
United Kingdom,1974,116100
United Kingdom,1975,690300
United Kingdom,1976,14240000
United Kingdom,1977,44610000
United Kingdom,1978,62850000
United Kingdom,1979,91060000
United Kingdom,1980,94190000
United Kingdom,1981,105200000
United Kingdom,1982,119900000
United Kingdom,1983,133100000
United Kingdom,1984,144000000
United Kingdom,1985,146900000
United Kingdom,1986,147400000
United Kingdom,1987,139700000
United Kingdom,1988,129600000
United Kingdom,1989,104600000
United Kingdom,1990,105700000
United Kingdom,1991,104400000
United Kingdom,1992,106000000
United Kingdom,1993,111200000
United Kingdom,1994,137900000
United Kingdom,1995,144500000
United Kingdom,1996,149100000
United Kingdom,1997,146200000
United Kingdom,1998,151900000
United Kingdom,1999,155900000
United Kingdom,2000,132100000
United Kingdom,2001,132500000
United Kingdom,2002,133100000
United Kingdom,2003,121600000
United Kingdom,2004,107200000
United Kingdom,2005,95730000
United Kingdom,2006,86540000
United Kingdom,2007,86990000
United Kingdom,2008,80800000
United Kingdom,2009,77100000
United Kingdom,2010,71610000
United Kingdom,2011,59600000
United Kingdom,2012,51570000
United Kingdom,2013,46530000
United Kingdom,2014,45710000
United Kingdom,2015,51870000
United Kingdom,2016,54180000
United Kingdom,2017,52870000
United Kingdom,2018,58070000
United Kingdom,2019,59600000
United Kingdom,2020,55010000
United States,1973,534700000
United States,1974,509500000
United States,1975,486300000
United States,1976,472200000
United States,1977,478800000
United States,1978,505600000
United States,1979,496600000
United States,1980,499200000
United States,1981,497800000
United States,1982,502200000
United States,1983,504500000
United States,1984,515600000
United States,1985,521000000
United States,1986,504100000
United States,1987,484800000
United States,1988,472700000
United States,1989,442100000
United States,1990,427100000
United States,1991,430700000
United States,1992,416400000
United States,1993,397600000
United States,1994,386800000
United States,1995,380900000
United States,1996,375400000
United States,1997,374600000
United States,1998,363000000
United States,1999,341500000
United States,2000,338100000
United States,2001,336900000
United States,2002,333600000
United States,2003,328100000
United States,2004,316000000
United States,2005,301000000
United States,2006,295300000
United States,2007,294600000
United States,2008,290300000
United States,2009,311100000
United States,2010,318500000
United States,2011,329100000
United States,2012,378700000
United States,2013,435200000
United States,2014,510400000
United States,2015,548600000
United States,2016,514000000
United States,2017,544200000
United States,2018,636700000
United States,2019,711200000
United States,2020,656600000
United States Virgin Islands,1980,0
United States Virgin Islands,1981,0
United States Virgin Islands,1982,0
United States Virgin Islands,1983,0
United States Virgin Islands,1984,0
United States Virgin Islands,1985,0
United States Virgin Islands,1986,0
United States Virgin Islands,1987,0
United States Virgin Islands,1988,0
United States Virgin Islands,1989,0
United States Virgin Islands,1990,0
United States Virgin Islands,1991,0
United States Virgin Islands,1992,0
United States Virgin Islands,1993,0
United States Virgin Islands,1994,0
United States Virgin Islands,1995,0
United States Virgin Islands,1996,0
United States Virgin Islands,1997,0
United States Virgin Islands,1998,0
United States Virgin Islands,1999,0
United States Virgin Islands,2000,0
United States Virgin Islands,2001,0
United States Virgin Islands,2002,0
United States Virgin Islands,2003,0
United States Virgin Islands,2004,0
United States Virgin Islands,2005,0
United States Virgin Islands,2006,0
United States Virgin Islands,2007,0
United States Virgin Islands,2008,0
United States Virgin Islands,2009,0
United States Virgin Islands,2010,0
United States Virgin Islands,2011,0
United States Virgin Islands,2012,0
United States Virgin Islands,2013,0
United States Virgin Islands,2014,0
United States Virgin Islands,2015,0
United States Virgin Islands,2016,0
United States Virgin Islands,2017,0
United States Virgin Islands,2018,0
United States Virgin Islands,2019,0
United States Virgin Islands,2020,0
Uruguay,1980,0
Uruguay,1981,0
Uruguay,1982,0
Uruguay,1983,0
Uruguay,1984,0
Uruguay,1985,0
Uruguay,1986,0
Uruguay,1987,0
Uruguay,1988,0
Uruguay,1989,0
Uruguay,1990,0
Uruguay,1991,0
Uruguay,1992,0
Uruguay,1993,0
Uruguay,1994,0
Uruguay,1995,0
Uruguay,1996,0
Uruguay,1997,0
Uruguay,1998,0
Uruguay,1999,0
Uruguay,2000,0
Uruguay,2001,0
Uruguay,2002,0
Uruguay,2003,0
Uruguay,2004,0
Uruguay,2005,0
Uruguay,2006,0
Uruguay,2007,0
Uruguay,2008,0
Uruguay,2009,0
Uruguay,2010,0
Uruguay,2011,0
Uruguay,2012,0
Uruguay,2013,0
Uruguay,2014,0
Uruguay,2015,0
Uruguay,2016,0
Uruguay,2017,0
Uruguay,2018,0
Uruguay,2019,0
Uruguay,2020,0
Uzbekistan,1992,2091000
Uzbekistan,1993,2729000
Uzbekistan,1994,4355000
Uzbekistan,1995,6677000
Uzbekistan,1996,6668000
Uzbekistan,1997,6539000
Uzbekistan,1998,6736000
Uzbekistan,1999,5920000
Uzbekistan,2000,5304000
Uzbekistan,2001,4936000
Uzbekistan,2002,4613000
Uzbekistan,2003,5229000
Uzbekistan,2004,4704000
Uzbekistan,2005,3921000
Uzbekistan,2006,3417000
Uzbekistan,2007,3775000
Uzbekistan,2008,3605000
Uzbekistan,2009,2523000
Uzbekistan,2010,3070000
Uzbekistan,2011,3402000
Uzbekistan,2012,3848000
Uzbekistan,2013,4065000
Uzbekistan,2014,3739000
Uzbekistan,2015,3492000
Uzbekistan,2016,3073000
Uzbekistan,2017,588000
Uzbekistan,2018,548300
Uzbekistan,2019,503900
Uzbekistan,2020,403500
Vanuatu,1980,0
Vanuatu,1981,0
Vanuatu,1982,0
Vanuatu,1983,0
Vanuatu,1984,0
Vanuatu,1985,0
Vanuatu,1986,0
Vanuatu,1987,0
Vanuatu,1988,0
Vanuatu,1989,0
Vanuatu,1990,0
Vanuatu,1991,0
Vanuatu,1992,0
Vanuatu,1993,0
Vanuatu,1994,0
Vanuatu,1995,0
Vanuatu,1996,0
Vanuatu,1997,0
Vanuatu,1998,0
Vanuatu,1999,0
Vanuatu,2000,0
Vanuatu,2001,0
Vanuatu,2002,0
Vanuatu,2003,0
Vanuatu,2004,0
Vanuatu,2005,0
Vanuatu,2006,0
Vanuatu,2007,0
Vanuatu,2008,0
Vanuatu,2009,0
Vanuatu,2010,0
Vanuatu,2011,0
Vanuatu,2012,0
Vanuatu,2013,0
Vanuatu,2014,0
Vanuatu,2015,0
Vanuatu,2016,0
Vanuatu,2017,0
Vanuatu,2018,0
Vanuatu,2019,0
Vanuatu,2020,0
Venezuela,1973,195500000
Venezuela,1974,172800000
Venezuela,1975,136200000
Venezuela,1976,133200000
Venezuela,1977,130000000
Venezuela,1978,125700000
Venezuela,1979,136800000
Venezuela,1980,125900000
Venezuela,1981,122100000
Venezuela,1982,110000000
Venezuela,1983,104600000
Venezuela,1984,104400000
Venezuela,1985,97390000
Venezuela,1986,103800000
Venezuela,1987,101700000
Venezuela,1988,110500000
Venezuela,1989,110700000
Venezuela,1990,124100000
Venezuela,1991,137900000
Venezuela,1992,137700000
Venezuela,1993,142300000
Venezuela,1994,150300000
Venezuela,1995,159700000
Venezuela,1996,170600000
Venezuela,1997,190500000
Venezuela,1998,183900000
Venezuela,1999,164100000
Venezuela,2000,183200000
Venezuela,2001,174800000
Venezuela,2002,151200000
Venezuela,2003,135600000
Venezuela,2004,148500000
Venezuela,2005,148900000
Venezuela,2006,145800000
Venezuela,2007,144600000
Venezuela,2008,145800000
Venezuela,2009,146300000
Venezuela,2010,139900000
Venezuela,2011,145200000
Venezuela,2012,145200000
Venezuela,2013,145200000
Venezuela,2014,145200000
Venezuela,2015,144600000
Venezuela,2016,130900000
Venezuela,2017,116000000
Venezuela,2018,86270000
Venezuela,2019,50920000
Venezuela,2020,30610000
Vietnam,1980,0
Vietnam,1981,0
Vietnam,1982,0
Vietnam,1983,0
Vietnam,1984,0
Vietnam,1985,0
Vietnam,1986,46460
Vietnam,1987,290400
Vietnam,1988,871000
Vietnam,1989,1858000
Vietnam,1990,2904000
Vietnam,1991,4646000
Vietnam,1992,6155000
Vietnam,1993,6968000
Vietnam,1994,8159000
Vietnam,1995,10060000
Vietnam,1996,10190000
Vietnam,1997,11110000
Vietnam,1998,14260000
Vietnam,1999,16840000
Vietnam,2000,18350000
Vietnam,2001,20720000
Vietnam,2002,19720000
Vietnam,2003,20470000
Vietnam,2004,23420000
Vietnam,2005,20790000
Vietnam,2006,20500000
Vietnam,2007,18180000
Vietnam,2008,17520000
Vietnam,2009,19230000
Vietnam,2010,17370000
Vietnam,2011,17540000
Vietnam,2012,19220000
Vietnam,2013,19280000
Vietnam,2014,17820000
Vietnam,2015,19360000
Vietnam,2016,17530000
Vietnam,2017,15810000
Vietnam,2018,13980000
Vietnam,2019,12880000
Vietnam,2020,11230000
Wake Island,1980,0
Wake Island,1981,0
Wake Island,1982,0
Wake Island,1983,0
Wake Island,1984,0
Wake Island,1985,0
Wake Island,1986,0
Wake Island,1987,0
Wake Island,1988,0
Wake Island,1989,0
Wake Island,1990,0
Wake Island,1991,0
Wake Island,1992,0
Wake Island,1993,0
Wake Island,1994,0
Wake Island,1995,0
Wake Island,1996,0
Wake Island,1997,0
Wake Island,1998,0
Wake Island,1999,0
Wake Island,2000,0
Wake Island,2001,0
Wake Island,2002,0
Wake Island,2003,0
Wake Island,2004,0
Wake Island,2005,0
Wake Island,2006,0
Wake Island,2007,0
Wake Island,2008,0
Wake Island,2009,0
Wake Island,2010,0
Wake Island,2011,0
Wake Island,2012,0
Wake Island,2013,0
Wake Island,2014,0
Wake Island,2015,0
Wake Island,2016,0
Wake Island,2017,0
Wake Island,2018,0
Wake Island,2019,0
Wake Island,2020,0
West Germany,1980,5342000
West Germany,1981,5168000
West Germany,1982,4878000
West Germany,1983,4704000
West Germany,1984,4588000
West Germany,1985,4704000
West Germany,1986,4646000
West Germany,1987,4297000
West Germany,1988,4529000
West Germany,1989,4355000
West Germany,1990,4123000
Western Sahara,1980,0
Western Sahara,1981,0
Western Sahara,1982,0
Western Sahara,1983,0
Western Sahara,1984,0
Western Sahara,1985,0
Western Sahara,1986,0
Western Sahara,1987,0
Western Sahara,1988,0
Western Sahara,1989,0
Western Sahara,1990,0
Western Sahara,1991,0
Western Sahara,1992,0
Western Sahara,1993,0
Western Sahara,1994,0
Western Sahara,1995,0
Western Sahara,1996,0
Western Sahara,1997,0
Western Sahara,1998,0
Western Sahara,1999,0
Western Sahara,2000,0
Western Sahara,2001,0
Western Sahara,2002,0
Western Sahara,2003,0
Western Sahara,2004,0
Western Sahara,2005,0
Western Sahara,2006,0
Western Sahara,2007,0
Western Sahara,2008,0
Western Sahara,2009,0
Western Sahara,2010,0
Western Sahara,2011,0
Western Sahara,2012,0
Western Sahara,2013,0
Western Sahara,2014,0
Western Sahara,2015,0
Western Sahara,2016,0
Western Sahara,2017,0
Western Sahara,2018,0
Western Sahara,2019,0
Western Sahara,2020,0
World,1973,2924000000
World,1974,2925000000
World,1975,2762000000
World,1976,3005000000
World,1977,3129000000
World,1978,3151000000
World,1979,3288000000
World,1980,3459000000
World,1981,3246000000
World,1982,3104000000
World,1983,3092000000
World,1984,3165000000
World,1985,3134000000
World,1986,3271000000
World,1987,3290000000
World,1988,3409000000
World,1989,3473000000
World,1990,3513000000
World,1991,3492000000
World,1992,3490000000
World,1993,3494000000
World,1994,3552000000
World,1995,3625000000
World,1996,3706000000
World,1997,3821000000
World,1998,3893000000
World,1999,3831000000
World,2000,3979000000
World,2001,3956000000
World,2002,3908000000
World,2003,4034000000
World,2004,4216000000
World,2005,4290000000
World,2006,4276000000
World,2007,4258000000
World,2008,4315000000
World,2009,4246000000
World,2010,4308000000
World,2011,4348000000
World,2012,4443000000
World,2013,4447000000
World,2014,4555000000
World,2015,4692000000
World,2016,4696000000
World,2017,4716000000
World,2018,4817000000
World,2019,4771000000
World,2020,4413000000
Yemen,1980,0
Yemen,1981,0
Yemen,1982,0
Yemen,1983,0
Yemen,1984,0
Yemen,1985,0
Yemen,1986,580700
Yemen,1987,1161000
Yemen,1988,10050000
Yemen,1989,11270000
Yemen,1990,11210000
Yemen,1991,11440000
Yemen,1992,10570000
Yemen,1993,12780000
Yemen,1994,19470000
Yemen,1995,20030000
Yemen,1996,19770000
Yemen,1997,21030000
Yemen,1998,22540000
Yemen,1999,23760000
Yemen,2000,25420000
Yemen,2001,25600000
Yemen,2002,25510000
Yemen,2003,24930000
Yemen,2004,23480000
Yemen,2005,23240000
Yemen,2006,21770000
Yemen,2007,18510000
Yemen,2008,17320000
Yemen,2009,16560000
Yemen,2010,16260000
Yemen,2011,12570000
Yemen,2012,9798000
Yemen,2013,7590000
Yemen,2014,7259000
Yemen,2015,2764000
Yemen,2016,1042000
Yemen,2017,1742000
Yemen,2018,2613000
Yemen,2019,3484000
Yemen,2020,3775000
Zambia,1980,0
Zambia,1981,0
Zambia,1982,0
Zambia,1983,0
Zambia,1984,0
Zambia,1985,0
Zambia,1986,0
Zambia,1987,0
Zambia,1988,0
Zambia,1989,0
Zambia,1990,0
Zambia,1991,0
Zambia,1992,0
Zambia,1993,0
Zambia,1994,0
Zambia,1995,0
Zambia,1996,0
Zambia,1997,0
Zambia,1998,0
Zambia,1999,0
Zambia,2000,0
Zambia,2001,0
Zambia,2002,0
Zambia,2003,0
Zambia,2004,0
Zambia,2005,0
Zambia,2006,0
Zambia,2007,0
Zambia,2008,0
Zambia,2009,0
Zambia,2010,0
Zambia,2011,0
Zambia,2012,0
Zambia,2013,0
Zambia,2014,0
Zambia,2015,0
Zambia,2016,0
Zambia,2017,0
Zambia,2018,0
Zambia,2019,0
Zambia,2020,0
Zimbabwe,1980,0
Zimbabwe,1981,0
Zimbabwe,1982,0
Zimbabwe,1983,0
Zimbabwe,1984,0
Zimbabwe,1985,0
Zimbabwe,1986,0
Zimbabwe,1987,0
Zimbabwe,1988,0
Zimbabwe,1989,0
Zimbabwe,1990,0
Zimbabwe,1991,0
Zimbabwe,1992,0
Zimbabwe,1993,0
Zimbabwe,1994,0
Zimbabwe,1995,0
Zimbabwe,1996,0
Zimbabwe,1997,0
Zimbabwe,1998,0
Zimbabwe,1999,0
Zimbabwe,2000,0
Zimbabwe,2001,0
Zimbabwe,2002,0
Zimbabwe,2003,0
Zimbabwe,2004,0
Zimbabwe,2005,0
Zimbabwe,2006,0
Zimbabwe,2007,0
Zimbabwe,2008,0
Zimbabwe,2009,0
Zimbabwe,2010,0
Zimbabwe,2011,0
Zimbabwe,2012,0
Zimbabwe,2013,0
Zimbabwe,2014,0
Zimbabwe,2015,0
Zimbabwe,2016,0
Zimbabwe,2017,0
Zimbabwe,2018,0
Zimbabwe,2019,0
Zimbabwe,2020,0