Entity,Year,Oil consumption
Afghanistan,1980,406500
Afghanistan,1981,464600
Afghanistan,1982,452900
Afghanistan,1983,638800
Afghanistan,1984,638800
Afghanistan,1985,754900
Afghanistan,1986,789600
Afghanistan,1987,805300
Afghanistan,1988,765700
Afghanistan,1989,776600
Afghanistan,1990,788200
Afghanistan,1991,740700
Afghanistan,1992,414400
Afghanistan,1993,414400
Afghanistan,1994,385400
Afghanistan,1995,373800
Afghanistan,1996,343800
Afghanistan,1997,325200
Afghanistan,1998,313600
Afghanistan,1999,313600
Afghanistan,2000,225400
Afghanistan,2001,224200
Afghanistan,2002,189900
Afghanistan,2003,273200
Afghanistan,2004,251500
Afghanistan,2005,379200
Afghanistan,2006,483300
Afghanistan,2007,528500
Afghanistan,2008,1209000
Afghanistan,2009,2105000
Afghanistan,2010,2483000
Afghanistan,2011,3241000
Afghanistan,2012,2849000
Afghanistan,2013,2037000
Afghanistan,2014,1607000
Afghanistan,2015,2028000
Afghanistan,2016,1486000
Afghanistan,2017,1372000
Afghanistan,2018,1777000
Afghanistan,2019,1410000
Albania,1980,2671000
Albania,1981,2555000
Albania,1982,2497000
Albania,1983,2555000
Albania,1984,2497000
Albania,1985,2439000
Albania,1986,2224000
Albania,1987,1969000
Albania,1988,1835000
Albania,1989,1568000
Albania,1990,1160000
Albania,1991,1041000
Albania,1992,1186000
Albania,1993,971000
Albania,1994,767400
Albania,1995,860200
Albania,1996,674400
Albania,1997,720700
Albania,1998,876900
Albania,1999,534700
Albania,2000,1270000
Albania,2001,1345000
Albania,2002,1561000
Albania,2003,1586000
Albania,2004,1768000
Albania,2005,1776000
Albania,2006,1657000
Albania,2007,1616000
Albania,2008,1590000
Albania,2009,1552000
Albania,2010,1507000
Albania,2011,1494000
Albania,2012,1315000
Albania,2013,1578000
Albania,2014,1634000
Albania,2015,1513000
Albania,2016,1578000
Albania,2017,2051000
Albania,2018,1919000
Albania,2019,1533000
Algeria,1980,7026000
Algeria,1981,7375000
Algeria,1982,8304000
Algeria,1983,7898000
Algeria,1984,8710000
Algeria,1985,9582000
Algeria,1986,9651000
Algeria,1987,9721000
Algeria,1988,10030000
Algeria,1989,10620000
Algeria,1990,11240000
Algeria,1991,12080000
Algeria,1992,12220000
Algeria,1993,11970000
Algeria,1994,11820000
Algeria,1995,11880000
Algeria,1996,11510000
Algeria,1997,11580000
Algeria,1998,12010000
Algeria,1999,11480000
Algeria,2000,13020000
Algeria,2001,13260000
Algeria,2002,14380000
Algeria,2003,14670000
Algeria,2004,15250000
Algeria,2005,15340000
Algeria,2006,15540000
Algeria,2007,16020000
Algeria,2008,18220000
Algeria,2009,20280000
Algeria,2010,20170000
Algeria,2011,20300000
Algeria,2012,21710000
Algeria,2013,23250000
Algeria,2014,24130000
Algeria,2015,25040000
Algeria,2016,24430000
Algeria,2017,23660000
Algeria,2018,24280000
Algeria,2019,26160000
American Samoa,1980,162600
American Samoa,1981,191600
American Samoa,1982,267100
American Samoa,1983,168400
American Samoa,1984,191600
American Samoa,1985,180000
American Samoa,1986,185800
American Samoa,1987,192900
American Samoa,1988,187100
American Samoa,1989,216600
American Samoa,1990,228200
American Samoa,1991,228200
American Samoa,1992,234000
American Samoa,1993,228200
American Samoa,1994,222400
American Samoa,1995,216600
American Samoa,1996,216500
American Samoa,1997,222400
American Samoa,1998,222400
American Samoa,1999,222400
American Samoa,2000,217400
American Samoa,2001,218000
American Samoa,2002,221700
American Samoa,2003,221700
American Samoa,2004,221100
American Samoa,2005,236100
American Samoa,2006,240400
American Samoa,2007,240400
American Samoa,2008,240400
American Samoa,2009,240400
American Samoa,2010,240400
American Samoa,2011,136200
American Samoa,2012,136200
American Samoa,2013,136200
American Samoa,2014,136200
American Samoa,2015,136200
American Samoa,2016,136200
American Samoa,2017,136200
American Samoa,2018,136200
American Samoa,2019,136200
Angola,1980,1161000
Angola,1981,1161000
Angola,1982,1219000
Angola,1983,1278000
Angola,1984,1103000
Angola,1985,1452000
Angola,1986,1382000
Angola,1987,1388000
Angola,1988,1394000
Angola,1989,1411000
Angola,1990,1411000
Angola,1991,1481000
Angola,1992,1481000
Angola,1993,1440000
Angola,1994,1423000
Angola,1995,1533000
Angola,1996,1440000
Angola,1997,1730000
Angola,1998,1475000
Angola,1999,1818000
Angola,2000,2247000
Angola,2001,2531000
Angola,2002,2634000
Angola,2003,2943000
Angola,2004,3147000
Angola,2005,2447000
Angola,2006,3298000
Angola,2007,3918000
Angola,2008,4806000
Angola,2009,5730000
Angola,2010,6211000
Angola,2011,6502000
Angola,2012,6957000
Angola,2013,8057000
Angola,2014,9225000
Angola,2015,9102000
Angola,2016,7964000
Angola,2017,7034000
Angola,2018,6409000
Angola,2019,7744000
Antarctica,1980,58070
Antarctica,1981,58070
Antarctica,1982,58070
Antarctica,1983,58070
Antarctica,1984,75490
Antarctica,1985,81300
Antarctica,1986,75490
Antarctica,1987,75490
Antarctica,1988,81300
Antarctica,1989,75490
Antarctica,1990,81300
Antarctica,1991,81300
Antarctica,1992,81300
Antarctica,1993,81300
Antarctica,1994,81300
Antarctica,1995,87100
Antarctica,1996,87100
Antarctica,1997,87100
Antarctica,1998,87100
Antarctica,1999,87100
Antarctica,2000,86400
Antarctica,2001,89010
Antarctica,2002,89010
Antarctica,2003,89010
Antarctica,2004,89950
Antarctica,2005,90200
Antarctica,2006,90200
Antarctica,2007,91390
Antarctica,2008,3910
Antarctica,2009,5037
Antarctica,2010,5037
Antarctica,2011,5037
Antarctica,2012,5037
Antarctica,2013,5037
Antarctica,2014,5037
Antarctica,2015,5037
Antarctica,2016,5037
Antarctica,2017,4916
Antarctica,2018,4916
Antarctica,2019,4916
Antigua and Barbuda,1980,162600
Antigua and Barbuda,1981,145200
Antigua and Barbuda,1982,197400
Antigua and Barbuda,1983,116100
Antigua and Barbuda,1984,127800
Antigua and Barbuda,1985,127800
Antigua and Barbuda,1986,129900
Antigua and Barbuda,1987,161700
Antigua and Barbuda,1988,161700
Antigua and Barbuda,1989,161700
Antigua and Barbuda,1990,167500
Antigua and Barbuda,1991,167500
Antigua and Barbuda,1992,167500
Antigua and Barbuda,1993,167500
Antigua and Barbuda,1994,179100
Antigua and Barbuda,1995,190700
Antigua and Barbuda,1996,190700
Antigua and Barbuda,1997,196600
Antigua and Barbuda,1998,196600
Antigua and Barbuda,1999,196600
Antigua and Barbuda,2000,204400
Antigua and Barbuda,2001,205000
Antigua and Barbuda,2002,219600
Antigua and Barbuda,2003,230500
Antigua and Barbuda,2004,238200
Antigua and Barbuda,2005,242300
Antigua and Barbuda,2006,250200
Antigua and Barbuda,2007,261500
Antigua and Barbuda,2008,266800
Antigua and Barbuda,2009,280100
Antigua and Barbuda,2010,270400
Antigua and Barbuda,2011,269700
Antigua and Barbuda,2012,276400
Antigua and Barbuda,2013,277100
Antigua and Barbuda,2014,283300
Antigua and Barbuda,2015,288900
Antigua and Barbuda,2016,293400
Antigua and Barbuda,2017,278700
Antigua and Barbuda,2018,286300
Antigua and Barbuda,2019,287500
Argentina,1980,30850000
Argentina,1981,29820000
Argentina,1982,28920000
Argentina,1983,29470000
Argentina,1984,28700000
Argentina,1985,25960000
Argentina,1986,27920000
Argentina,1987,28130000
Argentina,1988,26940000
Argentina,1989,24790000
Argentina,1990,23690000
Argentina,1991,24020000
Argentina,1992,25160000
Argentina,1993,28820000
Argentina,1994,25900000
Argentina,1995,25420000
Argentina,1996,27540000
Argentina,1997,28260000
Argentina,1998,30740000
Argentina,1999,28200000
Argentina,2000,31900000
Argentina,2001,30230000
Argentina,2002,27200000
Argentina,2003,29180000
Argentina,2004,32560000
Argentina,2005,32710000
Argentina,2006,34770000
Argentina,2007,36560000
Argentina,2008,39760000
Argentina,2009,38210000
Argentina,2010,42500000
Argentina,2011,42100000
Argentina,2012,43980000
Argentina,2013,44360000
Argentina,2014,44350000
Argentina,2015,46090000
Argentina,2016,45110000
Argentina,2017,43600000
Argentina,2018,41740000
Argentina,2019,39490000
Argentina,2020,26060000
Armenia,1992,2520000
Armenia,1993,1434000
Armenia,1994,1041000
Armenia,1995,1424000
Armenia,1996,1653000
Armenia,1997,1729000
Armenia,1998,1868000
Armenia,1999,257400
Armenia,2000,440000
Armenia,2001,432300
Armenia,2002,411300
Armenia,2003,428300
Armenia,2004,445700
Armenia,2005,521100
Armenia,2006,488600
Armenia,2007,527700
Armenia,2008,561600
Armenia,2009,493000
Armenia,2010,524600
Armenia,2011,494700
Armenia,2012,506500
Armenia,2013,453500
Armenia,2014,451800
Armenia,2015,477500
Armenia,2016,397400
Armenia,2017,476300
Armenia,2018,468300
Armenia,2019,635700
Aruba,1986,39490
Aruba,1987,39490
Aruba,1988,146300
Aruba,1989,197400
Aruba,1990,205700
Aruba,1991,230800
Aruba,1992,253900
Aruba,1993,261300
Aruba,1994,291500
Aruba,1995,326300
Aruba,1996,216000
Aruba,1997,349500
Aruba,1998,349500
Aruba,1999,349500
Aruba,2000,406400
Aruba,2001,421400
Aruba,2002,435800
Aruba,2003,483500
Aruba,2004,501800
Aruba,2005,543100
Aruba,2006,542200
Aruba,2007,559100
Aruba,2008,525600
Aruba,2009,518800
Aruba,2010,467500
Aruba,2011,369200
Aruba,2012,458700
Aruba,2013,441400
Aruba,2014,447100
Aruba,2015,459400
Aruba,2016,452400
Aruba,2017,469900
Aruba,2018,452500
Aruba,2019,471800
Australia,1980,34520000
Australia,1981,33910000
Australia,1982,35770000
Australia,1983,34490000
Australia,1984,36880000
Australia,1985,37090000
Australia,1986,37410000
Australia,1987,38390000
Australia,1988,40320000
Australia,1989,41980000
Australia,1990,42850000
Australia,1991,41850000
Australia,1992,42370000
Australia,1993,44190000
Australia,1994,45760000
Australia,1995,47090000
Australia,1996,48280000
Australia,1997,49230000
Australia,1998,49500000
Australia,1999,50800000
Australia,2000,50660000
Australia,2001,50610000
Australia,2002,51820000
Australia,2003,53750000
Australia,2004,54650000
Australia,2005,55780000
Australia,2006,56340000
Australia,2007,57360000
Australia,2008,57740000
Australia,2009,57980000
Australia,2010,60550000
Australia,2011,63610000
Australia,2012,65290000
Australia,2013,66060000
Australia,2014,65370000
Australia,2015,65070000
Australia,2016,64730000
Australia,2017,67600000
Australia,2018,68600000
Australia,2019,68180000
Australia,2020,59350000
Austria,1980,13480000
Austria,1981,13070000
Austria,1982,12140000
Austria,1983,12020000
Austria,1984,11730000
Austria,1985,11510000
Austria,1986,11960000
Austria,1987,12140000
Austria,1988,11880000
Austria,1989,11890000
Austria,1990,12590000
Austria,1991,13570000
Austria,1992,13290000
Austria,1993,13650000
Austria,1994,13540000
Austria,1995,13540000
Austria,1996,14740000
Austria,1997,14730000
Austria,1998,15420000
Austria,1999,14640000
Austria,2000,14540000
Austria,2001,15510000
Austria,2002,15880000
Austria,2003,16750000
Austria,2004,17130000
Austria,2005,17270000
Austria,2006,17490000
Austria,2007,16960000
Austria,2008,16490000
Austria,2009,15770000
Austria,2010,16170000
Austria,2011,15300000
Austria,2012,15020000
Austria,2013,15290000
Austria,2014,14900000
Austria,2015,15010000
Austria,2016,15240000
Austria,2017,15290000
Austria,2018,15600000
Austria,2019,16190000
Austria,2020,13830000
Azerbaijan,1992,11790000
Azerbaijan,1993,11270000
Azerbaijan,1994,10800000
Azerbaijan,1995,10310000
Azerbaijan,1996,7706000
Azerbaijan,1997,7503000
Azerbaijan,1998,8554000
Azerbaijan,1999,8710000
Azerbaijan,2000,7398000
Azerbaijan,2001,4946000
Azerbaijan,2002,4805000
Azerbaijan,2003,5438000
Azerbaijan,2004,6200000
Azerbaijan,2005,6375000
Azerbaijan,2006,5904000
Azerbaijan,2007,5273000
Azerbaijan,2008,5358000
Azerbaijan,2009,4575000
Azerbaijan,2010,4798000
Azerbaijan,2011,5363000
Azerbaijan,2012,5628000
Azerbaijan,2013,5816000
Azerbaijan,2014,5785000
Azerbaijan,2015,5698000
Azerbaijan,2016,5592000
Azerbaijan,2017,5949000
Azerbaijan,2018,5822000
Azerbaijan,2019,6243000
Bahamas,1980,1626000
Bahamas,1981,1684000
Bahamas,1982,1452000
Bahamas,1983,1103000
Bahamas,1984,987200
Bahamas,1985,871000
Bahamas,1986,876900
Bahamas,1987,975600
Bahamas,1988,922900
Bahamas,1989,1055000
Bahamas,1990,1111000
Bahamas,1991,998800
Bahamas,1992,854600
Bahamas,1993,901500
Bahamas,1994,981400
Bahamas,1995,1156000
Bahamas,1996,1301000
Bahamas,1997,1278000
Bahamas,1998,1434000
Bahamas,1999,1272000
Bahamas,2000,1505000
Bahamas,2001,1537000
Bahamas,2002,1594000
Bahamas,2003,1139000
Bahamas,2004,1252000
Bahamas,2005,1209000
Bahamas,2006,1397000
Bahamas,2007,1601000
Bahamas,2008,1573000
Bahamas,2009,1188000
Bahamas,2010,1243000
Bahamas,2011,1086000
Bahamas,2012,1243000
Bahamas,2013,1166000
Bahamas,2014,1151000
Bahamas,2015,1112000
Bahamas,2016,1160000
Bahamas,2017,1382000
Bahamas,2018,1497000
Bahamas,2019,1497000
Bahrain,1980,929100
Bahrain,1981,929100
Bahrain,1982,929100
Bahrain,1983,871100
Bahrain,1984,929100
Bahrain,1985,929100
Bahrain,1986,935900
Bahrain,1987,1098000
Bahrain,1988,1098000
Bahrain,1989,1132000
Bahrain,1990,1185000
Bahrain,1991,1225000
Bahrain,1992,1237000
Bahrain,1993,1190000
Bahrain,1994,1202000
Bahrain,1995,1225000
Bahrain,1996,1161000
Bahrain,1997,1138000
Bahrain,1998,1289000
Bahrain,1999,1423000
Bahrain,2000,1839000
Bahrain,2001,1879000
Bahrain,2002,2042000
Bahrain,2003,2403000
Bahrain,2004,2703000
Bahrain,2005,3267000
Bahrain,2006,3564000
Bahrain,2007,3521000
Bahrain,2008,3634000
Bahrain,2009,3384000
Bahrain,2010,3268000
Bahrain,2011,3251000
Bahrain,2012,3366000
Bahrain,2013,3542000
Bahrain,2014,3368000
Bahrain,2015,3716000
Bahrain,2016,3567000
Bahrain,2017,3540000
Bahrain,2018,3636000
Bahrain,2019,4251000
Bangladesh,1980,1858000
Bangladesh,1981,1916000
Bangladesh,1982,1974000
Bangladesh,1983,1742000
Bangladesh,1984,1800000
Bangladesh,1985,1858000
Bangladesh,1986,1998000
Bangladesh,1987,1940000
Bangladesh,1988,2073000
Bangladesh,1989,2212000
Bangladesh,1990,2091000
Bangladesh,1991,2224000
Bangladesh,1992,2183000
Bangladesh,1993,2352000
Bangladesh,1994,2654000
Bangladesh,1995,2973000
Bangladesh,1996,3054000
Bangladesh,1997,3287000
Bangladesh,1998,3356000
Bangladesh,1999,3867000
Bangladesh,2000,3968000
Bangladesh,2001,4743000
Bangladesh,2002,4732000
Bangladesh,2003,4942000
Bangladesh,2004,4436000
Bangladesh,2005,4548000
Bangladesh,2006,4570000
Bangladesh,2007,4406000
Bangladesh,2008,4373000
Bangladesh,2009,4035000
Bangladesh,2010,4702000
Bangladesh,2011,6019000
Bangladesh,2012,6236000
Bangladesh,2013,6059000
Bangladesh,2014,6458000
Bangladesh,2015,6504000
Bangladesh,2016,6504000
Bangladesh,2017,7138000
Bangladesh,2018,8053000
Bangladesh,2019,7111000
Barbados,1980,389100
Barbados,1981,406500
Barbados,1982,412300
Barbados,1983,435500
Barbados,1984,418100
Barbados,1985,464600
Barbados,1986,487800
Barbados,1987,463300
Barbados,1988,416900
Barbados,1989,457000
Barbados,1990,480100
Barbados,1991,486900
Barbados,1992,498500
Barbados,1993,485700
Barbados,1994,463700
Barbados,1995,479000
Barbados,1996,467600
Barbados,1997,534200
Barbados,1998,548300
Barbados,1999,565700
Barbados,2000,619400
Barbados,2001,627100
Barbados,2002,635800
Barbados,2003,642200
Barbados,2004,644300
Barbados,2005,654900
Barbados,2006,655800
Barbados,2007,631700
Barbados,2008,743500
Barbados,2009,700700
Barbados,2010,676700
Barbados,2011,706900
Barbados,2012,658500
Barbados,2013,667100
Barbados,2014,583700
Barbados,2015,617300
Barbados,2016,625600
Barbados,2017,591600
Barbados,2018,627400
Barbados,2019,627400
Belarus,1992,21780000
Belarus,1993,16780000
Belarus,1994,13970000
Belarus,1995,13240000
Belarus,1996,11920000
Belarus,1997,10800000
Belarus,1998,9918000
Belarus,1999,9167000
Belarus,2000,9263000
Belarus,2001,8993000
Belarus,2002,9266000
Belarus,2003,9506000
Belarus,2004,9403000
Belarus,2005,8794000
Belarus,2006,10100000
Belarus,2007,9457000
Belarus,2008,9673000
Belarus,2009,10730000
Belarus,2010,8822000
Belarus,2011,10210000
Belarus,2012,10370000
Belarus,2013,9341000
Belarus,2014,9771000
Belarus,2015,8074000
Belarus,2016,7959000
Belarus,2017,7251000
Belarus,2018,8024000
Belarus,2019,7817000
Belgium,1980,30320000
Belgium,1981,27930000
Belgium,1982,25840000
Belgium,1983,23630000
Belgium,1984,22370000
Belgium,1985,23530000
Belgium,1986,26360000
Belgium,1987,26560000
Belgium,1988,27280000
Belgium,1989,26850000
Belgium,1990,27090000
Belgium,1991,28950000
Belgium,1992,29420000
Belgium,1993,28980000
Belgium,1994,32040000
Belgium,1995,31960000
Belgium,1996,34330000
Belgium,1997,35220000
Belgium,1998,35830000
Belgium,1999,34730000
Belgium,2000,35550000
Belgium,2001,36030000
Belgium,2002,36050000
Belgium,2003,37790000
Belgium,2004,38380000
Belgium,2005,38310000
Belgium,2006,37570000
Belgium,2007,37750000
Belgium,2008,40340000
Belgium,2009,36120000
Belgium,2010,37940000
Belgium,2011,35510000
Belgium,2012,34620000
Belgium,2013,35730000
Belgium,2014,35260000
Belgium,2015,36180000
Belgium,2016,36710000
Belgium,2017,37040000
Belgium,2018,39690000
Belgium,2019,37300000
Belgium,2020,32840000
Belize,1980,92910
Belize,1981,87100
Belize,1982,81300
Belize,1983,81300
Belize,1984,87100
Belize,1985,87100
Belize,1986,108700
Belize,1987,88830
Belize,1988,64290
Belize,1989,94940
Belize,1990,127600
Belize,1991,145900
Belize,1992,120500
Belize,1993,120600
Belize,1994,114800
Belize,1995,132200
Belize,1996,110300
Belize,1997,186800
Belize,1998,185500
Belize,1999,191300
Belize,2000,207300
Belize,2001,216300
Belize,2002,204500
Belize,2003,207500
Belize,2004,193400
Belize,2005,209300
Belize,2006,219800
Belize,2007,202400
Belize,2008,184800
Belize,2009,204000
Belize,2010,222200
Belize,2011,187300
Belize,2012,195700
Belize,2013,216600
Belize,2014,204100
Belize,2015,243800
Belize,2016,241200
Belize,2017,284100
Belize,2018,238400
Belize,2019,226100
Benin,1980,174200
Benin,1981,174200
Benin,1982,116100
Benin,1983,174200
Benin,1984,174200
Benin,1985,203200
Benin,1986,197800
Benin,1987,153800
Benin,1988,193000
Benin,1989,198900
Benin,1990,232800
Benin,1991,274200
Benin,1992,302000
Benin,1993,336800
Benin,1994,354200
Benin,1995,383300
Benin,1996,418100
Benin,1997,454800
Benin,1998,493600
Benin,1999,220700
Benin,2000,637300
Benin,2001,725900
Benin,2002,839300
Benin,2003,975700
Benin,2004,1022000
Benin,2005,956600
Benin,2006,1325000
Benin,2007,1568000
Benin,2008,1597000
Benin,2009,1759000
Benin,2010,2015000
Benin,2011,1870000
Benin,2012,1765000
Benin,2013,1808000
Benin,2014,1904000
Benin,2015,2103000
Benin,2016,2600000
Benin,2017,2688000
Benin,2018,3009000
Benin,2019,2690000
Benin,2020,2865000
Bermuda,1980,220700
Bermuda,1981,191600
Bermuda,1982,203200
Bermuda,1983,214900
Bermuda,1984,209100
Bermuda,1985,203200
Bermuda,1986,191400
Bermuda,1987,274700
Bermuda,1988,298900
Bermuda,1989,362800
Bermuda,1990,258500
Bermuda,1991,232300
Bermuda,1992,182100
Bermuda,1993,208700
Bermuda,1994,202900
Bermuda,1995,207500
Bermuda,1996,213300
Bermuda,1997,213400
Bermuda,1998,213400
Bermuda,1999,213400
Bermuda,2000,226900
Bermuda,2001,230100
Bermuda,2002,242700
Bermuda,2003,241100
Bermuda,2004,248100
Bermuda,2005,261800
Bermuda,2006,295900
Bermuda,2007,338300
Bermuda,2008,322500
Bermuda,2009,257200
Bermuda,2010,299900
Bermuda,2011,194600
Bermuda,2012,216800
Bermuda,2013,211300
Bermuda,2014,275400
Bermuda,2015,228700
Bermuda,2016,290400
Bermuda,2017,286900
Bermuda,2018,302800
Bermuda,2019,302800
Bhutan,1980,1161
Bhutan,1981,11610
Bhutan,1982,11610
Bhutan,1983,11610
Bhutan,1984,11610
Bhutan,1985,11610
Bhutan,1986,12170
Bhutan,1987,14250
Bhutan,1988,14210
Bhutan,1989,14250
Bhutan,1990,31110
Bhutan,1991,31110
Bhutan,1992,31110
Bhutan,1993,31110
Bhutan,1994,36920
Bhutan,1995,48530
Bhutan,1996,48530
Bhutan,1997,49520
Bhutan,1998,54370
Bhutan,1999,54370
Bhutan,2000,62770
Bhutan,2001,68060
Bhutan,2002,70730
Bhutan,2003,78040
Bhutan,2004,81710
Bhutan,2005,87890
Bhutan,2006,91290
Bhutan,2007,94940
Bhutan,2008,92220
Bhutan,2009,103000
Bhutan,2010,129900
Bhutan,2011,152500
Bhutan,2012,172100
Bhutan,2013,181200
Bhutan,2014,170500
Bhutan,2015,205600
Bhutan,2016,214700
Bhutan,2017,234100
Bhutan,2018,260800
Bhutan,2019,257700
Bolivia,1980,1452000
Bolivia,1981,1568000
Bolivia,1982,1452000
Bolivia,1983,1452000
Bolivia,1984,1394000
Bolivia,1985,1278000
Bolivia,1986,1225000
Bolivia,1987,1231000
Bolivia,1988,1336000
Bolivia,1989,1417000
Bolivia,1990,1458000
Bolivia,1991,1481000
Bolivia,1992,1527000
Bolivia,1993,1584000
Bolivia,1994,1765000
Bolivia,1995,1916000
Bolivia,1996,2021000
Bolivia,1997,2137000
Bolivia,1998,2369000
Bolivia,1999,2543000
Bolivia,2000,2444000
Bolivia,2001,2260000
Bolivia,2002,2357000
Bolivia,2003,2515000
Bolivia,2004,2779000
Bolivia,2005,2735000
Bolivia,2006,2935000
Bolivia,2007,3218000
Bolivia,2008,2876000
Bolivia,2009,2842000
Bolivia,2010,3102000
Bolivia,2011,3734000
Bolivia,2012,4046000
Bolivia,2013,3920000
Bolivia,2014,4223000
Bolivia,2015,4886000
Bolivia,2016,5297000
Bolivia,2017,5068000
Bolivia,2018,5211000
Bolivia,2019,5100000
Bosnia and Herzegovina,1992,2032000
Bosnia and Herzegovina,1993,1324000
Bosnia and Herzegovina,1994,1138000
Bosnia and Herzegovina,1995,1115000
Bosnia and Herzegovina,1996,1068000
Bosnia and Herzegovina,1997,1074000
Bosnia and Herzegovina,1998,1208000
Bosnia and Herzegovina,1999,1237000
Bosnia and Herzegovina,2000,1341000
Bosnia and Herzegovina,2001,1324000
Bosnia and Herzegovina,2002,1284000
Bosnia and Herzegovina,2003,1214000
Bosnia and Herzegovina,2004,1412000
Bosnia and Herzegovina,2005,1342000
Bosnia and Herzegovina,2006,1477000
Bosnia and Herzegovina,2007,1575000
Bosnia and Herzegovina,2008,1796000
Bosnia and Herzegovina,2009,2001000
Bosnia and Herzegovina,2010,2015000
Bosnia and Herzegovina,2011,2057000
Bosnia and Herzegovina,2012,1855000
Bosnia and Herzegovina,2013,1737000
Bosnia and Herzegovina,2014,1771000
Bosnia and Herzegovina,2015,1808000
Bosnia and Herzegovina,2016,2103000
Bosnia and Herzegovina,2017,2035000
Bosnia and Herzegovina,2018,2003000
Bosnia and Herzegovina,2019,2015000
Botswana,1980,174200
Botswana,1981,174200
Botswana,1982,116100
Botswana,1983,116100
Botswana,1984,116100
Botswana,1985,209100
Botswana,1986,204400
Botswana,1987,244100
Botswana,1988,275400
Botswana,1989,336800
Botswana,1990,365800
Botswana,1991,423900
Botswana,1992,487800
Botswana,1993,476200
Botswana,1994,476200
Botswana,1995,476200
Botswana,1996,476200
Botswana,1997,542200
Botswana,1998,549200
Botswana,1999,549200
Botswana,2000,720400
Botswana,2001,791800
Botswana,2002,813800
Botswana,2003,869200
Botswana,2004,823200
Botswana,2005,852800
Botswana,2006,920100
Botswana,2007,994600
Botswana,2008,1104000
Botswana,2009,1025000
Botswana,2010,1076000
Botswana,2011,1112000
Botswana,2012,1134000
Botswana,2013,1191000
Botswana,2014,1236000
Botswana,2015,1362000
Botswana,2016,1299000
Botswana,2017,1176000
Botswana,2018,1231000
Botswana,2019,1259000
Brazil,1980,66500000
Brazil,1981,63240000
Brazil,1982,61950000
Brazil,1983,57420000
Brazil,1984,60130000
Brazil,1985,62840000
Brazil,1986,71860000
Brazil,1987,73320000
Brazil,1988,75870000
Brazil,1989,76930000
Brazil,1990,97210000
Brazil,1991,86840000
Brazil,1992,88800000
Brazil,1993,92340000
Brazil,1994,97890000
Brazil,1995,104700000
Brazil,1996,111600000
Brazil,1997,118900000
Brazil,1998,122500000
Brazil,1999,125600000
Brazil,2000,127800000
Brazil,2001,126900000
Brazil,2002,126100000
Brazil,2003,122800000
Brazil,2004,127200000
Brazil,2005,130100000
Brazil,2006,132100000
Brazil,2007,141100000
Brazil,2008,150400000
Brazil,2009,150800000
Brazil,2010,163600000
Brazil,2011,168000000
Brazil,2012,174300000
Brazil,2013,182500000
Brazil,2014,190400000
Brazil,2015,188100000
Brazil,2016,180100000
Brazil,2017,182600000
Brazil,2018,178400000
Brazil,2019,182500000
Brazil,2020,162000000
British Virgin Islands,1980,11610
British Virgin Islands,1981,17420
British Virgin Islands,1982,17420
British Virgin Islands,1983,17420
British Virgin Islands,1984,11610
British Virgin Islands,1985,11610
British Virgin Islands,1986,7036
British Virgin Islands,1987,18650
British Virgin Islands,1988,18650
British Virgin Islands,1989,18650
British Virgin Islands,1990,18650
British Virgin Islands,1991,18650
British Virgin Islands,1992,18650
British Virgin Islands,1993,18650
British Virgin Islands,1994,18650
British Virgin Islands,1995,18650
British Virgin Islands,1996,24450
British Virgin Islands,1997,24460
British Virgin Islands,1998,24460
British Virgin Islands,1999,24460
British Virgin Islands,2000,41760
British Virgin Islands,2001,42830
British Virgin Islands,2002,45370
British Virgin Islands,2003,48550
British Virgin Islands,2004,50950
British Virgin Islands,2005,52520
British Virgin Islands,2006,57240
British Virgin Islands,2007,59340
British Virgin Islands,2008,63520
British Virgin Islands,2009,66700
British Virgin Islands,2010,68460
British Virgin Islands,2011,70090
British Virgin Islands,2012,69660
British Virgin Islands,2013,69850
British Virgin Islands,2014,71010
British Virgin Islands,2015,71250
British Virgin Islands,2016,72010
British Virgin Islands,2017,67510
British Virgin Islands,2018,83940
British Virgin Islands,2019,66990
Brunei,1980,278700
Brunei,1981,290400
Brunei,1982,232300
Brunei,1983,290400
Brunei,1984,325200
Brunei,1985,371600
Brunei,1986,322000
Brunei,1987,355800
Brunei,1988,355800
Brunei,1989,396800
Brunei,1990,426800
Brunei,1991,612000
Brunei,1992,411800
Brunei,1993,537900
Brunei,1994,608800
Brunei,1995,632100
Brunei,1996,731700
Brunei,1997,730500
Brunei,1998,713400
Brunei,1999,780600
Brunei,2000,751400
Brunei,2001,752800
Brunei,2002,780700
Brunei,2003,803500
Brunei,2004,802800
Brunei,2005,805100
Brunei,2006,851500
Brunei,2007,877300
Brunei,2008,972200
Brunei,2009,960900
Brunei,2010,997300
Brunei,2011,1056000
Brunei,2012,1015000
Brunei,2013,1002000
Brunei,2014,957800
Brunei,2015,1111000
Brunei,2016,1022000
Brunei,2017,870900
Brunei,2018,918300
Brunei,2019,1092000
Bulgaria,1980,17770000
Bulgaria,1981,17070000
Bulgaria,1982,17130000
Bulgaria,1983,17130000
Bulgaria,1984,17070000
Bulgaria,1985,16840000
Bulgaria,1986,16610000
Bulgaria,1987,16050000
Bulgaria,1988,16160000
Bulgaria,1989,13700000
Bulgaria,1990,11150000
Bulgaria,1991,7021000
Bulgaria,1992,7503000
Bulgaria,1993,6788000
Bulgaria,1994,7346000
Bulgaria,1995,7590000
Bulgaria,1996,6870000
Bulgaria,1997,6184000
Bulgaria,1998,5965000
Bulgaria,1999,5639000
Bulgaria,2000,5169000
Bulgaria,2001,5457000
Bulgaria,2002,5551000
Bulgaria,2003,5867000
Bulgaria,2004,5978000
Bulgaria,2005,6370000
Bulgaria,2006,6440000
Bulgaria,2007,6185000
Bulgaria,2008,6097000
Bulgaria,2009,5856000
Bulgaria,2010,5172000
Bulgaria,2011,4881000
Bulgaria,2012,5011000
Bulgaria,2013,4699000
Bulgaria,2014,5168000
Bulgaria,2015,5517000
Bulgaria,2016,5633000
Bulgaria,2017,5287000
Bulgaria,2018,5387000
Bulgaria,2019,5677000
Burkina Faso,1980,174200
Burkina Faso,1981,174200
Burkina Faso,1982,174200
Burkina Faso,1983,174200
Burkina Faso,1984,174200
Burkina Faso,1985,168400
Burkina Faso,1986,199300
Burkina Faso,1987,203200
Burkina Faso,1988,217000
Burkina Faso,1989,193300
Burkina Faso,1990,195000
Burkina Faso,1991,222500
Burkina Faso,1992,222500
Burkina Faso,1993,239900
Burkina Faso,1994,263200
Burkina Faso,1995,263200
Burkina Faso,1996,274800
Burkina Faso,1997,449000
Burkina Faso,1998,414100
Burkina Faso,1999,414100
Burkina Faso,2000,381700
Burkina Faso,2001,436300
Burkina Faso,2002,452200
Burkina Faso,2003,496100
Burkina Faso,2004,442700
Burkina Faso,2005,469900
Burkina Faso,2006,462500
Burkina Faso,2007,666600
Burkina Faso,2008,725900
Burkina Faso,2009,677200
Burkina Faso,2010,729500
Burkina Faso,2011,841100
Burkina Faso,2012,997100
Burkina Faso,2013,1208000
Burkina Faso,2014,1126000
Burkina Faso,2015,1451000
Burkina Faso,2016,1368000
Burkina Faso,2017,1599000
Burkina Faso,2018,1757000
Burkina Faso,2019,1790000
Burundi,1980,40650
Burundi,1981,46460
Burundi,1982,40650
Burundi,1983,46460
Burundi,1984,58070
Burundi,1985,58070
Burundi,1986,58790
Burundi,1987,62470
Burundi,1988,98580
Burundi,1989,113900
Burundi,1990,119800
Burundi,1991,137300
Burundi,1992,125600
Burundi,1993,143100
Burundi,1994,148900
Burundi,1995,143100
Burundi,1996,148900
Burundi,1997,148900
Burundi,1998,154700
Burundi,1999,154700
Burundi,2000,128300
Burundi,2001,98980
Burundi,2002,89820
Burundi,2003,71850
Burundi,2004,87190
Burundi,2005,71550
Burundi,2006,89040
Burundi,2007,148500
Burundi,2008,86210
Burundi,2009,84780
Burundi,2010,127500
Burundi,2011,160700
Burundi,2012,148500
Burundi,2013,164100
Burundi,2014,151200
Burundi,2015,153900
Burundi,2016,171800
Burundi,2017,204700
Burundi,2018,272400
Burundi,2019,289700
Cambodia,1980,110300
Cambodia,1981,116100
Cambodia,1982,127800
Cambodia,1983,145200
Cambodia,1984,162600
Cambodia,1985,162600
Cambodia,1986,162600
Cambodia,1987,162600
Cambodia,1988,174200
Cambodia,1989,174200
Cambodia,1990,174200
Cambodia,1991,185800
Cambodia,1992,185800
Cambodia,1993,185800
Cambodia,1994,185800
Cambodia,1995,598100
Cambodia,1996,656200
Cambodia,1997,772300
Cambodia,1998,929100
Cambodia,1999,964000
Cambodia,2000,836500
Cambodia,2001,892100
Cambodia,2002,888800
Cambodia,2003,960500
Cambodia,2004,988500
Cambodia,2005,1116000
Cambodia,2006,1205000
Cambodia,2007,1421000
Cambodia,2008,1411000
Cambodia,2009,1732000
Cambodia,2010,1955000
Cambodia,2011,1988000
Cambodia,2012,2091000
Cambodia,2013,2106000
Cambodia,2014,2203000
Cambodia,2015,2497000
Cambodia,2016,2833000
Cambodia,2017,2930000
Cambodia,2018,3207000
Cambodia,2019,3724000
Cameroon,1980,929100
Cameroon,1981,929100
Cameroon,1982,1103000
Cameroon,1983,1103000
Cameroon,1984,1103000
Cameroon,1985,1161000
Cameroon,1986,1292000
Cameroon,1987,1208000
Cameroon,1988,1161000
Cameroon,1989,1405000
Cameroon,1990,1429000
Cameroon,1991,1434000
Cameroon,1992,1440000
Cameroon,1993,1196000
Cameroon,1994,1324000
Cameroon,1995,1359000
Cameroon,1996,1307000
Cameroon,1997,1365000
Cameroon,1998,1359000
Cameroon,1999,1254000
Cameroon,2000,1318000
Cameroon,2001,1290000
Cameroon,2002,1355000
Cameroon,2003,1424000
Cameroon,2004,1425000
Cameroon,2005,1384000
Cameroon,2006,1657000
Cameroon,2007,1816000
Cameroon,2008,1765000
Cameroon,2009,2048000
Cameroon,2010,2235000
Cameroon,2011,2457000
Cameroon,2012,2276000
Cameroon,2013,1788000
Cameroon,2014,2463000
Cameroon,2015,2265000
Cameroon,2016,2237000
Cameroon,2017,2202000
Cameroon,2018,2121000
Cameroon,2019,2202000
Canada,1973,100400000
Canada,1974,103300000
Canada,1975,103300000
Canada,1976,105600000
Canada,1977,107400000
Canada,1978,110400000
Canada,1979,114500000
Canada,1980,108800000
Canada,1981,102700000
Canada,1982,91630000
Canada,1983,84090000
Canada,1984,87340000
Canada,1985,87910000
Canada,1986,88120000
Canada,1987,92460000
Canada,1988,96750000
Canada,1989,101000000
Canada,1990,96160000
Canada,1991,93080000
Canada,1992,95830000
Canada,1993,97110000
Canada,1994,98360000
Canada,1995,100600000
Canada,1996,103900000
Canada,1997,108600000
Canada,1998,108300000
Canada,1999,113000000
Canada,2000,111900000
Canada,2001,112900000
Canada,2002,118500000
Canada,2003,125100000
Canada,2004,129700000
Canada,2005,134500000
Canada,2006,134200000
Canada,2007,139400000
Canada,2008,134200000
Canada,2009,131000000
Canada,2010,137300000
Canada,2011,138900000
Canada,2012,141600000
Canada,2013,140400000
Canada,2014,138700000
Canada,2015,141700000
Canada,2016,143100000
Canada,2017,143000000
Canada,2018,146300000
Canada,2019,145600000
Canada,2020,127300000
Cape Verde,1980,121900
Cape Verde,1981,121900
Cape Verde,1982,52260
Cape Verde,1983,52260
Cape Verde,1984,63880
Cape Verde,1985,63880
Cape Verde,1986,19610
Cape Verde,1987,20720
Cape Verde,1988,28020
Cape Verde,1989,33840
Cape Verde,1990,33840
Cape Verde,1991,33840
Cape Verde,1992,39630
Cape Verde,1993,39640
Cape Verde,1994,46680
Cape Verde,1995,45440
Cape Verde,1996,52470
Cape Verde,1997,52490
Cape Verde,1998,52490
Cape Verde,1999,52490
Cape Verde,2000,129400
Cape Verde,2001,145700
Cape Verde,2002,156700
Cape Verde,2003,154700
Cape Verde,2004,168100
Cape Verde,2005,261300
Cape Verde,2006,277100
Cape Verde,2007,314300
Cape Verde,2008,311900
Cape Verde,2009,298400
Cape Verde,2010,319600
Cape Verde,2011,372000
Cape Verde,2012,322900
Cape Verde,2013,315100
Cape Verde,2014,338100
Cape Verde,2015,335800
Cape Verde,2016,352400
Cape Verde,2017,376000
Cape Verde,2018,377400
Cape Verde,2019,377400
Cayman Islands,1980,40650
Cayman Islands,1981,46460
Cayman Islands,1982,46460
Cayman Islands,1983,40650
Cayman Islands,1984,46460
Cayman Islands,1985,46460
Cayman Islands,1986,43910
Cayman Islands,1987,46790
Cayman Islands,1988,110300
Cayman Islands,1989,110300
Cayman Islands,1990,117900
Cayman Islands,1991,116100
Cayman Islands,1992,117900
Cayman Islands,1993,112100
Cayman Islands,1994,129600
Cayman Islands,1995,138200
Cayman Islands,1996,138200
Cayman Islands,1997,138200
Cayman Islands,1998,138200
Cayman Islands,1999,138200
Cayman Islands,2000,199100
Cayman Islands,2001,202200
Cayman Islands,2002,209700
Cayman Islands,2003,212500
Cayman Islands,2004,200300
Cayman Islands,2005,206700
Cayman Islands,2006,209700
Cayman Islands,2007,250300
Cayman Islands,2008,257400
Cayman Islands,2009,239000
Cayman Islands,2010,239700
Cayman Islands,2011,253600
Cayman Islands,2012,233000
Cayman Islands,2013,231300
Cayman Islands,2014,234800
Cayman Islands,2015,248800
Cayman Islands,2016,245000
Cayman Islands,2017,282500
Cayman Islands,2018,262000
Cayman Islands,2019,318600
Central African Republic,1980,58070
Central African Republic,1981,75490
Central African Republic,1982,81300
Central African Republic,1983,87100
Central African Republic,1984,81300
Central African Republic,1985,81300
Central African Republic,1986,98720
Central African Republic,1987,90280
Central African Republic,1988,90280
Central African Republic,1989,90280
Central African Republic,1990,97150
Central African Republic,1991,103000
Central African Republic,1992,97140
Central African Republic,1993,108800
Central African Republic,1994,114600
Central African Republic,1995,114600
Central African Republic,1996,120400
Central African Republic,1997,120400
Central African Republic,1998,120400
Central African Republic,1999,120400
Central African Republic,2000,114700
Central African Republic,2001,118800
Central African Republic,2002,117500
Central African Republic,2003,109000
Central African Republic,2004,106800
Central African Republic,2005,104800
Central African Republic,2006,108400
Central African Republic,2007,108500
Central African Republic,2008,81980
Central African Republic,2009,78200
Central African Republic,2010,80690
Central African Republic,2011,88230
Central African Republic,2012,90770
Central African Republic,2013,59510
Central African Republic,2014,65820
Central African Republic,2015,94420
Central African Republic,2016,101900
Central African Republic,2017,107200
Central African Republic,2018,111100
Central African Republic,2019,113700
Chad,1980,116100
Chad,1981,110300
Chad,1982,110300
Chad,1983,110300
Chad,1984,52260
Chad,1985,63880
Chad,1986,110300
Chad,1987,98720
Chad,1988,58810
Chad,1989,64680
Chad,1990,135800
Chad,1991,133600
Chad,1992,133600
Chad,1993,63880
Chad,1994,69680
Chad,1995,69680
Chad,1996,69680
Chad,1997,75490
Chad,1998,75490
Chad,1999,75490
Chad,2000,98210
Chad,2001,94540
Chad,2002,93350
Chad,2003,92200
Chad,2004,96920
Chad,2005,104600
Chad,2006,106200
Chad,2007,118000
Chad,2008,123800
Chad,2009,135400
Chad,2010,150400
Chad,2011,219100
Chad,2012,384700
Chad,2013,399700
Chad,2014,416000
Chad,2015,421600
Chad,2016,415200
Chad,2017,647300
Chad,2018,702200
Chad,2019,730200
Chile,1980,6213000
Chile,1981,6039000
Chile,1982,5923000
Chile,1983,5575000
Chile,1984,5873000
Chile,1985,5694000
Chile,1986,6011000
Chile,1987,6285000
Chile,1988,6949000
Chile,1989,7839000
Chile,1990,8448000
Chile,1991,8886000
Chile,1992,9596000
Chile,1993,10420000
Chile,1994,11370000
Chile,1995,12340000
Chile,1996,13450000
Chile,1997,14220000
Chile,1998,14800000
Chile,1999,15170000
Chile,2000,13920000
Chile,2001,13560000
Chile,2002,13920000
Chile,2003,14430000
Chile,2004,15300000
Chile,2005,15820000
Chile,2006,16150000
Chile,2007,20410000
Chile,2008,21450000
Chile,2009,20230000
Chile,2010,18720000
Chile,2011,19280000
Chile,2012,19280000
Chile,2013,19710000
Chile,2014,19530000
Chile,2015,19190000
Chile,2016,20440000
Chile,2017,20740000
Chile,2018,21100000
Chile,2019,21010000
Chile,2020,18790000
China,1980,112700000
China,1981,107800000
China,1982,106700000
China,1983,108800000
China,1984,111000000
China,1985,117500000
China,1986,119400000
China,1987,125500000
China,1988,134400000
China,1989,140300000
China,1990,135100000
China,1991,141200000
China,1992,156400000
China,1993,173800000
China,1994,185400000
China,1995,197100000
China,1996,220500000
China,1997,211200000
China,1998,239100000
China,1999,253100000
China,2000,272300000
China,2001,279600000
China,2002,302600000
China,2003,336000000
China,2004,395000000
China,2005,404800000
China,2006,435100000
China,2007,460100000
China,2008,467000000
China,2009,493400000
China,2010,533200000
China,2011,562500000
China,2012,590600000
China,2013,626000000
China,2014,663000000
China,2015,694400000
China,2016,729100000
China,2017,766500000
China,2018,790300000
China,2019,813400000
Colombia,1980,9349000
Colombia,1981,9523000
Colombia,1982,9756000
Colombia,1983,9988000
Colombia,1984,10100000
Colombia,1985,9930000
Colombia,1986,9959000
Colombia,1987,10710000
Colombia,1988,11470000
Colombia,1989,12090000
Colombia,1990,11400000
Colombia,1991,11890000
Colombia,1992,13320000
Colombia,1993,13980000
Colombia,1994,14270000
Colombia,1995,14560000
Colombia,1996,16200000
Colombia,1997,16640000
Colombia,1998,16780000
Colombia,1999,16140000
Colombia,2000,16340000
Colombia,2001,15890000
Colombia,2002,15800000
Colombia,2003,15490000
Colombia,2004,16370000
Colombia,2005,15900000
Colombia,2006,16530000
Colombia,2007,15660000
Colombia,2008,15920000
Colombia,2009,15060000
Colombia,2010,15590000
Colombia,2011,17840000
Colombia,2012,18970000
Colombia,2013,19100000
Colombia,2014,19760000
Colombia,2015,19450000
Colombia,2016,20440000
Colombia,2017,19080000
Colombia,2018,19570000
Colombia,2019,20470000
Colombia,2020,16350000
Comoros,1980,17420
Comoros,1981,17420
Comoros,1982,17420
Comoros,1983,17420
Comoros,1984,17420
Comoros,1985,17420
Comoros,1986,9496
Comoros,1987,20560
Comoros,1988,20530
Comoros,1989,20560
Comoros,1990,24490
Comoros,1991,23600
Comoros,1992,23580
Comoros,1993,23600
Comoros,1994,23600
Comoros,1995,23580
Comoros,1996,23580
Comoros,1997,23600
Comoros,1998,29410
Comoros,1999,29410
Comoros,2000,41190
Comoros,2001,43080
Comoros,2002,43080
Comoros,2003,55140
Comoros,2004,60080
Comoros,2005,57870
Comoros,2006,67320
Comoros,2007,44360
Comoros,2008,45240
Comoros,2009,55330
Comoros,2010,65860
Comoros,2011,59470
Comoros,2012,62150
Comoros,2013,74580
Comoros,2014,66830
Comoros,2015,72080
Comoros,2016,84370
Comoros,2017,109700
Comoros,2018,119500
Comoros,2019,128900
Congo,1980,290400
Congo,1981,348400
Congo,1982,290400
Congo,1983,232300
Congo,1984,232300
Congo,1985,331000
Congo,1986,342800
Congo,1987,380000
Congo,1988,337000
Congo,1989,380000
Congo,1990,413600
Congo,1991,361400
Congo,1992,336800
Congo,1993,313600
Congo,1994,302000
Congo,1995,302000
Congo,1996,296200
Congo,1997,290400
Congo,1998,290400
Congo,1999,243900
Congo,2000,259900
Congo,2001,332600
Congo,2002,269400
Congo,2003,347700
Congo,2004,377400
Congo,2005,425500
Congo,2006,492900
Congo,2007,574200
Congo,2008,618500
Congo,2009,713700
Congo,2010,793500
Congo,2011,874300
Congo,2012,857700
Congo,2013,979200
Congo,2014,1004000
Congo,2015,996300
Congo,2016,965500
Congo,2017,828000
Congo,2018,704000
Congo,2019,732700
Cook Islands,1980,11610
Cook Islands,1981,23230
Cook Islands,1982,23230
Cook Islands,1983,23230
Cook Islands,1984,23230
Cook Islands,1985,23230
Cook Islands,1986,17420
Cook Islands,1987,17420
Cook Islands,1988,17420
Cook Islands,1989,17420
Cook Islands,1990,17420
Cook Islands,1991,12080
Cook Islands,1992,17420
Cook Islands,1993,17420
Cook Islands,1994,17420
Cook Islands,1995,17420
Cook Islands,1996,17420
Cook Islands,1997,17420
Cook Islands,1998,17420
Cook Islands,1999,17420
Cook Islands,2000,25900
Cook Islands,2001,24900
Cook Islands,2002,13580
Cook Islands,2003,12530
Cook Islands,2004,20880
Cook Islands,2005,33520
Cook Islands,2006,35840
Cook Islands,2007,30250
Cook Islands,2008,31000
Cook Islands,2009,28630
Cook Islands,2010,34010
Cook Islands,2011,38160
Cook Islands,2012,40360
Cook Islands,2013,40240
Cook Islands,2014,42440
Cook Islands,2015,39270
Cook Islands,2016,40640
Cook Islands,2017,43260
Cook Islands,2018,43380
Cook Islands,2019,43920
Costa Rica,1980,929100
Costa Rica,1981,929100
Costa Rica,1982,871000
Costa Rica,1983,929100
Costa Rica,1984,813000
Costa Rica,1985,871000
Costa Rica,1986,783900
Costa Rica,1987,917500
Costa Rica,1988,1045000
Costa Rica,1989,1144000
Costa Rica,1990,1092000
Costa Rica,1991,1161000
Costa Rica,1992,1462000
Costa Rica,1993,1591000
Costa Rica,1994,1643000
Costa Rica,1995,1794000
Costa Rica,1996,1725000
Costa Rica,1997,1818000
Costa Rica,1998,2052000
Costa Rica,1999,2253000
Costa Rica,2000,2203000
Costa Rica,2001,2212000
Costa Rica,2002,2293000
Costa Rica,2003,2371000
Costa Rica,2004,2352000
Costa Rica,2005,2528000
Costa Rica,2006,2711000
Costa Rica,2007,2947000
Costa Rica,2008,2913000
Costa Rica,2009,2790000
Costa Rica,2010,2858000
Costa Rica,2011,2886000
Costa Rica,2012,2878000
Costa Rica,2013,2991000
Costa Rica,2014,3060000
Costa Rica,2015,3020000
Costa Rica,2016,3203000
Costa Rica,2017,3345000
Costa Rica,2018,3495000
Costa Rica,2019,3673000
Cote d'Ivoire,1980,1626000
Cote d'Ivoire,1981,1742000
Cote d'Ivoire,1982,1626000
Cote d'Ivoire,1983,1742000
Cote d'Ivoire,1984,1684000
Cote d'Ivoire,1985,1742000
Cote d'Ivoire,1986,1829000
Cote d'Ivoire,1987,2044000
Cote d'Ivoire,1988,2125000
Cote d'Ivoire,1989,2125000
Cote d'Ivoire,1990,1760000
Cote d'Ivoire,1991,1446000
Cote d'Ivoire,1992,1446000
Cote d'Ivoire,1993,1655000
Cote d'Ivoire,1994,1690000
Cote d'Ivoire,1995,1661000
Cote d'Ivoire,1996,1742000
Cote d'Ivoire,1997,1620000
Cote d'Ivoire,1998,1562000
Cote d'Ivoire,1999,1742000
Cote d'Ivoire,2000,1698000
Cote d'Ivoire,2001,1645000
Cote d'Ivoire,2002,1716000
Cote d'Ivoire,2003,1344000
Cote d'Ivoire,2004,1637000
Cote d'Ivoire,2005,2067000
Cote d'Ivoire,2006,1525000
Cote d'Ivoire,2007,1437000
Cote d'Ivoire,2008,1661000
Cote d'Ivoire,2009,1488000
Cote d'Ivoire,2010,1637000
Cote d'Ivoire,2011,1379000
Cote d'Ivoire,2012,1960000
Cote d'Ivoire,2013,2268000
Cote d'Ivoire,2014,2441000
Cote d'Ivoire,2015,2599000
Cote d'Ivoire,2016,3020000
Cote d'Ivoire,2017,2962000
Cote d'Ivoire,2018,3020000
Cote d'Ivoire,2019,3279000
Croatia,1992,3769000
Croatia,1993,3670000
Croatia,1994,4558000
Croatia,1995,5151000
Croatia,1996,4483000
Croatia,1997,4680000
Croatia,1998,5217000
Croatia,1999,5262000
Croatia,2000,4919000
Croatia,2001,5029000
Croatia,2002,5243000
Croatia,2003,5763000
Croatia,2004,5449000
Croatia,2005,5602000
Croatia,2006,5687000
Croatia,2007,5874000
Croatia,2008,5523000
Croatia,2009,5437000
Croatia,2010,4659000
Croatia,2011,4607000
Croatia,2012,4257000
Croatia,2013,4017000
Croatia,2014,3973000
Croatia,2015,3953000
Croatia,2016,4012000
Croatia,2017,4201000
Croatia,2018,4124000
Croatia,2019,4153000
Cuba,1980,11790000
Cuba,1981,12020000
Cuba,1982,13010000
Cuba,1983,11960000
Cuba,1984,12370000
Cuba,1985,12600000
Cuba,1986,12920000
Cuba,1987,12710000
Cuba,1988,12810000
Cuba,1989,13060000
Cuba,1990,12710000
Cuba,1991,11870000
Cuba,1992,10500000
Cuba,1993,10440000
Cuba,1994,10570000
Cuba,1995,10840000
Cuba,1996,11150000
Cuba,1997,11590000
Cuba,1998,11240000
Cuba,1999,9442000
Cuba,2000,9173000
Cuba,2001,8724000
Cuba,2002,8835000
Cuba,2003,9064000
Cuba,2004,9160000
Cuba,2005,9084000
Cuba,2006,8780000
Cuba,2007,8696000
Cuba,2008,9406000
Cuba,2009,9509000
Cuba,2010,10990000
Cuba,2011,9913000
Cuba,2012,10740000
Cuba,2013,10200000
Cuba,2014,10280000
Cuba,2015,9872000
Cuba,2016,10100000
Cuba,2017,8650000
Cuba,2018,9217000
Cuba,2019,9527000
Cyprus,1980,1161000
Cyprus,1981,987200
Cyprus,1982,1045000
Cyprus,1983,1161000
Cyprus,1984,1161000
Cyprus,1985,1219000
Cyprus,1986,1301000
Cyprus,1987,1411000
Cyprus,1988,1411000
Cyprus,1989,1748000
Cyprus,1990,1876000
Cyprus,1991,1893000
Cyprus,1992,2183000
Cyprus,1993,2178000
Cyprus,1994,2509000
Cyprus,1995,2474000
Cyprus,1996,2433000
Cyprus,1997,2480000
Cyprus,1998,2665000
Cyprus,1999,2834000
Cyprus,2000,2955000
Cyprus,2001,2986000
Cyprus,2002,2958000
Cyprus,2003,3185000
Cyprus,2004,2874000
Cyprus,2005,3172000
Cyprus,2006,3281000
Cyprus,2007,3379000
Cyprus,2008,3496000
Cyprus,2009,3382000
Cyprus,2010,3252000
Cyprus,2011,3218000
Cyprus,2012,3019000
Cyprus,2013,2700000
Cyprus,2014,2712000
Cyprus,2015,2746000
Cyprus,2016,3037000
Cyprus,2017,3085000
Cyprus,2018,3088000
Cyprus,2019,3158000
Czechia,1993,8954000
Czechia,1994,9229000
Czechia,1995,9789000
Czechia,1996,10070000
Czechia,1997,9810000
Czechia,1998,10160000
Czechia,1999,10130000
Czechia,2000,9861000
Czechia,2001,10400000
Czechia,2002,10230000
Czechia,2003,10910000
Czechia,2004,11970000
Czechia,2005,12380000
Czechia,2006,12290000
Czechia,2007,12280000
Czechia,2008,12500000
Czechia,2009,11930000
Czechia,2010,11750000
Czechia,2011,11510000
Czechia,2012,11350000
Czechia,2013,10960000
Czechia,2014,11760000
Czechia,2015,11390000
Czechia,2016,10460000
Czechia,2017,12450000
Czechia,2018,12600000
Czechia,2019,12750000
Czechia,2020,11190000
Czechoslovakia,1980,20610000
Czechoslovakia,1981,20320000
Czechoslovakia,1982,18990000
Czechoslovakia,1983,18520000
Czechoslovakia,1984,17480000
Czechoslovakia,1985,17300000
Czechoslovakia,1986,17130000
Czechoslovakia,1987,17190000
Czechoslovakia,1988,16320000
Czechoslovakia,1989,18000000
Czechoslovakia,1990,16900000
Czechoslovakia,1991,14050000
Czechoslovakia,1992,13990000
Democratic Republic of Congo,1980,1103000
Democratic Republic of Congo,1981,1161000
Democratic Republic of Congo,1982,1219000
Democratic Republic of Congo,1983,1219000
Democratic Republic of Congo,1984,1161000
Democratic Republic of Congo,1985,1103000
Democratic Republic of Congo,1986,1193000
Democratic Republic of Congo,1987,1076000
Democratic Republic of Congo,1988,1338000
Democratic Republic of Congo,1989,1268000
Democratic Republic of Congo,1990,1192000
Democratic Republic of Congo,1991,1249000
Democratic Republic of Congo,1992,1411000
Democratic Republic of Congo,1993,1463000
Democratic Republic of Congo,1994,1167000
Democratic Republic of Congo,1995,1189000
Democratic Republic of Congo,1996,1241000
Democratic Republic of Congo,1997,1219000
Democratic Republic of Congo,1998,1156000
Democratic Republic of Congo,1999,1192000
Democratic Republic of Congo,2000,462900
Democratic Republic of Congo,2001,410700
Democratic Republic of Congo,2002,464300
Democratic Republic of Congo,2003,544600
Democratic Republic of Congo,2004,598200
Democratic Republic of Congo,2005,744300
Democratic Republic of Congo,2006,838400
Democratic Republic of Congo,2007,847600
Democratic Republic of Congo,2008,717900
Democratic Republic of Congo,2009,619800
Democratic Republic of Congo,2010,891900
Democratic Republic of Congo,2011,1085000
Democratic Republic of Congo,2012,1064000
Democratic Republic of Congo,2013,1555000
Democratic Republic of Congo,2014,2113000
Democratic Republic of Congo,2015,1228000
Democratic Republic of Congo,2016,925900
Democratic Republic of Congo,2017,1012000
Democratic Republic of Congo,2018,1011000
Democratic Republic of Congo,2019,1038000
Denmark,1980,16860000
Denmark,1981,14110000
Denmark,1982,13360000
Denmark,1983,12720000
Denmark,1984,12520000
Denmark,1985,12930000
Denmark,1986,12750000
Denmark,1987,12410000
Denmark,1988,11850000
Denmark,1989,11360000
Denmark,1990,11180000
Denmark,1991,11290000
Denmark,1992,11180000
Denmark,1993,11550000
Denmark,1994,12280000
Denmark,1995,12930000
Denmark,1996,13640000
Denmark,1997,13160000
Denmark,1998,12940000
Denmark,1999,12790000
Denmark,2000,12190000
Denmark,2001,12390000
Denmark,2002,11450000
Denmark,2003,10930000
Denmark,2004,10760000
Denmark,2005,10650000
Denmark,2006,11030000
Denmark,2007,11050000
Denmark,2008,10510000
Denmark,2009,9669000
Denmark,2010,9725000
Denmark,2011,9487000
Denmark,2012,9029000
Denmark,2013,8987000
Denmark,2014,8921000
Denmark,2015,8971000
Denmark,2016,9187000
Denmark,2017,9206000
Denmark,2018,9363000
Denmark,2019,9604000
Denmark,2020,7965000
Djibouti,1980,580700
Djibouti,1981,464600
Djibouti,1982,464600
Djibouti,1983,348400
Djibouti,1984,290300
Djibouti,1985,290300
Djibouti,1986,261300
Djibouti,1987,267100
Djibouti,1988,261300
Djibouti,1989,603900
Djibouti,1990,621300
Djibouti,1991,621300
Djibouti,1992,627200
Djibouti,1993,633000
Djibouti,1994,650400
Djibouti,1995,644600
Djibouti,1996,644600
Djibouti,1997,650400
Djibouti,1998,650400
Djibouti,1999,650400
Djibouti,2000,339400
Djibouti,2001,339000
Djibouti,2002,339900
Djibouti,2003,352500
Djibouti,2004,341900
Djibouti,2005,324400
Djibouti,2006,303300
Djibouti,2007,314500
Djibouti,2008,346700
Djibouti,2009,306700
Djibouti,2010,345700
Djibouti,2011,267200
Djibouti,2012,343400
Djibouti,2013,355000
Djibouti,2014,361000
Djibouti,2015,325300
Djibouti,2016,293800
Djibouti,2017,258900
Djibouti,2018,270900
Djibouti,2019,247500
Dominica,1980,11610
Dominica,1981,17420
Dominica,1982,17420
Dominica,1983,17420
Dominica,1984,17420
Dominica,1985,17420
Dominica,1986,14300
Dominica,1987,20110
Dominica,1988,21540
Dominica,1989,21560
Dominica,1990,21560
Dominica,1991,21560
Dominica,1992,21540
Dominica,1993,21560
Dominica,1994,28590
Dominica,1995,35610
Dominica,1996,35610
Dominica,1997,35630
Dominica,1998,35630
Dominica,1999,35630
Dominica,2000,43720
Dominica,2001,48800
Dominica,2002,44110
Dominica,2003,50450
Dominica,2004,58070
Dominica,2005,57210
Dominica,2006,57090
Dominica,2007,71760
Dominica,2008,64210
Dominica,2009,64300
Dominica,2010,67530
Dominica,2011,65870
Dominica,2012,64800
Dominica,2013,62700
Dominica,2014,66520
Dominica,2015,70650
Dominica,2016,71230
Dominica,2017,68280
Dominica,2018,71430
Dominica,2019,69920
Dominican Republic,1980,2207000
Dominican Republic,1981,2149000
Dominican Republic,1982,2265000
Dominican Republic,1983,2729000
Dominican Republic,1984,2381000
Dominican Republic,1985,2439000
Dominican Republic,1986,2729000
Dominican Republic,1987,3025000
Dominican Republic,1988,3415000
Dominican Republic,1989,3420000
Dominican Republic,1990,3746000
Dominican Republic,1991,3577000
Dominican Republic,1992,3780000
Dominican Republic,1993,3438000
Dominican Republic,1994,3955000
Dominican Republic,1995,4158000
Dominican Republic,1996,4512000
Dominican Republic,1997,4901000
Dominican Republic,1998,5029000
Dominican Republic,1999,5790000
Dominican Republic,2000,8023000
Dominican Republic,2001,7727000
Dominican Republic,2002,8081000
Dominican Republic,2003,6936000
Dominican Republic,2004,6510000
Dominican Republic,2005,7001000
Dominican Republic,2006,6913000
Dominican Republic,2007,6943000
Dominican Republic,2008,6945000
Dominican Republic,2009,6777000
Dominican Republic,2010,6915000
Dominican Republic,2011,6606000
Dominican Republic,2012,7008000
Dominican Republic,2013,6741000
Dominican Republic,2014,6460000
Dominican Republic,2015,7150000
Dominican Republic,2016,7735000
Dominican Republic,2017,7335000
Dominican Republic,2018,8290000
Dominican Republic,2019,8605000
East Germany,1980,21780000
East Germany,1981,20610000
East Germany,1982,21540000
East Germany,1983,19570000
East Germany,1984,21600000
East Germany,1985,21020000
East Germany,1986,21030000
East Germany,1987,19890000
East Germany,1988,18700000
East Germany,1989,17440000
East Germany,1990,16390000
Ecuador,1980,4878000
Ecuador,1981,5110000
Ecuador,1982,5517000
Ecuador,1983,4936000
Ecuador,1984,4820000
Ecuador,1985,4994000
Ecuador,1986,5337000
Ecuador,1987,5255000
Ecuador,1988,5401000
Ecuador,1989,5238000
Ecuador,1990,5639000
Ecuador,1991,5993000
Ecuador,1992,6875000
Ecuador,1993,6469000
Ecuador,1994,6916000
Ecuador,1995,7148000
Ecuador,1996,7503000
Ecuador,1997,7828000
Ecuador,1998,8008000
Ecuador,1999,7503000
Ecuador,2000,8120000
Ecuador,2001,8978000
Ecuador,2002,9097000
Ecuador,2003,9512000
Ecuador,2004,10410000
Ecuador,2005,11260000
Ecuador,2006,11810000
Ecuador,2007,12150000
Ecuador,2008,12510000
Ecuador,2009,13440000
Ecuador,2010,14260000
Ecuador,2011,14280000
Ecuador,2012,14500000
Ecuador,2013,15140000
Ecuador,2014,16500000
Ecuador,2015,15820000
Ecuador,2016,14920000
Ecuador,2017,14270000
Ecuador,2018,15260000
Ecuador,2019,15040000
Egypt,1980,15100000
Egypt,1981,17420000
Egypt,1982,18580000
Egypt,1983,21830000
Egypt,1984,23580000
Egypt,1985,24970000
Egypt,1986,24850000
Egypt,1987,25670000
Egypt,1988,25380000
Egypt,1989,25730000
Egypt,1990,27000000
Egypt,1991,26480000
Egypt,1992,25840000
Egypt,1993,26190000
Egypt,1994,27530000
Egypt,1995,28400000
Egypt,1996,31070000
Egypt,1997,32580000
Egypt,1998,34200000
Egypt,1999,33770000
Egypt,2000,32420000
Egypt,2001,32360000
Egypt,2002,32640000
Egypt,2003,33350000
Egypt,2004,36910000
Egypt,2005,37580000
Egypt,2006,38570000
Egypt,2007,40910000
Egypt,2008,42190000
Egypt,2009,44740000
Egypt,2010,46500000
Egypt,2011,45400000
Egypt,2012,47120000
Egypt,2013,47460000
Egypt,2014,50770000
Egypt,2015,49770000
Egypt,2016,48210000
Egypt,2017,47820000
Egypt,2018,45660000
Egypt,2019,47050000
El Salvador,1980,813000
El Salvador,1981,696800
El Salvador,1982,696800
El Salvador,1983,754900
El Salvador,1984,754900
El Salvador,1985,813000
El Salvador,1986,865200
El Salvador,1987,853600
El Salvador,1988,940700
El Salvador,1989,911700
El Salvador,1990,958200
El Salvador,1991,1115000
El Salvador,1992,1272000
El Salvador,1993,1295000
El Salvador,1994,1458000
El Salvador,1995,1823000
El Salvador,1996,1777000
El Salvador,1997,1858000
El Salvador,1998,2178000
El Salvador,1999,2224000
El Salvador,2000,2193000
El Salvador,2001,2265000
El Salvador,2002,2341000
El Salvador,2003,2484000
El Salvador,2004,2489000
El Salvador,2005,2520000
El Salvador,2006,2627000
El Salvador,2007,2765000
El Salvador,2008,2590000
El Salvador,2009,2610000
El Salvador,2010,2566000
El Salvador,2011,2562000
El Salvador,2012,2622000
El Salvador,2013,2541000
El Salvador,2014,2644000
El Salvador,2015,2822000
El Salvador,2016,2813000
El Salvador,2017,2590000
El Salvador,2018,2929000
El Salvador,2019,3433000
Equatorial Guinea,1980,23230
Equatorial Guinea,1981,23230
Equatorial Guinea,1982,29040
Equatorial Guinea,1983,29040
Equatorial Guinea,1984,29040
Equatorial Guinea,1985,34840
Equatorial Guinea,1986,29040
Equatorial Guinea,1987,30150
Equatorial Guinea,1988,30150
Equatorial Guinea,1989,47570
Equatorial Guinea,1990,47570
Equatorial Guinea,1991,47570
Equatorial Guinea,1992,47570
Equatorial Guinea,1993,47570
Equatorial Guinea,1994,47570
Equatorial Guinea,1995,47570
Equatorial Guinea,1996,47570
Equatorial Guinea,1997,53380
Equatorial Guinea,1998,53380
Equatorial Guinea,1999,53380
Equatorial Guinea,2000,290300
Equatorial Guinea,2001,144200
Equatorial Guinea,2002,1766000
Equatorial Guinea,2003,2001000
Equatorial Guinea,2004,490800
Equatorial Guinea,2005,925800
Equatorial Guinea,2006,1569000
Equatorial Guinea,2007,1665000
Equatorial Guinea,2008,1604000
Equatorial Guinea,2009,1749000
Equatorial Guinea,2010,1540000
Equatorial Guinea,2011,1792000
Equatorial Guinea,2012,1720000
Equatorial Guinea,2013,1917000
Equatorial Guinea,2014,1765000
Equatorial Guinea,2015,1595000
Equatorial Guinea,2016,1601000
Equatorial Guinea,2017,1625000
Equatorial Guinea,2018,1356000
Equatorial Guinea,2019,1294000
Eritrea,1994,365800
Eritrea,1995,418100
Eritrea,1996,423900
Eritrea,1997,426300
Eritrea,1998,454800
Eritrea,1999,472200
Eritrea,2000,241600
Eritrea,2001,265300
Eritrea,2002,242400
Eritrea,2003,290900
Eritrea,2004,314400
Eritrea,2005,314800
Eritrea,2006,215200
Eritrea,2007,221400
Eritrea,2008,156000
Eritrea,2009,190500
Eritrea,2010,188800
Eritrea,2011,191700
Eritrea,2012,203200
Eritrea,2013,207700
Eritrea,2014,217000
Eritrea,2015,217100
Eritrea,2016,223200
Eritrea,2017,240600
Eritrea,2018,277400
Eritrea,2019,302000
Estonia,1992,1833000
Estonia,1993,1917000
Estonia,1994,1765000
Estonia,1995,1389000
Estonia,1996,1519000
Estonia,1997,1490000
Estonia,1998,1496000
Estonia,1999,1439000
Estonia,2000,1238000
Estonia,2001,1406000
Estonia,2002,1456000
Estonia,2003,1426000
Estonia,2004,1475000
Estonia,2005,1519000
Estonia,2006,1647000
Estonia,2007,1733000
Estonia,2008,1697000
Estonia,2009,1504000
Estonia,2010,1548000
Estonia,2011,1530000
Estonia,2012,1796000
Estonia,2013,1772000
Estonia,2014,1683000
Estonia,2015,1686000
Estonia,2016,1675000
Estonia,2017,1766000
Estonia,2018,1762000
Estonia,2019,1599000
Estonia,2020,1507000
Eswatini,1980,116100
Eswatini,1981,116100
Eswatini,1982,116100
Eswatini,1983,116100
Eswatini,1984,116100
Eswatini,1985,133600
Eswatini,1986,118200
Eswatini,1987,134400
Eswatini,1988,142600
Eswatini,1989,150200
Eswatini,1990,144400
Eswatini,1991,167200
Eswatini,1992,155600
Eswatini,1993,192300
Eswatini,1994,204000
Eswatini,1995,204000
Eswatini,1996,204000
Eswatini,1997,204000
Eswatini,1998,204000
Eswatini,1999,204000
Eswatini,2000,270400
Eswatini,2001,268100
Eswatini,2002,267300
Eswatini,2003,269100
Eswatini,2004,266500
Eswatini,2005,266400
Eswatini,2006,265300
Eswatini,2007,276100
Eswatini,2008,283600
Eswatini,2009,276500
Eswatini,2010,277800
Eswatini,2011,280800
Eswatini,2012,285100
Eswatini,2013,294800
Eswatini,2014,309500
Eswatini,2015,316400
Eswatini,2016,347700
Eswatini,2017,343900
Eswatini,2018,363200
Eswatini,2019,349500
Ethiopia,1980,696800
Ethiopia,1981,696800
Ethiopia,1982,754900
Ethiopia,1983,871000
Ethiopia,1984,871000
Ethiopia,1985,1045000
Ethiopia,1986,998800
Ethiopia,1987,1132000
Ethiopia,1988,1086000
Ethiopia,1989,1144000
Ethiopia,1990,1138000
Ethiopia,1991,952300
Ethiopia,1992,1365000
Ethiopia,1993,1272000
Ethiopia,1994,818800
Ethiopia,1995,894300
Ethiopia,1996,673600
Ethiopia,1997,673600
Ethiopia,1998,998500
Ethiopia,1999,1256000
Ethiopia,2000,1346000
Ethiopia,2001,1406000
Ethiopia,2002,1459000
Ethiopia,2003,1554000
Ethiopia,2004,1642000
Ethiopia,2005,1911000
Ethiopia,2006,2063000
Ethiopia,2007,2356000
Ethiopia,2008,2519000
Ethiopia,2009,2584000
Ethiopia,2010,2584000
Ethiopia,2011,2739000
Ethiopia,2012,2892000
Ethiopia,2013,3400000
Ethiopia,2014,3906000
Ethiopia,2015,4020000
Ethiopia,2016,4660000
Ethiopia,2017,4579000
Ethiopia,2018,4912000
Ethiopia,2019,6267000
Faeroe Islands,1980,0
Faeroe Islands,1981,0
Faeroe Islands,1982,0
Faeroe Islands,1983,0
Faeroe Islands,1984,0
Faeroe Islands,1985,203200
Faeroe Islands,1986,193500
Faeroe Islands,1987,203200
Faeroe Islands,1988,210100
Faeroe Islands,1989,230300
Faeroe Islands,1990,253500
Faeroe Islands,1991,231100
Faeroe Islands,1992,230100
Faeroe Islands,1993,227700
Faeroe Islands,1994,233500
Faeroe Islands,1995,251500
Faeroe Islands,1996,252200
Faeroe Islands,1997,252200
Faeroe Islands,1998,252200
Faeroe Islands,1999,252200
Faeroe Islands,2000,275700
Faeroe Islands,2001,306100
Faeroe Islands,2002,293900
Faeroe Islands,2003,294600
Faeroe Islands,2004,299500
Faeroe Islands,2005,292100
Faeroe Islands,2006,286000
Faeroe Islands,2007,297900
Faeroe Islands,2008,274800
Faeroe Islands,2009,253600
Faeroe Islands,2010,270700
Faeroe Islands,2011,251300
Faeroe Islands,2012,256100
Faeroe Islands,2013,282800
Faeroe Islands,2014,251500
Faeroe Islands,2015,264500
Faeroe Islands,2016,272000
Faeroe Islands,2017,307500
Faeroe Islands,2018,317400
Faeroe Islands,2019,317400
Falkland Islands,1980,4646
Falkland Islands,1981,4646
Falkland Islands,1982,4646
Falkland Islands,1983,4646
Falkland Islands,1984,4646
Falkland Islands,1985,5807
Falkland Islands,1986,4492
Falkland Islands,1987,4492
Falkland Islands,1988,7920
Falkland Islands,1989,11610
Falkland Islands,1990,5807
Falkland Islands,1991,5807
Falkland Islands,1992,5807
Falkland Islands,1993,5807
Falkland Islands,1994,5807
Falkland Islands,1995,11610
Falkland Islands,1996,7033
Falkland Islands,1997,12840
Falkland Islands,1998,7036
Falkland Islands,1999,7037
Falkland Islands,2000,10870
Falkland Islands,2001,12080
Falkland Islands,2002,13310
Falkland Islands,2003,14500
Falkland Islands,2004,15690
Falkland Islands,2005,15730
Falkland Islands,2006,18140
Falkland Islands,2007,18140
Falkland Islands,2008,18100
Falkland Islands,2009,18140
Falkland Islands,2010,16590
Falkland Islands,2011,16120
Falkland Islands,2012,16440
Falkland Islands,2013,16480
Falkland Islands,2014,16480
Falkland Islands,2015,17220
Falkland Islands,2016,17900
Falkland Islands,2017,17200
Falkland Islands,2018,17950
Falkland Islands,2019,17950
Fiji,1980,412300
Fiji,1981,423900
Fiji,1982,418100
Fiji,1983,342600
Fiji,1984,313600
Fiji,1985,319400
Fiji,1986,383300
Fiji,1987,313600
Fiji,1988,313600
Fiji,1989,371600
Fiji,1990,394900
Fiji,1991,330800
Fiji,1992,342600
Fiji,1993,365800
Fiji,1994,371600
Fiji,1995,406500
Fiji,1996,418100
Fiji,1997,418100
Fiji,1998,406500
Fiji,1999,441300
Fiji,2000,583900
Fiji,2001,608300
Fiji,2002,489200
Fiji,2003,585000
Fiji,2004,810100
Fiji,2005,685100
Fiji,2006,762300
Fiji,2007,693000
Fiji,2008,513200
Fiji,2009,439400
Fiji,2010,667400
Fiji,2011,478300
Fiji,2012,468900
Fiji,2013,504300
Fiji,2014,568700
Fiji,2015,602700
Fiji,2016,576900
Fiji,2017,635100
Fiji,2018,661200
Fiji,2019,669600
Finland,1980,15710000
Finland,1981,13990000
Finland,1982,12830000
Finland,1983,12080000
Finland,1984,12440000
Finland,1985,11920000
Finland,1986,12950000
Finland,1987,13430000
Finland,1988,13380000
Finland,1989,13220000
Finland,1990,13260000
Finland,1991,13260000
Finland,1992,13230000
Finland,1993,12420000
Finland,1994,12950000
Finland,1995,11970000
Finland,1996,11990000
Finland,1997,12000000
Finland,1998,12430000
Finland,1999,12430000
Finland,2000,12350000
Finland,2001,12430000
Finland,2002,12800000
Finland,2003,13070000
Finland,2004,12860000
Finland,2005,12820000
Finland,2006,12970000
Finland,2007,13250000
Finland,2008,12690000
Finland,2009,11910000
Finland,2010,12430000
Finland,2011,12100000
Finland,2012,11620000
Finland,2013,12230000
Finland,2014,12000000
Finland,2015,12010000
Finland,2016,12200000
Finland,2017,12130000
Finland,2018,12300000
Finland,2019,12040000
Finland,2020,10880000
Former Serbia and Montenegro,1992,3278000
Former Serbia and Montenegro,1993,1934000
Former Serbia and Montenegro,1994,1883000
Former Serbia and Montenegro,1995,1569000
Former Serbia and Montenegro,1996,2859000
Former Serbia and Montenegro,1997,3915000
Former Serbia and Montenegro,1998,3684000
Former Serbia and Montenegro,1999,3343000
Former Serbia and Montenegro,2000,3628000
Former Serbia and Montenegro,2001,4758000
Former Serbia and Montenegro,2002,4867000
Former Serbia and Montenegro,2003,4917000
Former Serbia and Montenegro,2004,4941000
Former Serbia and Montenegro,2005,4999000
Former U.S.S.R.,1980,522300000
Former U.S.S.R.,1981,518900000
Former U.S.S.R.,1982,527000000
Former U.S.S.R.,1983,519700000
Former U.S.S.R.,1984,517400000
Former U.S.S.R.,1985,519700000
Former U.S.S.R.,1986,521200000
Former U.S.S.R.,1987,522300000
Former U.S.S.R.,1988,516300000
Former U.S.S.R.,1989,507500000
Former U.S.S.R.,1990,487400000
Former U.S.S.R.,1991,484900000
Former Yugoslavia,1980,17480000
Former Yugoslavia,1981,16550000
Former Yugoslavia,1982,16610000
Former Yugoslavia,1983,15500000
Former Yugoslavia,1984,18870000
Former Yugoslavia,1985,19220000
Former Yugoslavia,1986,17710000
Former Yugoslavia,1987,18260000
Former Yugoslavia,1988,18400000
Former Yugoslavia,1989,18020000
Former Yugoslavia,1990,18380000
Former Yugoslavia,1991,14600000
France,1973,151000000
France,1974,142100000
France,1975,130800000
France,1976,140500000
France,1977,133200000
France,1978,139800000
France,1979,143000000
France,1980,131000000
France,1981,117500000
France,1982,109200000
France,1983,106600000
France,1984,102800000
France,1985,101800000
France,1986,102400000
France,1987,103700000
France,1988,104600000
France,1989,107100000
France,1990,106000000
France,1991,112800000
France,1992,112300000
France,1993,109100000
France,1994,108400000
France,1995,111200000
France,1996,112800000
France,1997,113900000
France,1998,116400000
France,1999,116000000
France,2000,115300000
France,2001,117600000
France,2002,115600000
France,2003,116200000
France,2004,116600000
France,2005,115500000
France,2006,115600000
France,2007,114600000
France,2008,112300000
France,2009,108000000
France,2010,105500000
France,2011,106000000
France,2012,104000000
France,2013,102500000
France,2014,101400000
France,2015,101500000
France,2016,99270000
France,2017,100900000
France,2018,97900000
France,2019,98050000
France,2020,82520000
French Guiana,1980,145200
French Guiana,1981,127800
French Guiana,1982,156800
French Guiana,1983,162600
French Guiana,1984,127800
French Guiana,1985,127800
French Guiana,1986,149700
French Guiana,1987,167500
French Guiana,1988,191400
French Guiana,1989,221000
French Guiana,1990,264000
French Guiana,1991,289200
French Guiana,1992,236600
French Guiana,1993,311500
French Guiana,1994,311500
French Guiana,1995,363700
French Guiana,1996,357900
French Guiana,1997,363700
French Guiana,1998,363700
French Guiana,1999,363700
French Guiana,2000,214900
French Guiana,2001,240000
French Guiana,2002,209500
French Guiana,2003,261600
French Guiana,2004,256200
French Guiana,2005,250300
French Guiana,2006,220900
French Guiana,2007,248700
French Guiana,2008,250000
French Guiana,2009,318600
French Guiana,2010,287600
French Guiana,2011,316800
French Guiana,2012,257900
French Guiana,2013,281900
French Guiana,2014,299500
French Guiana,2015,299900
French Guiana,2016,330300
French Guiana,2017,326200
French Guiana,2018,326200
French Guiana,2019,326200
French Polynesia,1980,87100
French Polynesia,1981,133600
French Polynesia,1982,174200
French Polynesia,1983,232300
French Polynesia,1984,348400
French Polynesia,1985,302000
French Polynesia,1986,384500
French Polynesia,1987,384500
French Polynesia,1988,378400
French Polynesia,1989,381500
French Polynesia,1990,360800
French Polynesia,1991,360800
French Polynesia,1992,339300
French Polynesia,1993,339300
French Polynesia,1994,268400
French Polynesia,1995,280000
French Polynesia,1996,274200
French Polynesia,1997,280000
French Polynesia,1998,280000
French Polynesia,1999,280000
French Polynesia,2000,304700
French Polynesia,2001,340100
French Polynesia,2002,354500
French Polynesia,2003,380000
French Polynesia,2004,370700
French Polynesia,2005,388200
French Polynesia,2006,377000
French Polynesia,2007,398100
French Polynesia,2008,407100
French Polynesia,2009,406000
French Polynesia,2010,406200
French Polynesia,2011,390600
French Polynesia,2012,379300
French Polynesia,2013,385000
French Polynesia,2014,376500
French Polynesia,2015,394000
French Polynesia,2016,387400
French Polynesia,2017,377300
French Polynesia,2018,388700
French Polynesia,2019,388700
Gabon,1980,638800
Gabon,1981,696800
Gabon,1982,638800
Gabon,1983,813000
Gabon,1984,696800
Gabon,1985,638800
Gabon,1986,574900
Gabon,1987,603900
Gabon,1988,679400
Gabon,1989,905900
Gabon,1990,888500
Gabon,1991,905900
Gabon,1992,934900
Gabon,1993,876900
Gabon,1994,888500
Gabon,1995,813000
Gabon,1996,871000
Gabon,1997,929100
Gabon,1998,894300
Gabon,1999,1063000
Gabon,2000,763200
Gabon,2001,829600
Gabon,2002,809900
Gabon,2003,784200
Gabon,2004,797300
Gabon,2005,901000
Gabon,2006,902800
Gabon,2007,957100
Gabon,2008,955400
Gabon,2009,934000
Gabon,2010,1165000
Gabon,2011,1228000
Gabon,2012,1276000
Gabon,2013,1339000
Gabon,2014,1338000
Gabon,2015,1281000
Gabon,2016,1258000
Gabon,2017,1258000
Gabon,2018,1023000
Gabon,2019,834500
Gambia,1980,63880
Gambia,1981,63880
Gambia,1982,63880
Gambia,1983,63880
Gambia,1984,69680
Gambia,1985,69680
Gambia,1986,62990
Gambia,1987,76550
Gambia,1988,76550
Gambia,1989,76550
Gambia,1990,76900
Gambia,1991,76550
Gambia,1992,76550
Gambia,1993,82360
Gambia,1994,95030
Gambia,1995,88160
Gambia,1996,88160
Gambia,1997,88160
Gambia,1998,93970
Gambia,1999,93970
Gambia,2000,122000
Gambia,2001,132800
Gambia,2002,133400
Gambia,2003,133400
Gambia,2004,139800
Gambia,2005,141300
Gambia,2006,152800
Gambia,2007,161100
Gambia,2008,166700
Gambia,2009,181600
Gambia,2010,186500
Gambia,2011,196400
Gambia,2012,190300
Gambia,2013,190700
Gambia,2014,209700
Gambia,2015,214600
Gambia,2016,216300
Gambia,2017,220000
Gambia,2018,221400
Gambia,2019,225900
Georgia,1992,1568000
Georgia,1993,908200
Georgia,1994,434400
Georgia,1995,466900
Georgia,1996,842000
Georgia,1997,900100
Georgia,1998,917500
Georgia,1999,1504000
Georgia,2000,923100
Georgia,2001,749100
Georgia,2002,737400
Georgia,2003,740400
Georgia,2004,752900
Georgia,2005,972600
Georgia,2006,961900
Georgia,2007,1225000
Georgia,2008,1094000
Georgia,2009,1155000
Georgia,2010,1226000
Georgia,2011,1277000
Georgia,2012,1273000
Georgia,2013,1303000
Georgia,2014,1370000
Georgia,2015,1569000
Georgia,2016,1918000
Georgia,2017,1726000
Georgia,2018,1713000
Georgia,2019,1879000
Germany,1991,164300000
Germany,1992,165000000
Germany,1993,168900000
Germany,1994,167400000
Germany,1995,167000000
Germany,1996,169700000
Germany,1997,169400000
Germany,1998,169700000
Germany,1999,164700000
Germany,2000,160700000
Germany,2001,163000000
Germany,2002,157400000
Germany,2003,155600000
Germany,2004,153800000
Germany,2005,152400000
Germany,2006,153100000
Germany,2007,139800000
Germany,2008,147100000
Germany,2009,141400000
Germany,2010,143300000
Germany,2011,138900000
Germany,2012,138700000
Germany,2013,141400000
Germany,2014,137900000
Germany,2015,137500000
Germany,2016,138400000
Germany,2017,142300000
Germany,2018,135100000
Germany,2019,136300000
Germany,2020,124800000
Ghana,1980,929100
Ghana,1981,813000
Ghana,1982,929100
Ghana,1983,813000
Ghana,1984,929100
Ghana,1985,813000
Ghana,1986,917500
Ghana,1987,1057000
Ghana,1988,1237000
Ghana,1989,1376000
Ghana,1990,1161000
Ghana,1991,1167000
Ghana,1992,1301000
Ghana,1993,1359000
Ghana,1994,1498000
Ghana,1995,1545000
Ghana,1996,1574000
Ghana,1997,1504000
Ghana,1998,1550000
Ghana,1999,1806000
Ghana,2000,2121000
Ghana,2001,2135000
Ghana,2002,2248000
Ghana,2003,2273000
Ghana,2004,2523000
Ghana,2005,2542000
Ghana,2006,2487000
Ghana,2007,2766000
Ghana,2008,2817000
Ghana,2009,3379000
Ghana,2010,3424000
Ghana,2011,3880000
Ghana,2012,4426000
Ghana,2013,4491000
Ghana,2014,4503000
Ghana,2015,5462000
Ghana,2016,5800000
Ghana,2017,5300000
Ghana,2018,5970000
Ghana,2019,5693000
Ghana,2020,5991000
Gibraltar,1980,191600
Gibraltar,1981,214900
Gibraltar,1982,191600
Gibraltar,1983,151000
Gibraltar,1984,139400
Gibraltar,1985,319400
Gibraltar,1986,474200
Gibraltar,1987,487800
Gibraltar,1988,638800
Gibraltar,1989,545900
Gibraltar,1990,569100
Gibraltar,1991,580700
Gibraltar,1992,1033000
Gibraltar,1993,1091000
Gibraltar,1994,1097000
Gibraltar,1995,1097000
Gibraltar,1996,1097000
Gibraltar,1997,1097000
Gibraltar,1998,1266000
Gibraltar,1999,1103000
Gibraltar,2000,3060000
Gibraltar,2001,3374000
Gibraltar,2002,3725000
Gibraltar,2003,4280000
Gibraltar,2004,4076000
Gibraltar,2005,4574000
Gibraltar,2006,4469000
Gibraltar,2007,4831000
Gibraltar,2008,4686000
Gibraltar,2009,4976000
Gibraltar,2010,4811000
Gibraltar,2011,4788000
Gibraltar,2012,4817000
Gibraltar,2013,4451000
Gibraltar,2014,4210000
Gibraltar,2015,4337000
Gibraltar,2016,4402000
Gibraltar,2017,4861000
Gibraltar,2018,4750000
Gibraltar,2019,4858000
Greece,1980,15240000
Greece,1981,14750000
Greece,1982,13880000
Greece,1983,13410000
Greece,1984,13500000
Greece,1985,14030000
Greece,1986,14310000
Greece,1987,15480000
Greece,1988,16230000
Greece,1989,17330000
Greece,1990,18240000
Greece,1991,18370000
Greece,1992,18760000
Greece,1993,19320000
Greece,1994,19770000
Greece,1995,20620000
Greece,1996,21360000
Greece,1997,21740000
Greece,1998,22750000
Greece,1999,22300000
Greece,2000,23210000
Greece,2001,23580000
Greece,2002,23740000
Greece,2003,24910000
Greece,2004,24390000
Greece,2005,24570000
Greece,2006,25800000
Greece,2007,26130000
Greece,2008,24920000
Greece,2009,23440000
Greece,2010,21480000
Greece,2011,20380000
Greece,2012,17770000
Greece,2013,16410000
Greece,2014,16450000
Greece,2015,17160000
Greece,2016,17200000
Greece,2017,17630000
Greece,2018,17340000
Greece,2019,17980000
Greece,2020,14520000
Greenland,1980,214900
Greenland,1981,203200
Greenland,1982,197400
Greenland,1983,139400
Greenland,1984,220700
Greenland,1985,197400
Greenland,1986,131200
Greenland,1987,90590
Greenland,1988,211300
Greenland,1989,186900
Greenland,1990,212700
Greenland,1991,210200
Greenland,1992,186900
Greenland,1993,191600
Greenland,1994,192700
Greenland,1995,192700
Greenland,1996,204400
Greenland,1997,210200
Greenland,1998,210200
Greenland,1999,210200
Greenland,2000,229600
Greenland,2001,214800
Greenland,2002,200600
Greenland,2003,225500
Greenland,2004,212300
Greenland,2005,264300
Greenland,2006,240400
Greenland,2007,278200
Greenland,2008,239700
Greenland,2009,253700
Greenland,2010,331000
Greenland,2011,315300
Greenland,2012,247300
Greenland,2013,241400
Greenland,2014,214900
Greenland,2015,230700
Greenland,2016,232300
Greenland,2017,235200
Greenland,2018,235400
Greenland,2019,233200
Grenada,1980,17420
Grenada,1981,23230
Grenada,1982,23230
Grenada,1983,23230
Grenada,1984,23230
Grenada,1985,23230
Grenada,1986,26930
Grenada,1987,33530
Grenada,1988,34570
Grenada,1989,34580
Grenada,1990,51830
Grenada,1991,51830
Grenada,1992,53210
Grenada,1993,61540
Grenada,1994,70610
Grenada,1995,64510
Grenada,1996,69450
Grenada,1997,92410
Grenada,1998,78680
Grenada,1999,78680
Grenada,2000,86490
Grenada,2001,90190
Grenada,2002,92760
Grenada,2003,98130
Grenada,2004,95030
Grenada,2005,100200
Grenada,2006,103700
Grenada,2007,110100
Grenada,2008,114000
Grenada,2009,111500
Grenada,2010,115200
Grenada,2011,116800
Grenada,2012,116100
Grenada,2013,131000
Grenada,2014,111400
Grenada,2015,116200
Grenada,2016,118800
Grenada,2017,128700
Grenada,2018,126900
Grenada,2019,126900
Guadeloupe,1980,203200
Guadeloupe,1981,284500
Guadeloupe,1982,360000
Guadeloupe,1983,377500
Guadeloupe,1984,412300
Guadeloupe,1985,377500
Guadeloupe,1986,383800
Guadeloupe,1987,436200
Guadeloupe,1988,477100
Guadeloupe,1989,528400
Guadeloupe,1990,569100
Guadeloupe,1991,592300
Guadeloupe,1992,563300
Guadeloupe,1993,638800
Guadeloupe,1994,662000
Guadeloupe,1995,679400
Guadeloupe,1996,673600
Guadeloupe,1997,691000
Guadeloupe,1998,691000
Guadeloupe,1999,691000
Guadeloupe,2000,792300
Guadeloupe,2001,833500
Guadeloupe,2002,853200
Guadeloupe,2003,855500
Guadeloupe,2004,831900
Guadeloupe,2005,829100
Guadeloupe,2006,855300
Guadeloupe,2007,889700
Guadeloupe,2008,828300
Guadeloupe,2009,818600
Guadeloupe,2010,873800
Guadeloupe,2011,964800
Guadeloupe,2012,713800
Guadeloupe,2013,712900
Guadeloupe,2014,694400
Guadeloupe,2015,792100
Guadeloupe,2016,743000
Guadeloupe,2017,745000
Guadeloupe,2018,749500
Guadeloupe,2019,756700
Guam,1980,1452000
Guam,1981,2032000
Guam,1982,1568000
Guam,1983,1510000
Guam,1984,522600
Guam,1985,267100
Guam,1986,447600
Guam,1987,308400
Guam,1988,319800
Guam,1989,307800
Guam,1990,736000
Guam,1991,824600
Guam,1992,992900
Guam,1993,1316000
Guam,1994,1908000
Guam,1995,1417000
Guam,1996,1254000
Guam,1997,1433000
Guam,1998,1173000
Guam,1999,1295000
Guam,2000,1292000
Guam,2001,1807000
Guam,2002,1258000
Guam,2003,1054000
Guam,2004,1210000
Guam,2005,1462000
Guam,2006,1517000
Guam,2007,1088000
Guam,2008,677500
Guam,2009,1087000
Guam,2010,976600
Guam,2011,846500
Guam,2012,907000
Guam,2013,769200
Guam,2014,743300
Guam,2015,783900
Guam,2016,729900
Guam,2017,667400
Guam,2018,667400
Guam,2019,667400
Guatemala,1980,1684000
Guatemala,1981,1452000
Guatemala,1982,1452000
Guatemala,1983,1510000
Guatemala,1984,1336000
Guatemala,1985,1510000
Guatemala,1986,1341000
Guatemala,1987,1359000
Guatemala,1988,1492000
Guatemala,1989,1510000
Guatemala,1990,1580000
Guatemala,1991,1498000
Guatemala,1992,1812000
Guatemala,1993,1945000
Guatemala,1994,2212000
Guatemala,1995,2398000
Guatemala,1996,2549000
Guatemala,1997,2799000
Guatemala,1998,3368000
Guatemala,1999,3409000
Guatemala,2000,3578000
Guatemala,2001,3782000
Guatemala,2002,3831000
Guatemala,2003,3894000
Guatemala,2004,3624000
Guatemala,2005,3756000
Guatemala,2006,3950000
Guatemala,2007,4288000
Guatemala,2008,3861000
Guatemala,2009,4369000
Guatemala,2010,3956000
Guatemala,2011,3995000
Guatemala,2012,4064000
Guatemala,2013,4154000
Guatemala,2014,4381000
Guatemala,2015,5168000
Guatemala,2016,5401000
Guatemala,2017,5459000
Guatemala,2018,5891000
Guatemala,2019,6540000
Guinea,1980,325200
Guinea,1981,319400
Guinea,1982,325200
Guinea,1983,331000
Guinea,1984,331000
Guinea,1985,307800
Guinea,1986,381200
Guinea,1987,407800
Guinea,1988,412300
Guinea,1989,397100
Guinea,1990,540100
Guinea,1991,414800
Guinea,1992,429700
Guinea,1993,452900
Guinea,1994,458800
Guinea,1995,452900
Guinea,1996,452900
Guinea,1997,458800
Guinea,1998,464600
Guinea,1999,464600
Guinea,2000,609400
Guinea,2001,640200
Guinea,2002,664100
Guinea,2003,694700
Guinea,2004,717500
Guinea,2005,745300
Guinea,2006,770200
Guinea,2007,804900
Guinea,2008,815600
Guinea,2009,868200
Guinea,2010,1024000
Guinea,2011,1067000
Guinea,2012,1025000
Guinea,2013,912200
Guinea,2014,962700
Guinea,2015,1072000
Guinea,2016,1162000
Guinea,2017,1157000
Guinea,2018,1152000
Guinea,2019,1152000
Guinea-Bissau,1980,34840
Guinea-Bissau,1981,34840
Guinea-Bissau,1982,34840
Guinea-Bissau,1983,34840
Guinea-Bissau,1984,46460
Guinea-Bissau,1985,52260
Guinea-Bissau,1986,44950
Guinea-Bissau,1987,75220
Guinea-Bissau,1988,86820
Guinea-Bissau,1989,88060
Guinea-Bissau,1990,106400
Guinea-Bissau,1991,106400
Guinea-Bissau,1992,112200
Guinea-Bissau,1993,123800
Guinea-Bissau,1994,123800
Guinea-Bissau,1995,123800
Guinea-Bissau,1996,118000
Guinea-Bissau,1997,123800
Guinea-Bissau,1998,123800
Guinea-Bissau,1999,123800
Guinea-Bissau,2000,91840
Guinea-Bissau,2001,93770
Guinea-Bissau,2002,95780
Guinea-Bissau,2003,111600
Guinea-Bissau,2004,115300
Guinea-Bissau,2005,117200
Guinea-Bissau,2006,120000
Guinea-Bissau,2007,127600
Guinea-Bissau,2008,124000
Guinea-Bissau,2009,128900
Guinea-Bissau,2010,132300
Guinea-Bissau,2011,134400
Guinea-Bissau,2012,136800
Guinea-Bissau,2013,140400
Guinea-Bissau,2014,147500
Guinea-Bissau,2015,152400
Guinea-Bissau,2016,159100
Guinea-Bissau,2017,128100
Guinea-Bissau,2018,128500
Guinea-Bissau,2019,128500
Guyana,1980,569100
Guyana,1981,696800
Guyana,1982,540100
Guyana,1983,482000
Guyana,1984,540100
Guyana,1985,551700
Guyana,1986,524000
Guyana,1987,393800
Guyana,1988,388000
Guyana,1989,264700
Guyana,1990,253000
Guyana,1991,294100
Guyana,1992,335700
Guyana,1993,415400
Guyana,1994,415400
Guyana,1995,360000
Guyana,1996,394900
Guyana,1997,421400
Guyana,1998,543400
Guyana,1999,647900
Guyana,2000,636300
Guyana,2001,623500
Guyana,2002,628300
Guyana,2003,646200
Guyana,2004,632500
Guyana,2005,576800
Guyana,2006,517300
Guyana,2007,635400
Guyana,2008,603200
Guyana,2009,627900
Guyana,2010,672600
Guyana,2011,702200
Guyana,2012,790000
Guyana,2013,769700
Guyana,2014,769600
Guyana,2015,788500
Guyana,2016,887600
Guyana,2017,876600
Guyana,2018,890500
Guyana,2019,1051000
Haiti,1980,348400
Haiti,1981,232300
Haiti,1982,290300
Haiti,1983,232300
Haiti,1984,232300
Haiti,1985,278700
Haiti,1986,284500
Haiti,1987,485500
Haiti,1988,528400
Haiti,1989,499400
Haiti,1990,272900
Haiti,1991,267100
Haiti,1992,313600
Haiti,1993,249700
Haiti,1994,214900
Haiti,1995,365800
Haiti,1996,429700
Haiti,1997,550100
Haiti,1998,516800
Haiti,1999,580700
Haiti,2000,593000
Haiti,2001,651900
Haiti,2002,738200
Haiti,2003,670500
Haiti,2004,787000
Haiti,2005,828800
Haiti,2006,848900
Haiti,2007,947000
Haiti,2008,944500
Haiti,2009,895800
Haiti,2010,819400
Haiti,2011,895800
Haiti,2012,943200
Haiti,2013,1021000
Haiti,2014,1105000
Haiti,2015,1283000
Haiti,2016,1341000
Haiti,2017,1301000
Haiti,2018,1357000
Haiti,2019,1223000
Hawaiian Trade Zone,1980,2613000
Hawaiian Trade Zone,1981,3020000
Hawaiian Trade Zone,1982,2787000
Hawaiian Trade Zone,1983,2613000
Hawaiian Trade Zone,1984,3136000
Hawaiian Trade Zone,1985,3025000
Hawaiian Trade Zone,1986,1771000
Honduras,1980,696800
Honduras,1981,638800
Honduras,1982,638800
Honduras,1983,696800
Honduras,1984,696800
Honduras,1985,638800
Honduras,1986,679400
Honduras,1987,685200
Honduras,1988,766500
Honduras,1989,934900
Honduras,1990,1028000
Honduras,1991,1016000
Honduras,1992,1063000
Honduras,1993,1051000
Honduras,1994,1179000
Honduras,1995,1353000
Honduras,1996,1475000
Honduras,1997,1492000
Honduras,1998,1701000
Honduras,1999,1794000
Honduras,2000,1654000
Honduras,2001,1946000
Honduras,2002,2048000
Honduras,2003,2252000
Honduras,2004,2488000
Honduras,2005,2489000
Honduras,2006,2302000
Honduras,2007,2944000
Honduras,2008,2871000
Honduras,2009,2578000
Honduras,2010,2672000
Honduras,2011,2733000
Honduras,2012,2963000
Honduras,2013,3000000
Honduras,2014,3245000
Honduras,2015,3605000
Honduras,2016,3339000
Honduras,2017,3389000
Honduras,2018,3751000
Honduras,2019,3879000
Hong Kong,1980,7201000
Hong Kong,1981,7433000
Hong Kong,1982,7259000
Hong Kong,1983,6910000
Hong Kong,1984,6678000
Hong Kong,1985,6388000
Hong Kong,1986,6568000
Hong Kong,1987,6719000
Hong Kong,1988,7038000
Hong Kong,1989,7148000
Hong Kong,1990,7410000
Hong Kong,1991,7712000
Hong Kong,1992,8803000
Hong Kong,1993,9169000
Hong Kong,1994,10460000
Hong Kong,1995,10800000
Hong Kong,1996,10630000
Hong Kong,1997,10730000
Hong Kong,1998,11150000
Hong Kong,1999,16780000
Hong Kong,2000,15110000
Hong Kong,2001,14640000
Hong Kong,2002,15280000
Hong Kong,2003,15520000
Hong Kong,2004,17750000
Hong Kong,2005,16660000
Hong Kong,2006,17910000
Hong Kong,2007,19450000
Hong Kong,2008,17470000
Hong Kong,2009,21540000
Hong Kong,2010,24190000
Hong Kong,2011,21460000
Hong Kong,2012,19770000
Hong Kong,2013,20190000
Hong Kong,2014,18710000
Hong Kong,2015,22920000
Hong Kong,2016,23660000
Hong Kong,2017,24480000
Hong Kong,2018,24940000
Hong Kong,2019,23500000
Hong Kong,2020,16340000
Hungary,1980,14160000
Hungary,1981,13700000
Hungary,1982,12950000
Hungary,1983,12950000
Hungary,1984,11620000
Hungary,1985,11970000
Hungary,1986,11300000
Hungary,1987,11570000
Hungary,1988,10570000
Hungary,1989,10630000
Hungary,1990,10310000
Hungary,1991,9491000
Hungary,1992,9498000
Hungary,1993,9334000
Hungary,1994,9406000
Hungary,1995,8961000
Hungary,1996,8428000
Hungary,1997,8643000
Hungary,1998,9030000
Hungary,1999,8651000
Hungary,2000,8319000
Hungary,2001,8006000
Hungary,2002,8153000
Hungary,2003,7852000
Hungary,2004,7908000
Hungary,2005,8987000
Hungary,2006,9474000
Hungary,2007,9345000
Hungary,2008,9204000
Hungary,2009,9096000
Hungary,2010,8670000
Hungary,2011,8260000
Hungary,2012,7670000
Hungary,2013,7577000
Hungary,2014,8462000
Hungary,2015,9029000
Hungary,2016,8944000
Hungary,2017,9690000
Hungary,2018,10380000
Hungary,2019,10490000
Hungary,2020,9651000
Iceland,1980,638800
Iceland,1981,580700
Iceland,1982,522600
Iceland,1983,580700
Iceland,1984,617400
Iceland,1985,624300
Iceland,1986,630700
Iceland,1987,685100
Iceland,1988,730500
Iceland,1989,768300
Iceland,1990,781600
Iceland,1991,735700
Iceland,1992,784400
Iceland,1993,813800
Iceland,1994,919800
Iceland,1995,840100
Iceland,1996,929000
Iceland,1997,914800
Iceland,1998,936900
Iceland,1999,941500
Iceland,2000,957800
Iceland,2001,919400
Iceland,2002,934500
Iceland,2003,936900
Iceland,2004,979700
Iceland,2005,994500
Iceland,2006,1046000
Iceland,2007,1045000
Iceland,2008,953900
Iceland,2009,885100
Iceland,2010,850700
Iceland,2011,836400
Iceland,2012,827400
Iceland,2013,866600
Iceland,2014,907300
Iceland,2015,1005000
Iceland,2016,1110000
Iceland,2017,1229000
Iceland,2018,1344000
Iceland,2019,1143000
Iceland,2020,813500
India,1980,37340000
India,1981,42330000
India,1982,42800000
India,1983,44890000
India,1984,47850000
India,1985,51970000
India,1986,54990000
India,1987,57430000
India,1988,62950000
India,1989,66780000
India,1990,67880000
India,1991,69220000
India,1992,73980000
India,1993,76190000
India,1994,82110000
India,1995,91400000
India,1996,97620000
India,1997,102600000
India,1998,102100000
India,1999,113800000
India,2000,126500000
India,2001,126100000
India,2002,131000000
India,2003,136800000
India,2004,143800000
India,2005,143200000
India,2006,154100000
India,2007,165700000
India,2008,171300000
India,2009,175300000
India,2010,182500000
India,2011,187000000
India,2012,197300000
India,2013,198800000
India,2014,206100000
India,2015,223500000
India,2016,245800000
India,2017,263100000
India,2018,276700000
India,2019,285700000
Indonesia,1980,23690000
Indonesia,1981,26420000
Indonesia,1982,27820000
Indonesia,1983,27290000
Indonesia,1984,27290000
Indonesia,1985,27000000
Indonesia,1986,27330000
Indonesia,1987,28700000
Indonesia,1988,30480000
Indonesia,1989,33900000
Indonesia,1990,37800000
Indonesia,1991,40420000
Indonesia,1992,41000000
Indonesia,1993,44480000
Indonesia,1994,45180000
Indonesia,1995,45530000
Indonesia,1996,49770000
Indonesia,1997,54700000
Indonesia,1998,52500000
Indonesia,1999,56040000
Indonesia,2000,68750000
Indonesia,2001,69060000
Indonesia,2002,69860000
Indonesia,2003,71500000
Indonesia,2004,78480000
Indonesia,2005,79650000
Indonesia,2006,75090000
Indonesia,2007,78460000
Indonesia,2008,81170000
Indonesia,2009,83020000
Indonesia,2010,87470000
Indonesia,2011,90210000
Indonesia,2012,94230000
Indonesia,2013,92170000
Indonesia,2014,94420000
Indonesia,2015,88980000
Indonesia,2016,88690000
Indonesia,2017,91300000
Indonesia,2018,96980000
Indonesia,2019,95760000
Iran,1980,34260000
Iran,1981,33680000
Iran,1982,38330000
Iran,1983,45580000
Iran,1984,44420000
Iran,1985,45880000
Iran,1986,48200000
Iran,1987,50170000
Iran,1988,50530000
Iran,1989,56040000
Iran,1990,58190000
Iran,1991,62430000
Iran,1992,62950000
Iran,1993,64340000
Iran,1994,65560000
Iran,1995,66200000
Iran,1996,64980000
Iran,1997,70900000
Iran,1998,70730000
Iran,1999,63510000
Iran,2000,75540000
Iran,2001,79430000
Iran,2002,79510000
Iran,2003,82100000
Iran,2004,86520000
Iran,2005,90500000
Iran,2006,97470000
Iran,2007,100000000
Iran,2008,100400000
Iran,2009,104200000
Iran,2010,97920000
Iran,2011,96290000
Iran,2012,105400000
Iran,2013,108800000
Iran,2014,111100000
Iran,2015,110000000
Iran,2016,103300000
Iran,2017,110700000
Iran,2018,115100000
Iran,2019,112300000
Iraq,1980,12600000
Iraq,1981,12430000
Iraq,1982,11900000
Iraq,1983,14520000
Iraq,1984,13940000
Iraq,1985,14980000
Iraq,1986,16200000
Iraq,1987,16570000
Iraq,1988,18580000
Iraq,1989,20380000
Iraq,1990,23230000
Iraq,1991,15290000
Iraq,1992,19790000
Iraq,1993,23690000
Iraq,1994,26540000
Iraq,1995,27530000
Iraq,1996,27230000
Iraq,1997,25740000
Iraq,1998,25960000
Iraq,1999,26190000
Iraq,2000,25140000
Iraq,2001,26070000
Iraq,2002,26920000
Iraq,2003,22160000
Iraq,2004,26780000
Iraq,2005,28400000
Iraq,2006,27000000
Iraq,2007,24920000
Iraq,2008,28010000
Iraq,2009,34020000
Iraq,2010,35030000
Iraq,2011,36920000
Iraq,2012,45580000
Iraq,2013,50000000
Iraq,2014,51040000
Iraq,2015,46630000
Iraq,2016,49940000
Iraq,2017,52880000
Iraq,2018,55800000
Iraq,2019,50130000
Ireland,1980,6912000
Ireland,1981,6039000
Ireland,1982,5342000
Ireland,1983,4820000
Ireland,1984,4907000
Ireland,1985,4871000
Ireland,1986,5747000
Ireland,1987,5186000
Ireland,1988,4648000
Ireland,1989,4815000
Ireland,1990,5339000
Ireland,1991,5708000
Ireland,1992,5826000
Ireland,1993,6018000
Ireland,1994,6575000
Ireland,1995,6779000
Ireland,1996,7003000
Ireland,1997,7742000
Ireland,1998,8592000
Ireland,1999,9694000
Ireland,2000,9997000
Ireland,2001,10500000
Ireland,2002,10270000
Ireland,2003,10180000
Ireland,2004,10600000
Ireland,2005,11430000
Ireland,2006,11680000
Ireland,2007,11070000
Ireland,2008,10950000
Ireland,2009,9479000
Ireland,2010,9491000
Ireland,2011,8561000
Ireland,2012,8046000
Ireland,2013,8144000
Ireland,2014,8094000
Ireland,2015,8440000
Ireland,2016,8838000
Ireland,2017,8915000
Ireland,2018,9253000
Ireland,2019,9237000
Ireland,2020,7817000
Israel,1980,9314000
Israel,1981,9465000
Israel,1982,9407000
Israel,1983,8769000
Israel,1984,7288000
Israel,1985,7640000
Israel,1986,8292000
Israel,1987,9173000
Israel,1988,9771000
Israel,1989,10030000
Israel,1990,10390000
Israel,1991,10450000
Israel,1992,10490000
Israel,1993,11550000
Israel,1994,12300000
Israel,1995,13230000
Israel,1996,12840000
Israel,1997,13360000
Israel,1998,13220000
Israel,1999,13640000
Israel,2000,14660000
Israel,2001,13570000
Israel,2002,14340000
Israel,2003,14780000
Israel,2004,14420000
Israel,2005,13560000
Israel,2006,14060000
Israel,2007,14560000
Israel,2008,14290000
Israel,2009,13520000
Israel,2010,14590000
Israel,2011,14490000
Israel,2012,17210000
Israel,2013,12960000
Israel,2014,11950000
Israel,2015,12630000
Israel,2016,12830000
Israel,2017,13800000
Israel,2018,13450000
Israel,2019,13500000
Israel,2020,11770000
Italy,1973,120100000
Italy,1974,116400000
Italy,1975,107700000
Italy,1976,114500000
Italy,1977,110200000
Italy,1978,113400000
Italy,1979,118400000
Italy,1980,112400000
Italy,1981,108800000
Italy,1982,103400000
Italy,1983,101600000
Italy,1984,99860000
Italy,1985,98980000
Italy,1986,100600000
Italy,1987,105400000
Italy,1988,106200000
Italy,1989,110200000
Italy,1990,108500000
Italy,1991,107800000
Italy,1992,110000000
Italy,1993,109800000
Italy,1994,108500000
Italy,1995,112800000
Italy,1996,111500000
Italy,1997,112300000
Italy,1998,112800000
Italy,1999,109800000
Italy,2000,107400000
Italy,2001,106500000
Italy,2002,108600000
Italy,2003,108000000
Italy,2004,106200000
Italy,2005,103400000
Italy,2006,103200000
Italy,2007,100400000
Italy,2008,96790000
Italy,2009,89670000
Italy,2010,89670000
Italy,2011,86750000
Italy,2012,79560000
Italy,2013,73170000
Italy,2014,73530000
Italy,2015,73970000
Italy,2016,71810000
Italy,2017,72250000
Italy,2018,73880000
Italy,2019,72880000
Italy,2020,60980000
Jamaica,1980,3078000
Jamaica,1981,2671000
Jamaica,1982,2265000
Jamaica,1983,2381000
Jamaica,1984,2032000
Jamaica,1985,1800000
Jamaica,1986,1777000
Jamaica,1987,1945000
Jamaica,1988,2183000
Jamaica,1989,2503000
Jamaica,1990,2625000
Jamaica,1991,2747000
Jamaica,1992,2950000
Jamaica,1993,3014000
Jamaica,1994,3142000
Jamaica,1995,3478000
Jamaica,1996,3641000
Jamaica,1997,3821000
Jamaica,1998,3867000
Jamaica,1999,3966000
Jamaica,2000,3831000
Jamaica,2001,3919000
Jamaica,2002,3898000
Jamaica,2003,4071000
Jamaica,2004,3971000
Jamaica,2005,4104000
Jamaica,2006,4710000
Jamaica,2007,4809000
Jamaica,2008,4062000
Jamaica,2009,3247000
Jamaica,2010,2972000
Jamaica,2011,3128000
Jamaica,2012,2899000
Jamaica,2013,3133000
Jamaica,2014,3077000
Jamaica,2015,3137000
Jamaica,2016,3389000
Jamaica,2017,2762000
Jamaica,2018,2943000
Jamaica,2019,3546000
Japan,1973,287400000
Japan,1974,282500000
Japan,1975,268300000
Japan,1976,280900000
Japan,1977,283400000
Japan,1978,287200000
Japan,1979,293300000
Japan,1980,288000000
Japan,1981,281500000
Japan,1982,266100000
Japan,1983,255200000
Japan,1984,271000000
Japan,1985,257600000
Japan,1986,261500000
Japan,1987,265200000
Japan,1988,281600000
Japan,1989,293700000
Japan,1990,307500000
Japan,1991,310900000
Japan,1992,315600000
Japan,1993,310500000
Japan,1994,325800000
Japan,1995,327700000
Japan,1996,330300000
Japan,1997,328100000
Japan,1998,317200000
Japan,1999,325000000
Japan,2000,317200000
Japan,2001,311700000
Japan,2002,306300000
Japan,2003,312600000
Japan,2004,306100000
Japan,2005,307300000
Japan,2006,299800000
Japan,2007,290000000
Japan,2008,275400000
Japan,2009,251200000
Japan,2010,255500000
Japan,2011,256400000
Japan,2012,271600000
Japan,2013,262600000
Japan,2014,248900000
Japan,2015,242000000
Japan,2016,234300000
Japan,2017,229100000
Japan,2018,223600000
Japan,2019,217100000
Japan,2020,193100000
Jordan,1980,2149000
Jordan,1981,2555000
Jordan,1982,2904000
Jordan,1983,3078000
Jordan,1984,3252000
Jordan,1985,3368000
Jordan,1986,3606000
Jordan,1987,3815000
Jordan,1988,3571000
Jordan,1989,3624000
Jordan,1990,3809000
Jordan,1991,3612000
Jordan,1992,4245000
Jordan,1993,4158000
Jordan,1994,4739000
Jordan,1995,4930000
Jordan,1996,5348000
Jordan,1997,5157000
Jordan,1998,5534000
Jordan,1999,5581000
Jordan,2000,5890000
Jordan,2001,5678000
Jordan,2002,5945000
Jordan,2003,6127000
Jordan,2004,5982000
Jordan,2005,6506000
Jordan,2006,6130000
Jordan,2007,6054000
Jordan,2008,5462000
Jordan,2009,5728000
Jordan,2010,6221000
Jordan,2011,7622000
Jordan,2012,8452000
Jordan,2013,8072000
Jordan,2014,8885000
Jordan,2015,7723000
Jordan,2016,6736000
Jordan,2017,6980000
Jordan,2018,6419000
Jordan,2019,6667000
Kazakhstan,1992,23400000
Kazakhstan,1993,19800000
Kazakhstan,1994,17310000
Kazakhstan,1995,15610000
Kazakhstan,1996,14270000
Kazakhstan,1997,12570000
Kazakhstan,1998,11420000
Kazakhstan,1999,8519000
Kazakhstan,2000,9623000
Kazakhstan,2001,9163000
Kazakhstan,2002,9910000
Kazakhstan,2003,10210000
Kazakhstan,2004,10800000
Kazakhstan,2005,11700000
Kazakhstan,2006,12210000
Kazakhstan,2007,13220000
Kazakhstan,2008,15150000
Kazakhstan,2009,11690000
Kazakhstan,2010,13610000
Kazakhstan,2011,15720000
Kazakhstan,2012,14270000
Kazakhstan,2013,14560000
Kazakhstan,2014,14450000
Kazakhstan,2015,17770000
Kazakhstan,2016,19400000
Kazakhstan,2017,19640000
Kazakhstan,2018,19160000
Kazakhstan,2019,18620000
Kenya,1980,2381000
Kenya,1981,2265000
Kenya,1982,2265000
Kenya,1983,2149000
Kenya,1984,2091000
Kenya,1985,2149000
Kenya,1986,2259000
Kenya,1987,1992000
Kenya,1988,2230000
Kenya,1989,2445000
Kenya,1990,2433000
Kenya,1991,2137000
Kenya,1992,2381000
Kenya,1993,2445000
Kenya,1994,2520000
Kenya,1995,2683000
Kenya,1996,2811000
Kenya,1997,2549000
Kenya,1998,2967000
Kenya,1999,2996000
Kenya,2000,3629000
Kenya,2001,3393000
Kenya,2002,3254000
Kenya,2003,2907000
Kenya,2004,3254000
Kenya,2005,3640000
Kenya,2006,4026000
Kenya,2007,4026000
Kenya,2008,4120000
Kenya,2009,4770000
Kenya,2010,4938000
Kenya,2011,5070000
Kenya,2012,4741000
Kenya,2013,5099000
Kenya,2014,5230000
Kenya,2015,6097000
Kenya,2016,6620000
Kenya,2017,6702000
Kenya,2018,6946000
Kenya,2019,6762000
Kiribati,1980,11610
Kiribati,1981,11610
Kiribati,1982,11610
Kiribati,1983,11610
Kiribati,1984,5807
Kiribati,1985,5807
Kiribati,1986,6009
Kiribati,1987,7068
Kiribati,1988,7065
Kiribati,1989,7068
Kiribati,1990,7068
Kiribati,1991,7143
Kiribati,1992,7065
Kiribati,1993,7068
Kiribati,1994,7068
Kiribati,1995,7068
Kiribati,1996,7065
Kiribati,1997,7068
Kiribati,1998,7068
Kiribati,1999,7069
Kiribati,2000,13900
Kiribati,2001,11900
Kiribati,2002,17400
Kiribati,2003,18170
Kiribati,2004,19460
Kiribati,2005,25400
Kiribati,2006,28170
Kiribati,2007,25850
Kiribati,2008,28800
Kiribati,2009,25210
Kiribati,2010,25040
Kiribati,2011,23230
Kiribati,2012,22880
Kiribati,2013,23260
Kiribati,2014,23200
Kiribati,2015,24380
Kiribati,2016,26050
Kiribati,2017,29590
Kiribati,2018,29820
Kiribati,2019,30020
Kosovo,2008,662900
Kosovo,2009,706400
Kosovo,2010,663900
Kosovo,2011,770800
Kosovo,2012,701500
Kosovo,2013,705200
Kosovo,2014,661300
Kosovo,2015,804300
Kosovo,2016,813000
Kosovo,2017,729400
Kosovo,2018,749600
Kosovo,2019,745500
Kuwait,1980,6155000
Kuwait,1981,6736000
Kuwait,1982,6852000
Kuwait,1983,7143000
Kuwait,1984,6968000
Kuwait,1985,7026000
Kuwait,1986,6875000
Kuwait,1987,6637000
Kuwait,1988,7015000
Kuwait,1989,7212000
Kuwait,1990,4948000
Kuwait,1991,5505000
Kuwait,1992,6997000
Kuwait,1993,7578000
Kuwait,1994,9634000
Kuwait,1995,10030000
Kuwait,1996,10960000
Kuwait,1997,12360000
Kuwait,1998,13840000
Kuwait,1999,16590000
Kuwait,2000,12660000
Kuwait,2001,14240000
Kuwait,2002,16040000
Kuwait,2003,16910000
Kuwait,2004,17290000
Kuwait,2005,19290000
Kuwait,2006,18880000
Kuwait,2007,21270000
Kuwait,2008,22980000
Kuwait,2009,30370000
Kuwait,2010,27640000
Kuwait,2011,26520000
Kuwait,2012,26920000
Kuwait,2013,27900000
Kuwait,2014,26190000
Kuwait,2015,26190000
Kuwait,2016,25380000
Kuwait,2017,24160000
Kuwait,2018,24620000
Kuwait,2019,19860000
Kyrgyzstan,1992,1864000
Kyrgyzstan,1993,1127000
Kyrgyzstan,1994,511000
Kyrgyzstan,1995,679400
Kyrgyzstan,1996,714300
Kyrgyzstan,1997,592500
Kyrgyzstan,1998,813200
Kyrgyzstan,1999,673900
Kyrgyzstan,2000,550300
Kyrgyzstan,2001,504700
Kyrgyzstan,2002,592100
Kyrgyzstan,2003,590400
Kyrgyzstan,2004,640400
Kyrgyzstan,2005,811900
Kyrgyzstan,2006,1011000
Kyrgyzstan,2007,1315000
Kyrgyzstan,2008,1453000
Kyrgyzstan,2009,1774000
Kyrgyzstan,2010,1549000
Kyrgyzstan,2011,1646000
Kyrgyzstan,2012,2108000
Kyrgyzstan,2013,2105000
Kyrgyzstan,2014,1868000
Kyrgyzstan,2015,1992000
Kyrgyzstan,2016,2323000
Kyrgyzstan,2017,2019000
Kyrgyzstan,2018,2304000
Kyrgyzstan,2019,1865000
Laos,1980,174200
Laos,1981,69680
Laos,1982,63880
Laos,1983,69680
Laos,1984,63880
Laos,1985,69680
Laos,1986,87100
Laos,1987,87100
Laos,1988,87100
Laos,1989,98720
Laos,1990,98720
Laos,1991,116100
Laos,1992,116100
Laos,1993,116100
Laos,1994,121900
Laos,1995,127800
Laos,1996,139400
Laos,1997,156800
Laos,1998,156800
Laos,1999,156800
Laos,2000,408000
Laos,2001,441300
Laos,2002,452300
Laos,2003,483100
Laos,2004,493400
Laos,2005,534600
Laos,2006,652400
Laos,2007,627800
Laos,2008,713400
Laos,2009,808800
Laos,2010,840300
Laos,2011,867400
Laos,2012,966900
Laos,2013,992500
Laos,2014,1030000
Laos,2015,1195000
Laos,2016,1201000
Laos,2017,1233000
Laos,2018,1371000
Laos,2019,1119000
Latvia,1992,3134000
Latvia,1993,3020000
Latvia,1994,2901000
Latvia,1995,2287000
Latvia,1996,2381000
Latvia,1997,2104000
Latvia,1998,2030000
Latvia,1999,1913000
Latvia,2000,1644000
Latvia,2001,1846000
Latvia,2002,1870000
Latvia,2003,1922000
Latvia,2004,1986000
Latvia,2005,2087000
Latvia,2006,2173000
Latvia,2007,2312000
Latvia,2008,2215000
Latvia,2009,2099000
Latvia,2010,2174000
Latvia,2011,1988000
Latvia,2012,1985000
Latvia,2013,2014000
Latvia,2014,2026000
Latvia,2015,2133000
Latvia,2016,2188000
Latvia,2017,2224000
Latvia,2018,2051000
Latvia,2019,2317000
Latvia,2020,2055000
Lebanon,1980,2613000
Lebanon,1981,2439000
Lebanon,1982,2381000
Lebanon,1983,2497000
Lebanon,1984,2381000
Lebanon,1985,2787000
Lebanon,1986,2660000
Lebanon,1987,2782000
Lebanon,1988,2485000
Lebanon,1989,2015000
Lebanon,1990,1916000
Lebanon,1991,3089000
Lebanon,1992,3229000
Lebanon,1993,3966000
Lebanon,1994,4442000
Lebanon,1995,4797000
Lebanon,1996,4982000
Lebanon,1997,5690000
Lebanon,1998,5783000
Lebanon,1999,6044000
Lebanon,2000,5414000
Lebanon,2001,5820000
Lebanon,2002,5809000
Lebanon,2003,5836000
Lebanon,2004,5881000
Lebanon,2005,5603000
Lebanon,2006,5247000
Lebanon,2007,4580000
Lebanon,2008,6131000
Lebanon,2009,7456000
Lebanon,2010,6957000
Lebanon,2011,7204000
Lebanon,2012,8136000
Lebanon,2013,8072000
Lebanon,2014,8594000
Lebanon,2015,9465000
Lebanon,2016,9786000
Lebanon,2017,10370000
Lebanon,2018,9784000
Lebanon,2019,9784000
Lesotho,1980,58070
Lesotho,1981,58070
Lesotho,1982,58070
Lesotho,1983,58070
Lesotho,1984,58070
Lesotho,1985,63880
Lesotho,1986,67000
Lesotho,1987,67000
Lesotho,1988,45910
Lesotho,1989,67000
Lesotho,1990,67000
Lesotho,1991,67000
Lesotho,1992,66870
Lesotho,1993,66200
Lesotho,1994,72590
Lesotho,1995,72590
Lesotho,1996,72590
Lesotho,1997,72590
Lesotho,1998,69680
Lesotho,1999,69680
Lesotho,2000,160600
Lesotho,2001,162300
Lesotho,2002,165800
Lesotho,2003,165600
Lesotho,2004,174300
Lesotho,2005,173900
Lesotho,2006,172300
Lesotho,2007,223300
Lesotho,2008,186100
Lesotho,2009,214300
Lesotho,2010,221000
Lesotho,2011,230700
Lesotho,2012,247300
Lesotho,2013,248800
Lesotho,2014,260000
Lesotho,2015,251800
Lesotho,2016,277400
Lesotho,2017,303000
Lesotho,2018,295900
Lesotho,2019,298900
Liberia,1980,754900
Liberia,1981,696800
Liberia,1982,696800
Liberia,1983,696800
Liberia,1984,638800
Liberia,1985,638800
Liberia,1986,473700
Liberia,1987,352100
Liberia,1988,458800
Liberia,1989,373500
Liberia,1990,222500
Liberia,1991,127600
Liberia,1992,133400
Liberia,1993,147000
Liberia,1994,147000
Liberia,1995,147000
Liberia,1996,152800
Liberia,1997,152800
Liberia,1998,158600
Liberia,1999,158600
Liberia,2000,178900
Liberia,2001,192000
Liberia,2002,189500
Liberia,2003,207700
Liberia,2004,225400
Liberia,2005,264300
Liberia,2006,271900
Liberia,2007,252500
Liberia,2008,222400
Liberia,2009,206100
Liberia,2010,323800
Liberia,2011,362000
Liberia,2012,399500
Liberia,2013,358700
Liberia,2014,469700
Liberia,2015,475100
Liberia,2016,542900
Liberia,2017,468800
Liberia,2018,532100
Liberia,2019,532100
Libya,1980,5807000
Libya,1981,6678000
Libya,1982,7201000
Libya,1983,7259000
Libya,1984,6968000
Libya,1985,7433000
Libya,1986,7247000
Libya,1987,7857000
Libya,1988,8258000
Libya,1989,8560000
Libya,1990,8978000
Libya,1991,9616000
Libya,1992,8658000
Libya,1993,9291000
Libya,1994,9634000
Libya,1995,10400000
Libya,1996,10860000
Libya,1997,11540000
Libya,1998,10890000
Libya,1999,10310000
Libya,2000,14820000
Libya,2001,14850000
Libya,2002,15310000
Libya,2003,15860000
Libya,2004,15160000
Libya,2005,16000000
Libya,2006,15260000
Libya,2007,14520000
Libya,2008,15090000
Libya,2009,17560000
Libya,2010,18020000
Libya,2011,10990000
Libya,2012,14690000
Libya,2013,14950000
Libya,2014,15640000
Libya,2015,12830000
Libya,2016,11880000
Libya,2017,12380000
Libya,2018,12960000
Libya,2019,12760000
Lithuania,1992,5068000
Lithuania,1993,4396000
Lithuania,1994,4099000
Lithuania,1995,3743000
Lithuania,1996,3927000
Lithuania,1997,3929000
Lithuania,1998,4382000
Lithuania,1999,3516000
Lithuania,2000,2804000
Lithuania,2001,3086000
Lithuania,2002,3063000
Lithuania,2003,2912000
Lithuania,2004,3168000
Lithuania,2005,3420000
Lithuania,2006,3399000
Lithuania,2007,3532000
Lithuania,2008,3705000
Lithuania,2009,3215000
Lithuania,2010,3238000
Lithuania,2011,3128000
Lithuania,2012,3180000
Lithuania,2013,3083000
Lithuania,2014,3035000
Lithuania,2015,3318000
Lithuania,2016,3581000
Lithuania,2017,3729000
Lithuania,2018,3958000
Lithuania,2019,3947000
Lithuania,2020,3701000
Luxembourg,1980,1336000
Luxembourg,1981,1278000
Luxembourg,1982,1278000
Luxembourg,1983,1219000
Luxembourg,1984,1200000
Luxembourg,1985,1277000
Luxembourg,1986,1383000
Luxembourg,1987,1555000
Luxembourg,1988,1590000
Luxembourg,1989,1751000
Luxembourg,1990,1925000
Luxembourg,1991,2244000
Luxembourg,1992,2308000
Luxembourg,1993,2305000
Luxembourg,1994,2311000
Luxembourg,1995,2177000
Luxembourg,1996,2251000
Luxembourg,1997,2362000
Luxembourg,1998,2468000
Luxembourg,1999,2631000
Luxembourg,2000,2830000
Luxembourg,2001,2988000
Luxembourg,2002,3038000
Luxembourg,2003,3256000
Luxembourg,2004,3673000
Luxembourg,2005,3782000
Luxembourg,2006,3581000
Luxembourg,2007,3556000
Luxembourg,2008,3559000
Luxembourg,2009,3343000
Luxembourg,2010,3488000
Luxembourg,2011,3572000
Luxembourg,2012,3438000
Luxembourg,2013,3396000
Luxembourg,2014,3298000
Luxembourg,2015,3265000
Luxembourg,2016,3262000
Luxembourg,2017,3448000
Luxembourg,2018,3655000
Luxembourg,2019,3712000
Luxembourg,2020,2963000
Macao,1980,185800
Macao,1981,180000
Macao,1982,191600
Macao,1983,267100
Macao,1984,290400
Macao,1985,238100
Macao,1986,342600
Macao,1987,371600
Macao,1988,359800
Macao,1989,383200
Macao,1990,399000
Macao,1991,394600
Macao,1992,406500
Macao,1993,447100
Macao,1994,476200
Macao,1995,475400
Macao,1996,545900
Macao,1997,563300
Macao,1998,603900
Macao,1999,638800
Macao,2000,626700
Macao,2001,639300
Macao,2002,691400
Macao,2003,714000
Macao,2004,854000
Macao,2005,844600
Macao,2006,866400
Macao,2007,809100
Macao,2008,671400
Macao,2009,737300
Macao,2010,568900
Macao,2011,620800
Macao,2012,638000
Macao,2013,637900
Macao,2014,655900
Macao,2015,1011000
Macao,2016,990900
Macao,2017,926600
Macao,2018,831300
Macao,2019,830900
Madagascar,1980,464600
Madagascar,1981,406500
Madagascar,1982,348400
Madagascar,1983,464600
Madagascar,1984,464600
Madagascar,1985,499400
Madagascar,1986,324700
Madagascar,1987,480800
Madagascar,1988,522300
Madagascar,1989,371100
Madagascar,1990,360600
Madagascar,1991,378700
Madagascar,1992,413600
Madagascar,1993,425200
Madagascar,1994,465800
Madagascar,1995,489000
Madagascar,1996,489000
Madagascar,1997,494900
Madagascar,1998,494900
Madagascar,1999,494900
Madagascar,2000,756700
Madagascar,2001,736400
Madagascar,2002,535000
Madagascar,2003,708300
Madagascar,2004,774000
Madagascar,2005,745200
Madagascar,2006,734300
Madagascar,2007,777100
Madagascar,2008,833300
Madagascar,2009,703700
Madagascar,2010,747200
Madagascar,2011,812100
Madagascar,2012,898400
Madagascar,2013,875500
Madagascar,2014,964000
Madagascar,2015,1096000
Madagascar,2016,1201000
Madagascar,2017,982300
Madagascar,2018,945300
Madagascar,2019,1223000
Malawi,1980,174200
Malawi,1981,203200
Malawi,1982,168400
Malawi,1983,139400
Malawi,1984,133600
Malawi,1985,156800
Malawi,1986,145200
Malawi,1987,151700
Malawi,1988,151000
Malawi,1989,194100
Malawi,1990,205700
Malawi,1991,261300
Malawi,1992,261300
Malawi,1993,250100
Malawi,1994,267100
Malawi,1995,284500
Malawi,1996,284500
Malawi,1997,284500
Malawi,1998,284500
Malawi,1999,284500
Malawi,2000,305300
Malawi,2001,280800
Malawi,2002,265100
Malawi,2003,290900
Malawi,2004,307100
Malawi,2005,271700
Malawi,2006,286300
Malawi,2007,279800
Malawi,2008,338200
Malawi,2009,298800
Malawi,2010,375600
Malawi,2011,353200
Malawi,2012,347200
Malawi,2013,360000
Malawi,2014,366400
Malawi,2015,338700
Malawi,2016,396700
Malawi,2017,457500
Malawi,2018,531900
Malawi,2019,546800
Malaysia,1980,9291000
Malaysia,1981,9582000
Malaysia,1982,10450000
Malaysia,1983,11150000
Malaysia,1984,11270000
Malaysia,1985,11270000
Malaysia,1986,11140000
Malaysia,1987,11460000
Malaysia,1988,11750000
Malaysia,1989,12730000
Malaysia,1990,15380000
Malaysia,1991,16410000
Malaysia,1992,17540000
Malaysia,1993,19540000
Malaysia,1994,22000000
Malaysia,1995,23180000
Malaysia,1996,25330000
Malaysia,1997,27220000
Malaysia,1998,26140000
Malaysia,1999,26310000
Malaysia,2000,27170000
Malaysia,2001,28640000
Malaysia,2002,29050000
Malaysia,2003,28860000
Malaysia,2004,30660000
Malaysia,2005,30220000
Malaysia,2006,30420000
Malaysia,2007,35320000
Malaysia,2008,33550000
Malaysia,2009,36050000
Malaysia,2010,34540000
Malaysia,2011,38170000
Malaysia,2012,37710000
Malaysia,2013,42200000
Malaysia,2014,42790000
Malaysia,2015,40650000
Malaysia,2016,41650000
Malaysia,2017,41940000
Malaysia,2018,40960000
Malaysia,2019,41730000
Maldives,1980,5807
Maldives,1981,5807
Maldives,1982,5807
Maldives,1983,5807
Maldives,1984,23230
Maldives,1985,23230
Maldives,1986,26920
Maldives,1987,26920
Maldives,1988,32710
Maldives,1989,32720
Maldives,1990,39760
Maldives,1991,39760
Maldives,1992,39750
Maldives,1993,46460
Maldives,1994,97790
Maldives,1995,132700
Maldives,1996,133600
Maldives,1997,115400
Maldives,1998,127000
Maldives,1999,127000
Maldives,2000,269600
Maldives,2001,227200
Maldives,2002,271400
Maldives,2003,234700
Maldives,2004,310000
Maldives,2005,282200
Maldives,2006,356100
Maldives,2007,368500
Maldives,2008,401200
Maldives,2009,427800
Maldives,2010,432500
Maldives,2011,467000
Maldives,2012,592100
Maldives,2013,628600
Maldives,2014,840600
Maldives,2015,622600
Maldives,2016,666800
Maldives,2017,689300
Maldives,2018,788700
Maldives,2019,886800
Mali,1980,174200
Mali,1981,232300
Mali,1982,174200
Mali,1983,174200
Mali,1984,174200
Mali,1985,191600
Mali,1986,144500
Mali,1987,168400
Mali,1988,93380
Mali,1989,187200
Mali,1990,187600
Mali,1991,187600
Mali,1992,198800
Mali,1993,198900
Mali,1994,198900
Mali,1995,198900
Mali,1996,210500
Mali,1997,210500
Mali,1998,216300
Mali,1999,216300
Mali,2000,355200
Mali,2001,360600
Mali,2002,365700
Mali,2003,368600
Mali,2004,380600
Mali,2005,391800
Mali,2006,461400
Mali,2007,552500
Mali,2008,655900
Mali,2009,830400
Mali,2010,830400
Mali,2011,907100
Mali,2012,962900
Mali,2013,1035000
Mali,2014,1107000
Mali,2015,1338000
Mali,2016,1728000
Mali,2017,1908000
Mali,2018,2021000
Mali,2019,2182000
Malta,1980,505200
Malta,1981,551700
Malta,1982,580700
Malta,1983,394900
Malta,1984,545900
Malta,1985,348400
Malta,1986,461200
Malta,1987,505200
Malta,1988,540100
Malta,1989,569100
Malta,1990,609700
Malta,1991,662000
Malta,1992,720100
Malta,1993,766500
Malta,1994,824600
Malta,1995,882700
Malta,1996,929100
Malta,1997,993000
Malta,1998,1045000
Malta,1999,1161000
Malta,2000,1661000
Malta,2001,1823000
Malta,2002,1780000
Malta,2003,2064000
Malta,2004,2160000
Malta,2005,1857000
Malta,2006,1897000
Malta,2007,2060000
Malta,2008,2137000
Malta,2009,2285000
Malta,2010,2707000
Malta,2011,2570000
Malta,2012,2444000
Malta,2013,2324000
Malta,2014,2369000
Malta,2015,2502000
Malta,2016,2742000
Malta,2017,2918000
Malta,2018,3026000
Malta,2019,3134000
Martinique,1980,261300
Martinique,1981,261300
Martinique,1982,261300
Martinique,1983,255500
Martinique,1984,226500
Martinique,1985,278700
Martinique,1986,290400
Martinique,1987,331000
Martinique,1988,400700
Martinique,1989,557500
Martinique,1990,609700
Martinique,1991,505200
Martinique,1992,551700
Martinique,1993,749100
Martinique,1994,743300
Martinique,1995,754900
Martinique,1996,754900
Martinique,1997,766500
Martinique,1998,760700
Martinique,1999,760700
Martinique,2000,882700
Martinique,2001,886200
Martinique,2002,918500
Martinique,2003,904600
Martinique,2004,903500
Martinique,2005,888300
Martinique,2006,881800
Martinique,2007,912300
Martinique,2008,914800
Martinique,2009,914700
Martinique,2010,911200
Martinique,2011,950100
Martinique,2012,961800
Martinique,2013,972500
Martinique,2014,1005000
Martinique,2015,861500
Martinique,2016,869000
Martinique,2017,834500
Martinique,2018,834500
Martinique,2019,829700
Mauritania,1980,243900
Mauritania,1981,232300
Mauritania,1982,232300
Mauritania,1983,232300
Mauritania,1984,348400
Mauritania,1985,348400
Mauritania,1986,199000
Mauritania,1987,274200
Mauritania,1988,360000
Mauritania,1989,415400
Mauritania,1990,365800
Mauritania,1991,383300
Mauritania,1992,1278000
Mauritania,1993,1307000
Mauritania,1994,1307000
Mauritania,1995,1324000
Mauritania,1996,1336000
Mauritania,1997,1341000
Mauritania,1998,1347000
Mauritania,1999,1347000
Mauritania,2000,466300
Mauritania,2001,486100
Mauritania,2002,526200
Mauritania,2003,543600
Mauritania,2004,586100
Mauritania,2005,605300
Mauritania,2006,588400
Mauritania,2007,669200
Mauritania,2008,822600
Mauritania,2009,810500
Mauritania,2010,788900
Mauritania,2011,858000
Mauritania,2012,946100
Mauritania,2013,846600
Mauritania,2014,1012000
Mauritania,2015,1004000
Mauritania,2016,935300
Mauritania,2017,1434000
Mauritania,2018,1518000
Mauritania,2019,1595000
Mauritius,1980,348400
Mauritius,1981,313600
Mauritius,1982,302000
Mauritius,1983,331000
Mauritius,1984,331000
Mauritius,1985,336800
Mauritius,1986,418100
Mauritius,1987,360000
Mauritius,1988,528400
Mauritius,1989,592100
Mauritius,1990,691000
Mauritius,1991,702600
Mauritius,1992,836200
Mauritius,1993,847800
Mauritius,1994,853600
Mauritius,1995,900100
Mauritius,1996,929100
Mauritius,1997,940700
Mauritius,1998,946500
Mauritius,1999,946500
Mauritius,2000,1197000
Mauritius,2001,1191000
Mauritius,2002,1161000
Mauritius,2003,1183000
Mauritius,2004,1242000
Mauritius,2005,1317000
Mauritius,2006,1320000
Mauritius,2007,1319000
Mauritius,2008,1296000
Mauritius,2009,1284000
Mauritius,2010,1365000
Mauritius,2011,1455000
Mauritius,2012,1444000
Mauritius,2013,1450000
Mauritius,2014,1494000
Mauritius,2015,1523000
Mauritius,2016,1641000
Mauritius,2017,1838000
Mauritius,2018,1992000
Mauritius,2019,2130000
Mauritius,2020,1704000
Mexico,1980,73750000
Mexico,1981,81240000
Mexico,1982,85710000
Mexico,1983,78390000
Mexico,1984,81000000
Mexico,1985,85720000
Mexico,1986,88470000
Mexico,1987,91540000
Mexico,1988,92800000
Mexico,1989,99590000
Mexico,1990,92410000
Mexico,1991,99470000
Mexico,1992,99450000
Mexico,1993,105200000
Mexico,1994,114900000
Mexico,1995,106100000
Mexico,1996,105900000
Mexico,1997,108200000
Mexico,1998,115200000
Mexico,1999,114800000
Mexico,2000,119800000
Mexico,2001,118300000
Mexico,2002,113400000
Mexico,2003,113300000
Mexico,2004,117300000
Mexico,2005,120100000
Mexico,2006,120500000
Mexico,2007,124000000
Mexico,2008,123400000
Mexico,2009,119500000
Mexico,2010,121600000
Mexico,2011,123100000
Mexico,2012,122100000
Mexico,2013,121400000
Mexico,2014,118400000
Mexico,2015,116500000
Mexico,2016,119200000
Mexico,2017,117300000
Mexico,2018,112200000
Mexico,2019,112000000
Mexico,2020,80790000
Micronesia (country),2000,50620
Micronesia (country),2001,57360
Micronesia (country),2002,53530
Micronesia (country),2003,57670
Micronesia (country),2004,55640
Micronesia (country),2005,47830
Micronesia (country),2006,49060
Micronesia (country),2007,54650
Micronesia (country),2008,47650
Micronesia (country),2009,65850
Micronesia (country),2010,45820
Micronesia (country),2011,53160
Micronesia (country),2012,59260
Micronesia (country),2013,62430
Micronesia (country),2014,65400
Micronesia (country),2015,68660
Micronesia (country),2016,72500
Micronesia (country),2017,73250
Micronesia (country),2018,73860
Micronesia (country),2019,69890
Moldova,1992,3259000
Moldova,1993,2358000
Moldova,1994,1299000
Moldova,1995,1279000
Moldova,1996,1138000
Moldova,1997,1068000
Moldova,1998,894300
Moldova,1999,499400
Moldova,2000,555000
Moldova,2001,612900
Moldova,2002,695400
Moldova,2003,760800
Moldova,2004,826600
Moldova,2005,837500
Moldova,2006,815800
Moldova,2007,847600
Moldova,2008,903000
Moldova,2009,882200
Moldova,2010,971200
Moldova,2011,1012000
Moldova,2012,961100
Moldova,2013,950300
Moldova,2014,1012000
Moldova,2015,1031000
Moldova,2016,1103000
Moldova,2017,1158000
Moldova,2018,1234000
Moldova,2019,1277000
Mongolia,1980,696800
Mongolia,1981,696800
Mongolia,1982,813000
Mongolia,1983,813000
Mongolia,1984,871000
Mongolia,1985,929100
Mongolia,1986,964000
Mongolia,1987,975600
Mongolia,1988,1005000
Mongolia,1989,969800
Mongolia,1990,911700
Mongolia,1991,853600
Mongolia,1992,772300
Mongolia,1993,737500
Mongolia,1994,760700
Mongolia,1995,662000
Mongolia,1996,685200
Mongolia,1997,459900
Mongolia,1998,489000
Mongolia,1999,506500
Mongolia,2000,549200
Mongolia,2001,558300
Mongolia,2002,601600
Mongolia,2003,653000
Mongolia,2004,713600
Mongolia,2005,699200
Mongolia,2006,806100
Mongolia,2007,991100
Mongolia,2008,1054000
Mongolia,2009,959600
Mongolia,2010,1008000
Mongolia,2011,1253000
Mongolia,2012,1428000
Mongolia,2013,1488000
Mongolia,2014,1416000
Mongolia,2015,1398000
Mongolia,2016,1224000
Mongolia,2017,1559000
Mongolia,2018,1654000
Mongolia,2019,2079000
Montenegro,2006,451600
Montenegro,2007,476700
Montenegro,2008,490500
Montenegro,2009,397900
Montenegro,2010,378800
Montenegro,2011,362200
Montenegro,2012,341000
Montenegro,2013,329900
Montenegro,2014,337500
Montenegro,2015,434500
Montenegro,2016,433600
Montenegro,2017,439200
Montenegro,2018,463300
Montenegro,2019,438700
Montserrat,1980,5807
Montserrat,1981,5807
Montserrat,1982,5807
Montserrat,1983,5807
Montserrat,1984,5807
Montserrat,1985,11610
Montserrat,1986,4747
Montserrat,1987,5977
Montserrat,1988,5961
Montserrat,1989,5977
Montserrat,1990,7036
Montserrat,1991,12840
Montserrat,1992,12840
Montserrat,1993,12840
Montserrat,1994,12840
Montserrat,1995,18650
Montserrat,1996,18650
Montserrat,1997,18650
Montserrat,1998,18650
Montserrat,1999,18650
Montserrat,2000,11370
Montserrat,2001,11410
Montserrat,2002,16320
Montserrat,2003,16320
Montserrat,2004,16280
Montserrat,2005,16320
Montserrat,2006,16320
Montserrat,2007,18400
Montserrat,2008,24620
Montserrat,2009,19990
Montserrat,2010,26980
Montserrat,2011,18690
Montserrat,2012,17810
Montserrat,2013,22340
Montserrat,2014,20940
Montserrat,2015,23560
Montserrat,2016,13370
Montserrat,2017,12190
Montserrat,2018,13300
Montserrat,2019,13300
Morocco,1980,5168000
Morocco,1981,4936000
Morocco,1982,5110000
Morocco,1983,5168000
Morocco,1984,4936000
Morocco,1985,5226000
Morocco,1986,5424000
Morocco,1987,5342000
Morocco,1988,5761000
Morocco,1989,6440000
Morocco,1990,6748000
Morocco,1991,6852000
Morocco,1992,7584000
Morocco,1993,7839000
Morocco,1994,8600000
Morocco,1995,8217000
Morocco,1996,8019000
Morocco,1997,8496000
Morocco,1998,8374000
Morocco,1999,9146000
Morocco,2000,8773000
Morocco,2001,8766000
Morocco,2002,8942000
Morocco,2003,9218000
Morocco,2004,10690000
Morocco,2005,11560000
Morocco,2006,11810000
Morocco,2007,12530000
Morocco,2008,13250000
Morocco,2009,14080000
Morocco,2010,15150000
Morocco,2011,16350000
Morocco,2012,16380000
Morocco,2013,16560000
Morocco,2014,16300000
Morocco,2015,15910000
Morocco,2016,15970000
Morocco,2017,16970000
Morocco,2018,16730000
Morocco,2019,17860000
Mozambique,1980,754900
Mozambique,1981,638800
Mozambique,1982,754900
Mozambique,1983,754900
Mozambique,1984,696800
Mozambique,1985,754900
Mozambique,1986,388200
Mozambique,1987,394000
Mozambique,1988,563300
Mozambique,1989,464600
Mozambique,1990,406500
Mozambique,1991,402000
Mozambique,1992,399800
Mozambique,1993,394000
Mozambique,1994,376600
Mozambique,1995,411400
Mozambique,1996,411400
Mozambique,1997,423000
Mozambique,1998,441300
Mozambique,1999,458800
Mozambique,2000,618200
Mozambique,2001,656800
Mozambique,2002,592800
Mozambique,2003,746300
Mozambique,2004,636900
Mozambique,2005,639500
Mozambique,2006,682100
Mozambique,2007,865600
Mozambique,2008,773000
Mozambique,2009,871100
Mozambique,2010,935000
Mozambique,2011,1052000
Mozambique,2012,1017000
Mozambique,2013,1179000
Mozambique,2014,1359000
Mozambique,2015,1654000
Mozambique,2016,2456000
Mozambique,2017,2672000
Mozambique,2018,1948000
Mozambique,2019,2054000
Myanmar,1980,1336000
Myanmar,1981,1336000
Myanmar,1982,1394000
Myanmar,1983,1336000
Myanmar,1984,1394000
Myanmar,1985,1278000
Myanmar,1986,1010000
Myanmar,1987,946500
Myanmar,1988,969800
Myanmar,1989,969800
Myanmar,1990,876900
Myanmar,1991,911100
Myanmar,1992,959700
Myanmar,1993,952300
Myanmar,1994,1098000
Myanmar,1995,1064000
Myanmar,1996,1128000
Myanmar,1997,1447000
Myanmar,1998,1716000
Myanmar,1999,2127000
Myanmar,2000,2259000
Myanmar,2001,1830000
Myanmar,2002,1833000
Myanmar,2003,2111000
Myanmar,2004,2155000
Myanmar,2005,2105000
Myanmar,2006,2141000
Myanmar,2007,2105000
Myanmar,2008,1657000
Myanmar,2009,1377000
Myanmar,2010,1583000
Myanmar,2011,1469000
Myanmar,2012,2620000
Myanmar,2013,3508000
Myanmar,2014,5441000
Myanmar,2015,4195000
Myanmar,2016,5323000
Myanmar,2017,7866000
Myanmar,2018,8165000
Myanmar,2019,8491000
Namibia,1990,882700
Namibia,1991,401000
Namibia,1992,406500
Namibia,1993,499400
Namibia,1994,487800
Namibia,1995,487800
Namibia,1996,516800
Namibia,1997,545900
Namibia,1998,586500
Namibia,1999,859400
Namibia,2000,773800
Namibia,2001,946600
Namibia,2002,832300
Namibia,2003,877900
Namibia,2004,899700
Namibia,2005,967500
Namibia,2006,945400
Namibia,2007,983000
Namibia,2008,1083000
Namibia,2009,1145000
Namibia,2010,1218000
Namibia,2011,1248000
Namibia,2012,1265000
Namibia,2013,1356000
Namibia,2014,1430000
Namibia,2015,1552000
Namibia,2016,1552000
Namibia,2017,1549000
Namibia,2018,1578000
Namibia,2019,1537000
Nauru,1980,52260
Nauru,1981,52260
Nauru,1982,52260
Nauru,1983,52260
Nauru,1984,52260
Nauru,1985,52260
Nauru,1986,50020
Nauru,1987,50020
Nauru,1988,50010
Nauru,1989,50020
Nauru,1990,50020
Nauru,1991,50020
Nauru,1992,50010
Nauru,1993,50020
Nauru,1994,50020
Nauru,1995,55820
Nauru,1996,55810
Nauru,1997,55820
Nauru,1998,55820
Nauru,1999,55820
Nauru,2000,41840
Nauru,2001,37790
Nauru,2002,35470
Nauru,2003,31740
Nauru,2004,29670
Nauru,2005,29080
Nauru,2006,20990
Nauru,2007,20530
Nauru,2008,20860
Nauru,2009,20400
Nauru,2010,21540
Nauru,2011,21270
Nauru,2012,22620
Nauru,2013,26550
Nauru,2014,28730
Nauru,2015,30690
Nauru,2016,33710
Nauru,2017,26270
Nauru,2018,30820
Nauru,2019,25020
Nepal,1980,116100
Nepal,1981,116100
Nepal,1982,174200
Nepal,1983,174200
Nepal,1984,174200
Nepal,1985,145200
Nepal,1986,221200
Nepal,1987,244400
Nepal,1988,236000
Nepal,1989,238000
Nepal,1990,232800
Nepal,1991,294900
Nepal,1992,340400
Nepal,1993,342600
Nepal,1994,406500
Nepal,1995,418100
Nepal,1996,528400
Nepal,1997,644600
Nepal,1998,830400
Nepal,1999,888500
Nepal,2000,865700
Nepal,2001,886000
Nepal,2002,879100
Nepal,2003,910100
Nepal,2004,879000
Nepal,2005,917400
Nepal,2006,836800
Nepal,2007,793900
Nepal,2008,971500
Nepal,2009,1157000
Nepal,2010,1274000
Nepal,2011,1327000
Nepal,2012,1443000
Nepal,2013,1572000
Nepal,2014,1743000
Nepal,2015,1475000
Nepal,2016,2525000
Nepal,2017,2869000
Nepal,2018,3257000
Nepal,2019,2871000
Netherlands,1980,46000000
Netherlands,1981,42450000
Netherlands,1982,37280000
Netherlands,1983,35600000
Netherlands,1984,34260000
Netherlands,1985,35400000
Netherlands,1986,39220000
Netherlands,1987,40100000
Netherlands,1988,41960000
Netherlands,1989,41540000
Netherlands,1990,45400000
Netherlands,1991,45310000
Netherlands,1992,46020000
Netherlands,1993,46230000
Netherlands,1994,47520000
Netherlands,1995,48040000
Netherlands,1996,49000000
Netherlands,1997,50860000
Netherlands,1998,51230000
Netherlands,1999,52070000
Netherlands,2000,52960000
Netherlands,2001,54780000
Netherlands,2002,56460000
Netherlands,2003,57780000
Netherlands,2004,59200000
Netherlands,2005,60750000
Netherlands,2006,62290000
Netherlands,2007,62730000
Netherlands,2008,60010000
Netherlands,2009,56890000
Netherlands,2010,57210000
Netherlands,2011,57530000
Netherlands,2012,55910000
Netherlands,2013,54570000
Netherlands,2014,54130000
Netherlands,2015,53390000
Netherlands,2016,54310000
Netherlands,2017,54760000
Netherlands,2018,53940000
Netherlands,2019,53150000
Netherlands,2020,49840000
Netherlands Antilles,1980,6330000
Netherlands Antilles,1981,5807000
Netherlands Antilles,1982,5517000
Netherlands Antilles,1983,5168000
Netherlands Antilles,1984,4936000
Netherlands Antilles,1985,4123000
Netherlands Antilles,1986,4030000
Netherlands Antilles,1987,4007000
Netherlands Antilles,1988,3775000
Netherlands Antilles,1989,3978000
Netherlands Antilles,1990,3891000
Netherlands Antilles,1991,3705000
Netherlands Antilles,1992,3653000
Netherlands Antilles,1993,3653000
Netherlands Antilles,1994,3792000
Netherlands Antilles,1995,4036000
Netherlands Antilles,1996,3978000
Netherlands Antilles,1997,4239000
Netherlands Antilles,1998,4291000
Netherlands Antilles,1999,4198000
Netherlands Antilles,2000,4936000
Netherlands Antilles,2001,5085000
Netherlands Antilles,2002,4927000
Netherlands Antilles,2003,4891000
Netherlands Antilles,2004,5071000
Netherlands Antilles,2005,5273000
Netherlands Antilles,2006,5317000
Netherlands Antilles,2007,5628000
Netherlands Antilles,2008,5600000
Netherlands Antilles,2009,5378000
Netherlands Antilles,2010,4615000
Netherlands Antilles,2011,5219000
Netherlands Antilles,2012,4840000
Netherlands Antilles,2013,4859000
Netherlands Antilles,2014,4908000
Netherlands Antilles,2015,5035000
Netherlands Antilles,2016,5070000
Netherlands Antilles,2017,5119000
Netherlands Antilles,2018,5151000
Netherlands Antilles,2019,5182000
New Caledonia,1980,580700
New Caledonia,1981,580700
New Caledonia,1982,406500
New Caledonia,1983,348400
New Caledonia,1984,406500
New Caledonia,1985,365800
New Caledonia,1986,395100
New Caledonia,1987,424200
New Caledonia,1988,389400
New Caledonia,1989,424200
New Caledonia,1990,447800
New Caledonia,1991,474200
New Caledonia,1992,499100
New Caledonia,1993,499100
New Caledonia,1994,481700
New Caledonia,1995,481700
New Caledonia,1996,504900
New Caledonia,1997,504900
New Caledonia,1998,504900
New Caledonia,1999,504900
New Caledonia,2000,617700
New Caledonia,2001,596400
New Caledonia,2002,665400
New Caledonia,2003,732500
New Caledonia,2004,705900
New Caledonia,2005,807000
New Caledonia,2006,786700
New Caledonia,2007,862900
New Caledonia,2008,855500
New Caledonia,2009,866900
New Caledonia,2010,888400
New Caledonia,2011,844900
New Caledonia,2012,919700
New Caledonia,2013,1019000
New Caledonia,2014,1190000
New Caledonia,2015,1102000
New Caledonia,2016,1114000
New Caledonia,2017,1041000
New Caledonia,2018,1118000
New Caledonia,2019,1122000
New Zealand,1980,5306000
New Zealand,1981,4936000
New Zealand,1982,4762000
New Zealand,1983,4762000
New Zealand,1984,4915000
New Zealand,1985,4756000
New Zealand,1986,4842000
New Zealand,1987,5237000
New Zealand,1988,5484000
New Zealand,1989,5755000
New Zealand,1990,6196000
New Zealand,1991,6042000
New Zealand,1992,6356000
New Zealand,1993,6382000
New Zealand,1994,6976000
New Zealand,1995,7280000
New Zealand,1996,7264000
New Zealand,1997,7466000
New Zealand,1998,7513000
New Zealand,1999,7610000
New Zealand,2000,7771000
New Zealand,2001,7833000
New Zealand,2002,8152000
New Zealand,2003,8463000
New Zealand,2004,8726000
New Zealand,2005,8871000
New Zealand,2006,8963000
New Zealand,2007,9044000
New Zealand,2008,9151000
New Zealand,2009,8769000
New Zealand,2010,8844000
New Zealand,2011,8868000
New Zealand,2012,8813000
New Zealand,2013,8973000
New Zealand,2014,9071000
New Zealand,2015,9335000
New Zealand,2016,9777000
New Zealand,2017,10260000
New Zealand,2018,10420000
New Zealand,2019,10720000
New Zealand,2020,8813000
Nicaragua,1980,754900
Nicaragua,1981,754900
Nicaragua,1982,754900
Nicaragua,1983,754900
Nicaragua,1984,696800
Nicaragua,1985,813000
Nicaragua,1986,801400
Nicaragua,1987,807200
Nicaragua,1988,824600
Nicaragua,1989,807200
Nicaragua,1990,772300
Nicaragua,1991,737500
Nicaragua,1992,876900
Nicaragua,1993,876900
Nicaragua,1994,929100
Nicaragua,1995,1010000
Nicaragua,1996,1074000
Nicaragua,1997,1132000
Nicaragua,1998,1301000
Nicaragua,1999,1382000
Nicaragua,2000,1404000
Nicaragua,2001,1489000
Nicaragua,2002,1480000
Nicaragua,2003,1562000
Nicaragua,2004,1629000
Nicaragua,2005,1606000
Nicaragua,2006,1642000
Nicaragua,2007,1729000
Nicaragua,2008,1641000
Nicaragua,2009,1683000
Nicaragua,2010,1682000
Nicaragua,2011,1803000
Nicaragua,2012,1722000
Nicaragua,2013,1753000
Nicaragua,2014,1842000
Nicaragua,2015,2099000
Nicaragua,2016,2098000
Nicaragua,2017,2051000
Nicaragua,2018,1994000
Nicaragua,2019,2039000
Niger,1980,232300
Niger,1981,232300
Niger,1982,232300
Niger,1983,174200
Niger,1984,174200
Niger,1985,174200
Niger,1986,145200
Niger,1987,139400
Niger,1988,245800
Niger,1989,245800
Niger,1990,254600
Niger,1991,259100
Niger,1992,258300
Niger,1993,270000
Niger,1994,275800
Niger,1995,275800
Niger,1996,281600
Niger,1997,281600
Niger,1998,281600
Niger,1999,281600
Niger,2000,220400
Niger,2001,211500
Niger,2002,221700
Niger,2003,248900
Niger,2004,265300
Niger,2005,247600
Niger,2006,252700
Niger,2007,285700
Niger,2008,316300
Niger,2009,385800
Niger,2010,487600
Niger,2011,469200
Niger,2012,696100
Niger,2013,813000
Niger,2014,734100
Niger,2015,801600
Niger,2016,745300
Niger,2017,701300
Niger,2018,746100
Niger,2019,800300
Nigeria,1980,9872000
Nigeria,1981,11610000
Nigeria,1982,12490000
Nigeria,1983,11730000
Nigeria,1984,12190000
Nigeria,1985,12890000
Nigeria,1986,12080000
Nigeria,1987,12650000
Nigeria,1988,13580000
Nigeria,1989,14180000
Nigeria,1990,14550000
Nigeria,1991,14970000
Nigeria,1992,15390000
Nigeria,1993,15780000
Nigeria,1994,14690000
Nigeria,1995,16390000
Nigeria,1996,16560000
Nigeria,1997,16070000
Nigeria,1998,15070000
Nigeria,1999,14630000
Nigeria,2000,13200000
Nigeria,2001,16660000
Nigeria,2002,16970000
Nigeria,2003,16270000
Nigeria,2004,16270000
Nigeria,2005,17980000
Nigeria,2006,14510000
Nigeria,2007,12630000
Nigeria,2008,16070000
Nigeria,2009,13770000
Nigeria,2010,16970000
Nigeria,2011,16240000
Nigeria,2012,16120000
Nigeria,2013,24930000
Nigeria,2014,26360000
Nigeria,2015,23810000
Nigeria,2016,24670000
Nigeria,2017,24730000
Nigeria,2018,26260000
Nigeria,2019,28050000
Niue,1980,1161
Niue,1981,1161
Niue,1982,1161
Niue,1983,1161
Niue,1984,1161
Niue,1985,1187
Niue,1986,1186
Niue,1987,1186
Niue,1988,1183
Niue,1989,1186
Niue,1990,1186
Niue,1991,1186
Niue,1992,1183
Niue,1993,1186
Niue,1994,1186
Niue,1995,1186
Niue,1996,1183
Niue,1997,1186
Niue,1998,1186
Niue,1999,1187
Niue,2000,2717
Niue,2001,2796
Niue,2002,2695
Niue,2003,2520
Niue,2004,2520
Niue,2005,2610
Niue,2006,2593
Niue,2007,2398
Niue,2008,3837
Niue,2009,2501
Niue,2010,2329
Niue,2011,2604
Niue,2012,2561
Niue,2013,2761
Niue,2014,2858
Niue,2015,3124
Niue,2016,3028
Niue,2017,2902
Niue,2018,3004
Niue,2019,3141
North Korea,1980,2787000
North Korea,1981,2962000
North Korea,1982,3020000
North Korea,1983,3310000
North Korea,1984,3484000
North Korea,1985,3716000
North Korea,1986,3982000
North Korea,1987,4052000
North Korea,1988,3744000
North Korea,1989,3697000
North Korea,1990,4238000
North Korea,1991,4454000
North Korea,1992,4307000
North Korea,1993,4161000
North Korea,1994,4086000
North Korea,1995,3656000
North Korea,1996,2778000
North Korea,1997,2336000
North Korea,1998,2048000
North Korea,1999,4504000
North Korea,2000,1182000
North Korea,2001,1307000
North Korea,2002,1311000
North Korea,2003,1277000
North Korea,2004,1284000
North Korea,2005,1081000
North Korea,2006,827500
North Korea,2007,989400
North Korea,2008,1011000
North Korea,2009,989400
North Korea,2010,984400
North Korea,2011,1010000
North Korea,2012,969400
North Korea,2013,1051000
North Korea,2014,1001000
North Korea,2015,1134000
North Korea,2016,1207000
North Korea,2017,1100000
North Korea,2018,1091000
North Korea,2019,1178000
North Macedonia,1992,1127000
North Macedonia,1993,1237000
North Macedonia,1994,1045000
North Macedonia,1995,1074000
North Macedonia,1996,1359000
North Macedonia,1997,1219000
North Macedonia,1998,1295000
North Macedonia,1999,1161000
North Macedonia,2000,1083000
North Macedonia,2001,895700
North Macedonia,2002,1023000
North Macedonia,2003,979600
North Macedonia,2004,998900
North Macedonia,2005,1025000
North Macedonia,2006,1061000
North Macedonia,2007,1170000
North Macedonia,2008,1040000
North Macedonia,2009,1092000
North Macedonia,2010,1069000
North Macedonia,2011,1103000
North Macedonia,2012,1088000
North Macedonia,2013,1089000
North Macedonia,2014,1086000
North Macedonia,2015,1190000
North Macedonia,2016,1219000
North Macedonia,2017,1274000
North Macedonia,2018,1216000
North Macedonia,2019,1317000
Norway,1980,11630000
Norway,1981,10740000
Norway,1982,9698000
Norway,1983,9582000
Norway,1984,10930000
Norway,1985,11440000
Norway,1986,11690000
Norway,1987,11850000
Norway,1988,11390000
Norway,1989,11020000
Norway,1990,11580000
Norway,1991,11000000
Norway,1992,10950000
Norway,1993,11310000
Norway,1994,11620000
Norway,1995,12090000
Norway,1996,12720000
Norway,1997,12790000
Norway,1998,12860000
Norway,1999,12870000
Norway,2000,12150000
Norway,2001,12900000
Norway,2002,12780000
Norway,2003,13350000
Norway,2004,12630000
Norway,2005,12870000
Norway,2006,13190000
Norway,2007,13840000
Norway,2008,12970000
Norway,2009,12940000
Norway,2010,13290000
Norway,2011,12790000
Norway,2012,12500000
Norway,2013,12940000
Norway,2014,12450000
Norway,2015,12750000
Norway,2016,12540000
Norway,2017,12730000
Norway,2018,13160000
Norway,2019,12540000
Norway,2020,13120000
Oman,1980,987200
Oman,1981,987200
Oman,1982,1161000
Oman,1983,1219000
Oman,1984,1452000
Oman,1985,1742000
Oman,1986,1719000
Oman,1987,1550000
Oman,1988,1521000
Oman,1989,1818000
Oman,1990,2236000
Oman,1991,2236000
Oman,1992,2265000
Oman,1993,2259000
Oman,1994,2311000
Oman,1995,2433000
Oman,1996,2688000
Oman,1997,2804000
Oman,1998,2890000
Oman,1999,3122000
Oman,2000,3695000
Oman,2001,4161000
Oman,2002,4716000
Oman,2003,4513000
Oman,2004,4198000
Oman,2005,4665000
Oman,2006,5206000
Oman,2007,5899000
Oman,2008,7642000
Oman,2009,6353000
Oman,2010,7181000
Oman,2011,7825000
Oman,2012,8800000
Oman,2013,8599000
Oman,2014,9586000
Oman,2015,10920000
Oman,2016,10390000
Oman,2017,11940000
Oman,2018,13740000
Oman,2019,13600000
Pakistan,1980,6039000
Pakistan,1981,6562000
Pakistan,1982,7781000
Pakistan,1983,7956000
Pakistan,1984,8130000
Pakistan,1985,9291000
Pakistan,1986,9634000
Pakistan,1987,10460000
Pakistan,1988,11180000
Pakistan,1989,11990000
Pakistan,1990,12720000
Pakistan,1991,12830000
Pakistan,1992,13160000
Pakistan,1993,14930000
Pakistan,1994,16450000
Pakistan,1995,17370000
Pakistan,1996,18980000
Pakistan,1997,19320000
Pakistan,1998,20140000
Pakistan,1999,20340000
Pakistan,2000,21920000
Pakistan,2001,21220000
Pakistan,2002,21050000
Pakistan,2003,17520000
Pakistan,2004,19190000
Pakistan,2005,19760000
Pakistan,2006,22010000
Pakistan,2007,23260000
Pakistan,2008,22970000
Pakistan,2009,23130000
Pakistan,2010,23880000
Pakistan,2011,24000000
Pakistan,2012,24410000
Pakistan,2013,26810000
Pakistan,2014,28910000
Pakistan,2015,30540000
Pakistan,2016,34670000
Pakistan,2017,34500000
Pakistan,2018,28540000
Pakistan,2019,28650000
Palestine,1997,180000
Palestine,1998,302000
Palestine,1999,331000
Palestine,2000,410100
Palestine,2001,596100
Palestine,2002,521600
Palestine,2003,566200
Palestine,2004,926100
Palestine,2005,1162000
Palestine,2006,980400
Palestine,2007,1022000
Palestine,2008,893100
Palestine,2009,918900
Palestine,2010,901400
Palestine,2011,994800
Palestine,2012,968900
Palestine,2013,1079000
Palestine,2014,1183000
Palestine,2015,1319000
Palestine,2016,1394000
Palestine,2017,1407000
Palestine,2018,1407000
Palestine,2019,1430000
Panama,1980,4529000
Panama,1981,4471000
Panama,1982,4297000
Panama,1983,4413000
Panama,1984,4355000
Panama,1985,3775000
Panama,1986,3862000
Panama,1987,4053000
Panama,1988,3931000
Panama,1989,3833000
Panama,1990,4082000
Panama,1991,4065000
Panama,1992,4193000
Panama,1993,4117000
Panama,1994,4698000
Panama,1995,4948000
Panama,1996,4222000
Panama,1997,4442000
Panama,1998,4942000
Panama,1999,3060000
Panama,2000,5098000
Panama,2001,5470000
Panama,2002,5194000
Panama,2003,5424000
Panama,2004,5273000
Panama,2005,5308000
Panama,2006,5892000
Panama,2007,5532000
Panama,2008,6465000
Panama,2009,6315000
Panama,2010,7278000
Panama,2011,7251000
Panama,2012,7873000
Panama,2013,7840000
Panama,2014,8095000
Panama,2015,8538000
Panama,2016,9003000
Panama,2017,9674000
Panama,2018,9333000
Panama,2019,8342000
Papua New Guinea,1980,696800
Papua New Guinea,1981,696800
Papua New Guinea,1982,696800
Papua New Guinea,1983,696800
Papua New Guinea,1984,813000
Papua New Guinea,1985,813000
Papua New Guinea,1986,836200
Papua New Guinea,1987,934700
Papua New Guinea,1988,870800
Papua New Guinea,1989,894000
Papua New Guinea,1990,905600
Papua New Guinea,1991,894000
Papua New Guinea,1992,888200
Papua New Guinea,1993,888200
Papua New Guinea,1994,870800
Papua New Guinea,1995,876700
Papua New Guinea,1996,876700
Papua New Guinea,1997,899900
Papua New Guinea,1998,865100
Papua New Guinea,1999,865100
Papua New Guinea,2000,1037000
Papua New Guinea,2001,1231000
Papua New Guinea,2002,1309000
Papua New Guinea,2003,1489000
Papua New Guinea,2004,1729000
Papua New Guinea,2005,1658000
Papua New Guinea,2006,1678000
Papua New Guinea,2007,1803000
Papua New Guinea,2008,1557000
Papua New Guinea,2009,1794000
Papua New Guinea,2010,1560000
Papua New Guinea,2011,1655000
Papua New Guinea,2012,1562000
Papua New Guinea,2013,1590000
Papua New Guinea,2014,1712000
Papua New Guinea,2015,2029000
Papua New Guinea,2016,2216000
Papua New Guinea,2017,2198000
Papua New Guinea,2018,2172000
Papua New Guinea,2019,2217000
Paraguay,1980,574900
Paraguay,1981,528400
Paraguay,1982,522600
Paraguay,1983,551700
Paraguay,1984,580700
Paraguay,1985,638800
Paraguay,1986,633000
Paraguay,1987,795600
Paraguay,1988,749100
Paraguay,1989,969800
Paraguay,1990,929100
Paraguay,1991,853600
Paraguay,1992,969800
Paraguay,1993,1028000
Paraguay,1994,1179000
Paraguay,1995,1307000
Paraguay,1996,1120000
Paraguay,1997,1196000
Paraguay,1998,1382000
Paraguay,1999,1641000
Paraguay,2000,1335000
Paraguay,2001,1374000
Paraguay,2002,1454000
Paraguay,2003,1510000
Paraguay,2004,1515000
Paraguay,2005,1408000
Paraguay,2006,1522000
Paraguay,2007,1588000
Paraguay,2008,1641000
Paraguay,2009,1703000
Paraguay,2010,1931000
Paraguay,2011,1964000
Paraguay,2012,2078000
Paraguay,2013,2058000
Paraguay,2014,2160000
Paraguay,2015,2671000
Paraguay,2016,3136000
Paraguay,2017,3176000
Paraguay,2018,3356000
Paraguay,2019,3302000
Peru,1980,7723000
Peru,1981,7956000
Peru,1982,7898000
Peru,1983,7201000
Peru,1984,7375000
Peru,1985,7259000
Peru,1986,7886000
Peru,1987,8031000
Peru,1988,8188000
Peru,1989,7044000
Peru,1990,7073000
Peru,1991,6574000
Peru,1992,6928000
Peru,1993,7294000
Peru,1994,7636000
Peru,1995,8252000
Peru,1996,8966000
Peru,1997,9117000
Peru,1998,9216000
Peru,1999,9715000
Peru,2000,9642000
Peru,2001,9002000
Peru,2002,8976000
Peru,2003,8864000
Peru,2004,9867000
Peru,2005,9742000
Peru,2006,9722000
Peru,2007,9360000
Peru,2008,11040000
Peru,2009,11450000
Peru,2010,11840000
Peru,2011,12530000
Peru,2012,13130000
Peru,2013,13270000
Peru,2014,13010000
Peru,2015,13590000
Peru,2016,14290000
Peru,2017,14350000
Peru,2018,14870000
Peru,2019,15420000
Philippines,1980,13070000
Philippines,1981,12310000
Philippines,1982,12140000
Philippines,1983,11320000
Philippines,1984,9698000
Philippines,1985,8827000
Philippines,1986,9192000
Philippines,1987,10990000
Philippines,1988,11390000
Philippines,1989,13390000
Philippines,1990,13640000
Philippines,1991,13650000
Philippines,1992,15080000
Philippines,1993,16550000
Philippines,1994,17600000
Philippines,1995,18990000
Philippines,1996,20090000
Philippines,1997,21150000
Philippines,1998,22180000
Philippines,1999,21490000
Philippines,2000,20560000
Philippines,2001,20200000
Philippines,2002,19410000
Philippines,2003,19260000
Philippines,2004,19420000
Philippines,2005,18170000
Philippines,2006,17380000
Philippines,2007,17770000
Philippines,2008,18060000
Philippines,2009,16990000
Philippines,2010,18330000
Philippines,2011,17450000
Philippines,2012,18180000
Philippines,2013,18970000
Philippines,2014,20220000
Philippines,2015,21950000
Philippines,2016,23630000
Philippines,2017,25750000
Philippines,2018,26640000
Philippines,2019,30620000
Poland,1980,22460000
Poland,1981,20090000
Poland,1982,18470000
Poland,1983,18870000
Poland,1984,18260000
Poland,1985,18400000
Poland,1986,19200000
Poland,1987,19750000
Poland,1988,19750000
Poland,1989,19760000
Poland,1990,16270000
Poland,1991,15760000
Poland,1992,16190000
Poland,1993,17040000
Poland,1994,17670000
Poland,1995,18450000
Poland,1996,20990000
Poland,1997,22720000
Poland,1998,23450000
Poland,1999,24400000
Poland,2000,23880000
Poland,2001,23500000
Poland,2002,23600000
Poland,2003,25010000
Poland,2004,26370000
Poland,2005,27350000
Poland,2006,29170000
Poland,2007,30410000
Poland,2008,31330000
Poland,2009,31570000
Poland,2010,32960000
Poland,2011,32440000
Poland,2012,30970000
Poland,2013,29320000
Poland,2014,29290000
Poland,2015,31400000
Poland,2016,33810000
Poland,2017,38200000
Poland,2018,39480000
Poland,2019,40520000
Poland,2020,38470000
Portugal,1980,8960000
Portugal,1981,8130000
Portugal,1982,10680000
Portugal,1983,10740000
Portugal,1984,11070000
Portugal,1985,10440000
Portugal,1986,11390000
Portugal,1987,11160000
Portugal,1988,11840000
Portugal,1989,14470000
Portugal,1990,14580000
Portugal,1991,14640000
Portugal,1992,16200000
Portugal,1993,15420000
Portugal,1994,15730000
Portugal,1995,16860000
Portugal,1996,16290000
Portugal,1997,17320000
Portugal,1998,18930000
Portugal,1999,19560000
Portugal,2000,19320000
Portugal,2001,19390000
Portugal,2002,19930000
Portugal,2003,18930000
Portugal,2004,19040000
Portugal,2005,19560000
Portugal,2006,17580000
Portugal,2007,17890000
Portugal,2008,16990000
Portugal,2009,16030000
Portugal,2010,15890000
Portugal,2011,14890000
Portugal,2012,13370000
Portugal,2013,13600000
Portugal,2014,13560000
Portugal,2015,13780000
Portugal,2016,13770000
Portugal,2017,14050000
Portugal,2018,13450000
Portugal,2019,14470000
Portugal,2020,11770000
Puerto Rico,1980,6155000
Puerto Rico,1981,6155000
Puerto Rico,1982,6155000
Puerto Rico,1983,6155000
Puerto Rico,1984,6155000
Puerto Rico,1985,6155000
Puerto Rico,1986,6155000
Puerto Rico,1987,6155000
Puerto Rico,1988,6155000
Puerto Rico,1989,6155000
Puerto Rico,1990,6155000
Puerto Rico,1991,6155000
Puerto Rico,1992,6155000
Puerto Rico,1993,6155000
Puerto Rico,1994,6155000
Puerto Rico,1995,6155000
Puerto Rico,1996,6155000
Puerto Rico,1997,6155000
Puerto Rico,1998,6155000
Puerto Rico,1999,6155000
Puerto Rico,2000,11690000
Puerto Rico,2001,12420000
Puerto Rico,2002,12310000
Puerto Rico,2003,12650000
Puerto Rico,2004,12940000
Puerto Rico,2005,12500000
Puerto Rico,2006,10840000
Puerto Rico,2007,10470000
Puerto Rico,2008,9669000
Puerto Rico,2009,9037000
Puerto Rico,2010,7336000
Puerto Rico,2011,8277000
Puerto Rico,2012,8189000
Puerto Rico,2013,6751000
Puerto Rico,2014,6255000
Puerto Rico,2015,6313000
Puerto Rico,2016,5618000
Puerto Rico,2017,6229000
Puerto Rico,2018,5829000
Puerto Rico,2019,4588000
Qatar,1980,987200
Qatar,1981,1045000
Qatar,1982,1219000
Qatar,1983,1278000
Qatar,1984,1394000
Qatar,1985,1452000
Qatar,1986,1607000
Qatar,1987,1678000
Qatar,1988,1565000
Qatar,1989,1606000
Qatar,1990,1607000
Qatar,1991,1626000
Qatar,1992,1742000
Qatar,1993,1829000
Qatar,1994,1881000
Qatar,1995,2003000
Qatar,1996,2311000
Qatar,1997,2341000
Qatar,1998,2410000
Qatar,1999,3438000
Qatar,2000,2941000
Qatar,2001,3682000
Qatar,2002,5347000
Qatar,2003,5122000
Qatar,2004,4737000
Qatar,2005,5576000
Qatar,2006,7078000
Qatar,2007,8067000
Qatar,2008,10010000
Qatar,2009,10730000
Qatar,2010,11420000
Qatar,2011,10790000
Qatar,2012,13240000
Qatar,2013,12590000
Qatar,2014,13930000
Qatar,2015,13560000
Qatar,2016,13510000
Qatar,2017,15440000
Qatar,2018,15540000
Qatar,2019,17060000
Reunion,1980,249700
Reunion,1981,249700
Reunion,1982,272900
Reunion,1983,313600
Reunion,1984,348400
Reunion,1985,342600
Reunion,1986,331300
Reunion,1987,372000
Reunion,1988,436400
Reunion,1989,464600
Reunion,1990,496300
Reunion,1991,577700
Reunion,1992,603900
Reunion,1993,754900
Reunion,1994,783900
Reunion,1995,772300
Reunion,1996,772300
Reunion,1997,772300
Reunion,1998,993000
Reunion,1999,993000
Reunion,2000,864900
Reunion,2001,864700
Reunion,2002,887600
Reunion,2003,901600
Reunion,2004,998900
Reunion,2005,952000
Reunion,2006,887300
Reunion,2007,844400
Reunion,2008,944000
Reunion,2009,984400
Reunion,2010,1079000
Reunion,2011,1048000
Reunion,2012,966100
Reunion,2013,928200
Reunion,2014,974400
Reunion,2015,1034000
Reunion,2016,1065000
Reunion,2017,1079000
Reunion,2018,1079000
Reunion,2019,1079000
Romania,1980,21720000
Romania,1981,20030000
Romania,1982,19740000
Romania,1983,18580000
Romania,1984,17830000
Romania,1985,18580000
Romania,1986,18680000
Romania,1987,19730000
Romania,1988,19150000
Romania,1989,20030000
Romania,1990,22220000
Romania,1991,16110000
Romania,1992,14510000
Romania,1993,14410000
Romania,1994,12810000
Romania,1995,14170000
Romania,1996,14890000
Romania,1997,15680000
Romania,1998,14490000
Romania,1999,12180000
Romania,2000,12340000
Romania,2001,13560000
Romania,2002,13140000
Romania,2003,12750000
Romania,2004,13010000
Romania,2005,13040000
Romania,2006,12640000
Romania,2007,12940000
Romania,2008,12530000
Romania,2009,11200000
Romania,2010,11130000
Romania,2011,10750000
Romania,2012,11010000
Romania,2013,10680000
Romania,2014,10720000
Romania,2015,11040000
Romania,2016,11510000
Romania,2017,12190000
Romania,2018,12090000
Romania,2019,12910000
Russia,1992,256900000
Russia,1993,190000000
Russia,1994,154500000
Russia,1995,161600000
Russia,1996,156500000
Russia,1997,150600000
Russia,1998,143000000
Russia,1999,147300000
Russia,2000,148900000
Russia,2001,151100000
Russia,2002,149600000
Russia,2003,150400000
Russia,2004,150000000
Russia,2005,152100000
Russia,2006,158300000
Russia,2007,157400000
Russia,2008,165300000
Russia,2009,159600000
Russia,2010,172200000
Russia,2011,181800000
Russia,2012,184600000
Russia,2013,194300000
Russia,2014,209500000
Russia,2015,212500000
Russia,2016,207700000
Russia,2017,199000000
Russia,2018,201100000
Russia,2019,214800000
Russia,2020,196000000
Rwanda,1980,63880
Rwanda,1981,145200
Rwanda,1982,139400
Rwanda,1983,156800
Rwanda,1984,255500
Rwanda,1985,261300
Rwanda,1986,264500
Rwanda,1987,260800
Rwanda,1988,261300
Rwanda,1989,266600
Rwanda,1990,284500
Rwanda,1991,290400
Rwanda,1992,290400
Rwanda,1993,267100
Rwanda,1994,272900
Rwanda,1995,278700
Rwanda,1996,278700
Rwanda,1997,278700
Rwanda,1998,278700
Rwanda,1999,278700
Rwanda,2000,243300
Rwanda,2001,243000
Rwanda,2002,248300
Rwanda,2003,242000
Rwanda,2004,241100
Rwanda,2005,242000
Rwanda,2006,244400
Rwanda,2007,246700
Rwanda,2008,252200
Rwanda,2009,261400
Rwanda,2010,290400
Rwanda,2011,319800
Rwanda,2012,352800
Rwanda,2013,374100
Rwanda,2014,381000
Rwanda,2015,407400
Rwanda,2016,412800
Rwanda,2017,415400
Rwanda,2018,447800
Rwanda,2019,482000
Saint Helena,1980,1262
Saint Helena,1981,1161
Saint Helena,1982,1161
Saint Helena,1983,1161
Saint Helena,1984,1161
Saint Helena,1985,1187
Saint Helena,1986,1186
Saint Helena,1987,2448
Saint Helena,1988,2441
Saint Helena,1989,2448
Saint Helena,1990,2448
Saint Helena,1991,1186
Saint Helena,1992,1183
Saint Helena,1993,1186
Saint Helena,1994,1186
Saint Helena,1995,1186
Saint Helena,1996,1183
Saint Helena,1997,1186
Saint Helena,1998,1186
Saint Helena,1999,1187
Saint Helena,2000,4947
Saint Helena,2001,4928
Saint Helena,2002,5144
Saint Helena,2003,5071
Saint Helena,2004,3286
Saint Helena,2005,4155
Saint Helena,2006,3804
Saint Helena,2007,4809
Saint Helena,2008,3896
Saint Helena,2009,3666
Saint Helena,2010,4171
Saint Helena,2011,4065
Saint Helena,2012,4490
Saint Helena,2013,4315
Saint Helena,2014,4097
Saint Helena,2015,3781
Saint Helena,2016,3798
Saint Helena,2017,4036
Saint Helena,2018,3798
Saint Helena,2019,5104
Saint Kitts and Nevis,1980,23230
Saint Kitts and Nevis,1981,23230
Saint Kitts and Nevis,1982,23230
Saint Kitts and Nevis,1983,23230
Saint Kitts and Nevis,1984,23230
Saint Kitts and Nevis,1985,23230
Saint Kitts and Nevis,1986,19880
Saint Kitts and Nevis,1987,19880
Saint Kitts and Nevis,1988,21100
Saint Kitts and Nevis,1989,21110
Saint Kitts and Nevis,1990,21110
Saint Kitts and Nevis,1991,28150
Saint Kitts and Nevis,1992,28130
Saint Kitts and Nevis,1993,34840
Saint Kitts and Nevis,1994,40650
Saint Kitts and Nevis,1995,34840
Saint Kitts and Nevis,1996,40650
Saint Kitts and Nevis,1997,40650
Saint Kitts and Nevis,1998,40650
Saint Kitts and Nevis,1999,40650
Saint Kitts and Nevis,2000,74940
Saint Kitts and Nevis,2001,78350
Saint Kitts and Nevis,2002,84590
Saint Kitts and Nevis,2003,84770
Saint Kitts and Nevis,2004,93730
Saint Kitts and Nevis,2005,85600
Saint Kitts and Nevis,2006,88500
Saint Kitts and Nevis,2007,93370
Saint Kitts and Nevis,2008,93040
Saint Kitts and Nevis,2009,95230
Saint Kitts and Nevis,2010,95890
Saint Kitts and Nevis,2011,99000
Saint Kitts and Nevis,2012,97590
Saint Kitts and Nevis,2013,97360
Saint Kitts and Nevis,2014,98630
Saint Kitts and Nevis,2015,101200
Saint Kitts and Nevis,2016,104000
Saint Kitts and Nevis,2017,104600
Saint Kitts and Nevis,2018,105700
Saint Kitts and Nevis,2019,105700
Saint Lucia,1980,46460
Saint Lucia,1981,34840
Saint Lucia,1982,46460
Saint Lucia,1983,40650
Saint Lucia,1984,40650
Saint Lucia,1985,52260
Saint Lucia,1986,52440
Saint Lucia,1987,56890
Saint Lucia,1988,72080
Saint Lucia,1989,72100
Saint Lucia,1990,72100
Saint Lucia,1991,72100
Saint Lucia,1992,72080
Saint Lucia,1993,72100
Saint Lucia,1994,85560
Saint Lucia,1995,85560
Saint Lucia,1996,85530
Saint Lucia,1997,85560
Saint Lucia,1998,85560
Saint Lucia,1999,85560
Saint Lucia,2000,145500
Saint Lucia,2001,160000
Saint Lucia,2002,142400
Saint Lucia,2003,159600
Saint Lucia,2004,157100
Saint Lucia,2005,162000
Saint Lucia,2006,163100
Saint Lucia,2007,168400
Saint Lucia,2008,172500
Saint Lucia,2009,169200
Saint Lucia,2010,176600
Saint Lucia,2011,179100
Saint Lucia,2012,177800
Saint Lucia,2013,177900
Saint Lucia,2014,179800
Saint Lucia,2015,180700
Saint Lucia,2016,182600
Saint Lucia,2017,197100
Saint Lucia,2018,181500
Saint Lucia,2019,263700
Saint Pierre and Miquelon,1980,58070
Saint Pierre and Miquelon,1981,58070
Saint Pierre and Miquelon,1982,52260
Saint Pierre and Miquelon,1983,58070
Saint Pierre and Miquelon,1984,58070
Saint Pierre and Miquelon,1985,52260
Saint Pierre and Miquelon,1986,64340
Saint Pierre and Miquelon,1987,81760
Saint Pierre and Miquelon,1988,81900
Saint Pierre and Miquelon,1989,99320
Saint Pierre and Miquelon,1990,93410
Saint Pierre and Miquelon,1991,87700
Saint Pierre and Miquelon,1992,81300
Saint Pierre and Miquelon,1993,46460
Saint Pierre and Miquelon,1994,47420
Saint Pierre and Miquelon,1995,30000
Saint Pierre and Miquelon,1996,30000
Saint Pierre and Miquelon,1997,17420
Saint Pierre and Miquelon,1998,23230
Saint Pierre and Miquelon,1999,23230
Saint Pierre and Miquelon,2000,26550
Saint Pierre and Miquelon,2001,26620
Saint Pierre and Miquelon,2002,29000
Saint Pierre and Miquelon,2003,32730
Saint Pierre and Miquelon,2004,31450
Saint Pierre and Miquelon,2005,32730
Saint Pierre and Miquelon,2006,32730
Saint Pierre and Miquelon,2007,33910
Saint Pierre and Miquelon,2008,33820
Saint Pierre and Miquelon,2009,33910
Saint Pierre and Miquelon,2010,35100
Saint Pierre and Miquelon,2011,35340
Saint Pierre and Miquelon,2012,34770
Saint Pierre and Miquelon,2013,35690
Saint Pierre and Miquelon,2014,37740
Saint Pierre and Miquelon,2015,37740
Saint Pierre and Miquelon,2016,38330
Saint Pierre and Miquelon,2017,37740
Saint Pierre and Miquelon,2018,40890
Saint Pierre and Miquelon,2019,35350
Saint Vincent and the Grenadines,1980,17420
Saint Vincent and the Grenadines,1981,17420
Saint Vincent and the Grenadines,1982,17420
Saint Vincent and the Grenadines,1983,17420
Saint Vincent and the Grenadines,1984,17420
Saint Vincent and the Grenadines,1985,17420
Saint Vincent and the Grenadines,1986,14690
Saint Vincent and the Grenadines,1987,14690
Saint Vincent and the Grenadines,1988,17320
Saint Vincent and the Grenadines,1989,28150
Saint Vincent and the Grenadines,1990,29560
Saint Vincent and the Grenadines,1991,28150
Saint Vincent and the Grenadines,1992,33940
Saint Vincent and the Grenadines,1993,28150
Saint Vincent and the Grenadines,1994,51210
Saint Vincent and the Grenadines,1995,57020
Saint Vincent and the Grenadines,1996,51180
Saint Vincent and the Grenadines,1997,60260
Saint Vincent and the Grenadines,1998,65830
Saint Vincent and the Grenadines,1999,65830
Saint Vincent and the Grenadines,2000,62550
Saint Vincent and the Grenadines,2001,74550
Saint Vincent and the Grenadines,2002,81100
Saint Vincent and the Grenadines,2003,84230
Saint Vincent and the Grenadines,2004,91850
Saint Vincent and the Grenadines,2005,92720
Saint Vincent and the Grenadines,2006,92840
Saint Vincent and the Grenadines,2007,94910
Saint Vincent and the Grenadines,2008,93880
Saint Vincent and the Grenadines,2009,130300
Saint Vincent and the Grenadines,2010,93880
Saint Vincent and the Grenadines,2011,86970
Saint Vincent and the Grenadines,2012,106400
Saint Vincent and the Grenadines,2013,87620
Saint Vincent and the Grenadines,2014,93130
Saint Vincent and the Grenadines,2015,94140
Saint Vincent and the Grenadines,2016,94020
Saint Vincent and the Grenadines,2017,109600
Saint Vincent and the Grenadines,2018,98600
Saint Vincent and the Grenadines,2019,85570
Samoa,1980,40650
Samoa,1981,40650
Samoa,1982,46460
Samoa,1983,46460
Samoa,1984,58070
Samoa,1985,46460
Samoa,1986,40650
Samoa,1987,40650
Samoa,1988,40650
Samoa,1989,52260
Samoa,1990,52260
Samoa,1991,52260
Samoa,1992,46460
Samoa,1993,52260
Samoa,1994,52260
Samoa,1995,52260
Samoa,1996,52260
Samoa,1997,52260
Samoa,1998,52260
Samoa,1999,52260
Samoa,2000,79960
Samoa,2001,82400
Samoa,2002,83910
Samoa,2003,87230
Samoa,2004,88460
Samoa,2005,89910
Samoa,2006,93210
Samoa,2007,100100
Samoa,2008,102600
Samoa,2009,108000
Samoa,2010,108100
Samoa,2011,109400
Samoa,2012,110100
Samoa,2013,108100
Samoa,2014,109800
Samoa,2015,129000
Samoa,2016,136300
Samoa,2017,135800
Samoa,2018,132800
Samoa,2019,144600
Sao Tome and Principe,1980,11610
Sao Tome and Principe,1981,11610
Sao Tome and Principe,1982,11610
Sao Tome and Principe,1983,11610
Sao Tome and Principe,1984,11610
Sao Tome and Principe,1985,11610
Sao Tome and Principe,1986,12840
Sao Tome and Principe,1987,12840
Sao Tome and Principe,1988,12840
Sao Tome and Principe,1989,12840
Sao Tome and Principe,1990,24460
Sao Tome and Principe,1991,25870
Sao Tome and Principe,1992,25870
Sao Tome and Principe,1993,25870
Sao Tome and Principe,1994,31680
Sao Tome and Principe,1995,31680
Sao Tome and Principe,1996,31670
Sao Tome and Principe,1997,31680
Sao Tome and Principe,1998,31680
Sao Tome and Principe,1999,31680
Sao Tome and Principe,2000,25200
Sao Tome and Principe,2001,24950
Sao Tome and Principe,2002,27880
Sao Tome and Principe,2003,31030
Sao Tome and Principe,2004,35600
Sao Tome and Principe,2005,38330
Sao Tome and Principe,2006,39840
Sao Tome and Principe,2007,40950
Sao Tome and Principe,2008,44900
Sao Tome and Principe,2009,48210
Sao Tome and Principe,2010,52590
Sao Tome and Principe,2011,54210
Sao Tome and Principe,2012,57220
Sao Tome and Principe,2013,57380
Sao Tome and Principe,2014,57380
Sao Tome and Principe,2015,59660
Sao Tome and Principe,2016,62020
Sao Tome and Principe,2017,63030
Sao Tome and Principe,2018,62050
Sao Tome and Principe,2019,67780
Saudi Arabia,1980,35420000
Saudi Arabia,1981,38910000
Saudi Arabia,1982,41810000
Saudi Arabia,1983,45880000
Saudi Arabia,1984,49360000
Saudi Arabia,1985,54530000
Saudi Arabia,1986,56560000
Saudi Arabia,1987,56620000
Saudi Arabia,1988,57480000
Saudi Arabia,1989,55170000
Saudi Arabia,1990,64350000
Saudi Arabia,1991,67300000
Saudi Arabia,1992,71360000
Saudi Arabia,1993,73170000
Saudi Arabia,1994,74220000
Saudi Arabia,1995,72840000
Saudi Arabia,1996,77390000
Saudi Arabia,1997,80290000
Saudi Arabia,1998,83530000
Saudi Arabia,1999,87120000
Saudi Arabia,2000,91110000
Saudi Arabia,2001,93340000
Saudi Arabia,2002,96220000
Saudi Arabia,2003,98720000
Saudi Arabia,2004,107500000
Saudi Arabia,2005,112500000
Saudi Arabia,2006,117900000
Saudi Arabia,2007,122900000
Saudi Arabia,2008,131400000
Saudi Arabia,2009,143600000
Saudi Arabia,2010,155400000
Saudi Arabia,2011,161700000
Saudi Arabia,2012,173000000
Saudi Arabia,2013,172100000
Saudi Arabia,2014,185200000
Saudi Arabia,2015,189200000
Saudi Arabia,2016,181100000
Saudi Arabia,2017,191900000
Saudi Arabia,2018,178800000
Saudi Arabia,2019,184800000
Senegal,1980,987200
Senegal,1981,987200
Senegal,1982,987200
Senegal,1983,929100
Senegal,1984,1161000
Senegal,1985,1103000
Senegal,1986,1132000
Senegal,1987,1115000
Senegal,1988,946500
Senegal,1989,981400
Senegal,1990,987200
Senegal,1991,911700
Senegal,1992,1103000
Senegal,1993,1138000
Senegal,1994,1359000
Senegal,1995,1469000
Senegal,1996,1469000
Senegal,1997,1365000
Senegal,1998,1463000
Senegal,1999,1614000
Senegal,2000,1835000
Senegal,2001,2008000
Senegal,2002,1956000
Senegal,2003,1935000
Senegal,2004,2069000
Senegal,2005,2148000
Senegal,2006,2104000
Senegal,2007,2217000
Senegal,2008,2282000
Senegal,2009,2113000
Senegal,2010,2203000
Senegal,2011,2308000
Senegal,2012,2237000
Senegal,2013,2311000
Senegal,2014,2518000
Senegal,2015,2782000
Senegal,2016,2845000
Senegal,2017,2966000
Senegal,2018,3026000
Senegal,2019,3340000
Serbia,2006,5225000
Serbia,2007,5324000
Serbia,2008,5005000
Serbia,2009,4851000
Serbia,2010,4694000
Serbia,2011,4675000
Serbia,2012,4101000
Serbia,2013,4281000
Serbia,2014,4075000
Serbia,2015,4224000
Serbia,2016,4297000
Serbia,2017,4291000
Serbia,2018,4208000
Serbia,2019,4600000
Seychelles,1980,87100
Seychelles,1981,69680
Seychelles,1982,63880
Seychelles,1983,110300
Seychelles,1984,116100
Seychelles,1985,121900
Seychelles,1986,115800
Seychelles,1987,122400
Seychelles,1988,181600
Seychelles,1989,188900
Seychelles,1990,169500
Seychelles,1991,191900
Seychelles,1992,190600
Seychelles,1993,196400
Seychelles,1994,196400
Seychelles,1995,203500
Seychelles,1996,203500
Seychelles,1997,216000
Seychelles,1998,216000
Seychelles,1999,216000
Seychelles,2000,349600
Seychelles,2001,376900
Seychelles,2002,329800
Seychelles,2003,326700
Seychelles,2004,459300
Seychelles,2005,415500
Seychelles,2006,440800
Seychelles,2007,364300
Seychelles,2008,396400
Seychelles,2009,430200
Seychelles,2010,391000
Seychelles,2011,333700
Seychelles,2012,383100
Seychelles,2013,346000
Seychelles,2014,404900
Seychelles,2015,419600
Seychelles,2016,467400
Seychelles,2017,488600
Seychelles,2018,433700
Seychelles,2019,435400
Sierra Leone,1980,290400
Sierra Leone,1981,290400
Sierra Leone,1982,313600
Sierra Leone,1983,290400
Sierra Leone,1984,290400
Sierra Leone,1985,319400
Sierra Leone,1986,337200
Sierra Leone,1987,366300
Sierra Leone,1988,406900
Sierra Leone,1989,389500
Sierra Leone,1990,395300
Sierra Leone,1991,418600
Sierra Leone,1992,302300
Sierra Leone,1993,302300
Sierra Leone,1994,313600
Sierra Leone,1995,331300
Sierra Leone,1996,325500
Sierra Leone,1997,343000
Sierra Leone,1998,343000
Sierra Leone,1999,343000
Sierra Leone,2000,176100
Sierra Leone,2001,221200
Sierra Leone,2002,221400
Sierra Leone,2003,228500
Sierra Leone,2004,227400
Sierra Leone,2005,208300
Sierra Leone,2006,254400
Sierra Leone,2007,237000
Sierra Leone,2008,231400
Sierra Leone,2009,234300
Sierra Leone,2010,250200
Sierra Leone,2011,317700
Sierra Leone,2012,363400
Sierra Leone,2013,431900
Sierra Leone,2014,472200
Sierra Leone,2015,379100
Sierra Leone,2016,388000
Sierra Leone,2017,383100
Sierra Leone,2018,379500
Sierra Leone,2019,345500
Singapore,1980,11730000
Singapore,1981,12430000
Singapore,1982,12890000
Singapore,1983,12780000
Singapore,1984,13650000
Singapore,1985,13180000
Singapore,1986,14950000
Singapore,1987,16550000
Singapore,1988,17570000
Singapore,1989,19120000
Singapore,1990,21090000
Singapore,1991,21870000
Singapore,1992,23980000
Singapore,1993,25890000
Singapore,1994,29730000
Singapore,1995,28570000
Singapore,1996,34010000
Singapore,1997,36620000
Singapore,1998,38800000
Singapore,1999,41230000
Singapore,2000,41700000
Singapore,2001,44420000
Singapore,2002,44060000
Singapore,2003,44940000
Singapore,2004,47740000
Singapore,2005,49730000
Singapore,2006,54230000
Singapore,2007,57490000
Singapore,2008,58560000
Singapore,2009,59710000
Singapore,2010,68030000
Singapore,2011,73500000
Singapore,2012,72700000
Singapore,2013,72540000
Singapore,2014,71750000
Singapore,2015,73570000
Singapore,2016,78510000
Singapore,2017,83880000
Singapore,2018,86110000
Singapore,2019,84080000
Slovakia,1993,3745000
Slovakia,1994,3793000
Slovakia,1995,3754000
Slovakia,1996,3959000
Slovakia,1997,4280000
Slovakia,1998,4330000
Slovakia,1999,4054000
Slovakia,2000,3877000
Slovakia,2001,4162000
Slovakia,2002,4650000
Slovakia,2003,4352000
Slovakia,2004,4330000
Slovakia,2005,4597000
Slovakia,2006,4594000
Slovakia,2007,4837000
Slovakia,2008,4970000
Slovakia,2009,4677000
Slovakia,2010,4855000
Slovakia,2011,4818000
Slovakia,2012,4417000
Slovakia,2013,4485000
Slovakia,2014,4258000
Slovakia,2015,4607000
Slovakia,2016,4743000
Slovakia,2017,5243000
Slovakia,2018,5317000
Slovakia,2019,4948000
Slovakia,2020,4645000
Slovenia,1992,1929000
Slovenia,1993,2322000
Slovenia,1994,2510000
Slovenia,1995,2764000
Slovenia,1996,3241000
Slovenia,1997,3183000
Slovenia,1998,3027000
Slovenia,1999,3046000
Slovenia,2000,2913000
Slovenia,2001,3023000
Slovenia,2002,2935000
Slovenia,2003,2977000
Slovenia,2004,3045000
Slovenia,2005,3117000
Slovenia,2006,3222000
Slovenia,2007,3210000
Slovenia,2008,3720000
Slovenia,2009,3184000
Slovenia,2010,3221000
Slovenia,2011,3194000
Slovenia,2012,3140000
Slovenia,2013,2984000
Slovenia,2014,2925000
Slovenia,2015,2869000
Slovenia,2016,3038000
Slovenia,2017,3121000
Slovenia,2018,3298000
Slovenia,2019,3191000
Slovenia,2020,2563000
Solomon Islands,1980,40650
Solomon Islands,1981,58070
Solomon Islands,1982,52260
Solomon Islands,1983,58070
Solomon Islands,1984,58070
Solomon Islands,1985,52260
Solomon Islands,1986,47690
Solomon Islands,1987,55630
Solomon Islands,1988,67400
Solomon Islands,1989,67430
Solomon Islands,1990,67430
Solomon Islands,1991,67430
Solomon Islands,1992,67400
Solomon Islands,1993,67430
Solomon Islands,1994,67430
Solomon Islands,1995,67430
Solomon Islands,1996,67400
Solomon Islands,1997,67430
Solomon Islands,1998,67430
Solomon Islands,1999,67430
Solomon Islands,2000,99910
Solomon Islands,2001,104600
Solomon Islands,2002,108100
Solomon Islands,2003,113000
Solomon Islands,2004,120200
Solomon Islands,2005,123200
Solomon Islands,2006,127600
Solomon Islands,2007,135800
Solomon Islands,2008,137700
Solomon Islands,2009,142400
Solomon Islands,2010,147100
Solomon Islands,2011,152100
Solomon Islands,2012,152500
Solomon Islands,2013,152200
Solomon Islands,2014,143300
Solomon Islands,2015,130600
Solomon Islands,2016,124200
Solomon Islands,2017,124900
Solomon Islands,2018,131000
Solomon Islands,2019,129000
Somalia,1980,458800
Somalia,1981,534200
Somalia,1982,528400
Somalia,1983,516800
Somalia,1984,534200
Somalia,1985,528400
Somalia,1986,563900
Somalia,1987,418500
Somalia,1988,418500
Somalia,1989,430100
Somalia,1990,389400
Somalia,1991,233000
Somalia,1992,215000
Somalia,1993,226700
Somalia,1994,226700
Somalia,1995,226700
Somalia,1996,226700
Somalia,1997,226700
Somalia,1998,226700
Somalia,1999,226700
Somalia,2000,280100
Somalia,2001,288300
Somalia,2002,311500
Somalia,2003,311500
Somalia,2004,310800
Somalia,2005,314600
Somalia,2006,316900
Somalia,2007,320900
Somalia,2008,317200
Somalia,2009,315900
Somalia,2010,324600
Somalia,2011,324600
Somalia,2012,323700
Somalia,2013,324600
Somalia,2014,324600
Somalia,2015,336300
Somalia,2016,342200
Somalia,2017,340600
Somalia,2018,342200
Somalia,2019,341600
South Africa,1980,18120000
South Africa,1981,18810000
South Africa,1982,20270000
South Africa,1983,19630000
South Africa,1984,20910000
South Africa,1985,20320000
South Africa,1986,20340000
South Africa,1987,20030000
South Africa,1988,19840000
South Africa,1989,20260000
South Africa,1990,21780000
South Africa,1991,23370000
South Africa,1992,23890000
South Africa,1993,23320000
South Africa,1994,23780000
South Africa,1995,24480000
South Africa,1996,24830000
South Africa,1997,25530000
South Africa,1998,26190000
South Africa,1999,27000000
South Africa,2000,26590000
South Africa,2001,26610000
South Africa,2002,27610000
South Africa,2003,28470000
South Africa,2004,29260000
South Africa,2005,29390000
South Africa,2006,29090000
South Africa,2007,34060000
South Africa,2008,35660000
South Africa,2009,34140000
South Africa,2010,34400000
South Africa,2011,38380000
South Africa,2012,36200000
South Africa,2013,37190000
South Africa,2014,35460000
South Africa,2015,36820000
South Africa,2016,36350000
South Africa,2017,38270000
South Africa,2018,39140000
South Africa,2019,32210000
South Korea,1980,31210000
South Korea,1981,31130000
South Korea,1982,31010000
South Korea,1983,32580000
South Korea,1984,32180000
South Korea,1985,32000000
South Korea,1986,34360000
South Korea,1987,36390000
South Korea,1988,43310000
South Korea,1989,49940000
South Korea,1990,60870000
South Korea,1991,73360000
South Korea,1992,88660000
South Korea,1993,97800000
South Korea,1994,106800000
South Korea,1995,116600000
South Korea,1996,122000000
South Korea,1997,130900000
South Korea,1998,111300000
South Korea,1999,121000000
South Korea,2000,124000000
South Korea,2001,123800000
South Korea,2002,124800000
South Korea,2003,126300000
South Korea,2004,125100000
South Korea,2005,127300000
South Korea,2006,126600000
South Korea,2007,130100000
South Korea,2008,124400000
South Korea,2009,127100000
South Korea,2010,131700000
South Korea,2011,131200000
South Korea,2012,134800000
South Korea,2013,135200000
South Korea,2014,136300000
South Korea,2015,143600000
South Korea,2016,151300000
South Korea,2017,152700000
South Korea,2018,149000000
South Korea,2019,150900000
South Korea,2020,141500000
South Sudan,2012,563800
South Sudan,2013,596800
South Sudan,2014,617400
South Sudan,2015,758400
South Sudan,2016,731200
South Sudan,2017,641000
South Sudan,2018,659100
South Sudan,2019,750300
Spain,1980,57500000
Spain,1981,54640000
Spain,1982,58240000
Spain,1983,58710000
Spain,1984,49460000
Spain,1985,49800000
Spain,1986,50300000
Spain,1987,51980000
Spain,1988,57060000
Spain,1989,56970000
Spain,1990,58810000
Spain,1991,62440000
Spain,1992,64330000
Spain,1993,61520000
Spain,1994,65490000
Spain,1995,69000000
Spain,1996,69720000
Spain,1997,73620000
Spain,1998,78750000
Spain,1999,81080000
Spain,2000,83240000
Spain,2001,86670000
Spain,2002,87370000
Spain,2003,89580000
Spain,2004,91250000
Spain,2005,93330000
Spain,2006,92230000
Spain,2007,93560000
Spain,2008,89830000
Spain,2009,85220000
Spain,2010,83680000
Spain,2011,80440000
Spain,2012,75540000
Spain,2013,70160000
Spain,2014,69670000
Spain,2015,72390000
Spain,2016,74910000
Spain,2017,75340000
Spain,2018,77350000
Spain,2019,77110000
Spain,2020,63200000
Sri Lanka,1980,1974000
Sri Lanka,1981,1974000
Sri Lanka,1982,2032000
Sri Lanka,1983,2091000
Sri Lanka,1984,2265000
Sri Lanka,1985,1916000
Sri Lanka,1986,1815000
Sri Lanka,1987,2108000
Sri Lanka,1988,1974000
Sri Lanka,1989,1841000
Sri Lanka,1990,2032000
Sri Lanka,1991,1980000
Sri Lanka,1992,2102000
Sri Lanka,1993,2392000
Sri Lanka,1994,2625000
Sri Lanka,1995,2758000
Sri Lanka,1996,3136000
Sri Lanka,1997,3525000
Sri Lanka,1998,3571000
Sri Lanka,1999,3804000
Sri Lanka,2000,4584000
Sri Lanka,2001,4473000
Sri Lanka,2002,4674000
Sri Lanka,2003,4661000
Sri Lanka,2004,4923000
Sri Lanka,2005,5099000
Sri Lanka,2006,5043000
Sri Lanka,2007,5145000
Sri Lanka,2008,5016000
Sri Lanka,2009,4802000
Sri Lanka,2010,5159000
Sri Lanka,2011,5905000
Sri Lanka,2012,6343000
Sri Lanka,2013,5544000
Sri Lanka,2014,6144000
Sri Lanka,2015,6272000
Sri Lanka,2016,7201000
Sri Lanka,2017,7337000
Sri Lanka,2018,7225000
Sri Lanka,2019,7611000
Sudan,1980,1278000
Sudan,1981,1336000
Sudan,1982,1452000
Sudan,1983,1394000
Sudan,1984,1278000
Sudan,1985,1452000
Sudan,1986,1626000
Sudan,1987,1562000
Sudan,1988,1713000
Sudan,1989,1655000
Sudan,1990,1481000
Sudan,1991,2120000
Sudan,1992,1928000
Sudan,1993,1818000
Sudan,1994,1632000
Sudan,1995,1533000
Sudan,1996,1533000
Sudan,1997,1580000
Sudan,1998,1585000
Sudan,1999,1701000
Sudan,2000,2629000
Sudan,2001,2804000
Sudan,2002,3402000
Sudan,2003,3583000
Sudan,2004,3988000
Sudan,2005,4654000
Sudan,2006,5594000
Sudan,2007,5930000
Sudan,2008,6467000
Sudan,2009,6564000
Sudan,2010,6815000
Sudan,2011,6440000
Sudan,2012,6190000
Sudan,2013,6147000
Sudan,2014,6207000
Sudan,2015,6861000
Sudan,2016,8072000
Sudan,2017,7956000
Sudan,2018,7839000
Sudan,2019,7998000
Suriname,1980,813000
Suriname,1981,696800
Suriname,1982,638800
Suriname,1983,464600
Suriname,1984,389100
Suriname,1985,499400
Suriname,1986,496300
Suriname,1987,413500
Suriname,1988,460000
Suriname,1989,500600
Suriname,1990,607600
Suriname,1991,567000
Suriname,1992,532100
Suriname,1993,554100
Suriname,1994,548300
Suriname,1995,565700
Suriname,1996,551700
Suriname,1997,575500
Suriname,1998,574000
Suriname,1999,574000
Suriname,2000,580200
Suriname,2001,565500
Suriname,2002,648400
Suriname,2003,558200
Suriname,2004,651200
Suriname,2005,655900
Suriname,2006,721900
Suriname,2007,664900
Suriname,2008,817100
Suriname,2009,841400
Suriname,2010,962400
Suriname,2011,776100
Suriname,2012,916300
Suriname,2013,856000
Suriname,2014,884500
Suriname,2015,855600
Suriname,2016,801800
Suriname,2017,863900
Suriname,2018,874200
Suriname,2019,916100
Sweden,1980,30590000
Sweden,1981,27350000
Sweden,1982,23340000
Sweden,1983,21200000
Sweden,1984,20110000
Sweden,1985,20740000
Sweden,1986,21550000
Sweden,1987,21160000
Sweden,1988,20330000
Sweden,1989,19480000
Sweden,1990,19490000
Sweden,1991,19750000
Sweden,1992,21540000
Sweden,1993,21190000
Sweden,1994,22660000
Sweden,1995,22550000
Sweden,1996,23990000
Sweden,1997,22880000
Sweden,1998,23300000
Sweden,1999,22780000
Sweden,2000,21000000
Sweden,2001,21410000
Sweden,2002,21670000
Sweden,2003,21500000
Sweden,2004,21390000
Sweden,2005,21050000
Sweden,2006,21080000
Sweden,2007,20770000
Sweden,2008,20390000
Sweden,2009,18840000
Sweden,2010,19910000
Sweden,2011,18700000
Sweden,2012,17900000
Sweden,2013,17810000
Sweden,2014,17590000
Sweden,2015,17510000
Sweden,2016,18410000
Sweden,2017,18700000
Sweden,2018,16890000
Sweden,2019,17170000
Sweden,2020,15450000
Switzerland,1980,17830000
Switzerland,1981,14580000
Switzerland,1982,13760000
Switzerland,1983,15040000
Switzerland,1984,14470000
Switzerland,1985,15740000
Switzerland,1986,15740000
Switzerland,1987,15310000
Switzerland,1988,15370000
Switzerland,1989,15180000
Switzerland,1990,15150000
Switzerland,1991,15940000
Switzerland,1992,16070000
Switzerland,1993,15280000
Switzerland,1994,15060000
Switzerland,1995,15270000
Switzerland,1996,15490000
Switzerland,1997,15400000
Switzerland,1998,15970000
Switzerland,1999,16130000
Switzerland,2000,15700000
Switzerland,2001,16050000
Switzerland,2002,15290000
Switzerland,2003,15440000
Switzerland,2004,15370000
Switzerland,2005,15480000
Switzerland,2006,15440000
Switzerland,2007,14780000
Switzerland,2008,15230000
Switzerland,2009,14840000
Switzerland,2010,15130000
Switzerland,2011,14050000
Switzerland,2012,14270000
Switzerland,2013,14560000
Switzerland,2014,13380000
Switzerland,2015,13170000
Switzerland,2016,13250000
Switzerland,2017,13050000
Switzerland,2018,12900000
Switzerland,2019,12770000
Switzerland,2020,10720000
Syria,1980,6388000
Syria,1981,6968000
Syria,1982,7026000
Syria,1983,8072000
Syria,1984,8943000
Syria,1985,9523000
Syria,1986,9564000
Syria,1987,10400000
Syria,1988,11110000
Syria,1989,11570000
Syria,1990,11860000
Syria,1991,10300000
Syria,1992,10640000
Syria,1993,12080000
Syria,1994,12980000
Syria,1995,13090000
Syria,1996,13380000
Syria,1997,13990000
Syria,1998,14340000
Syria,1999,14810000
Syria,2000,13790000
Syria,2001,14000000
Syria,2002,14310000
Syria,2003,13580000
Syria,2004,15350000
Syria,2005,19360000
Syria,2006,20440000
Syria,2007,21570000
Syria,2008,22070000
Syria,2009,19240000
Syria,2010,17860000
Syria,2011,16550000
Syria,2012,12330000
Syria,2013,8481000
Syria,2014,7377000
Syria,2015,7087000
Syria,2016,7203000
Syria,2017,7412000
Syria,2018,9331000
Syria,2019,8006000
Taiwan,1980,22070000
Taiwan,1981,19740000
Taiwan,1982,19160000
Taiwan,1983,19570000
Taiwan,1984,22300000
Taiwan,1985,21950000
Taiwan,1986,23480000
Taiwan,1987,24330000
Taiwan,1988,28010000
Taiwan,1989,30230000
Taiwan,1990,31390000
Taiwan,1991,31670000
Taiwan,1992,32350000
Taiwan,1993,35780000
Taiwan,1994,38260000
Taiwan,1995,42790000
Taiwan,1996,45280000
Taiwan,1997,45020000
Taiwan,1998,46920000
Taiwan,1999,49470000
Taiwan,2000,50390000
Taiwan,2001,52620000
Taiwan,2002,53330000
Taiwan,2003,55840000
Taiwan,2004,57120000
Taiwan,2005,57340000
Taiwan,2006,57860000
Taiwan,2007,60640000
Taiwan,2008,57150000
Taiwan,2009,56780000
Taiwan,2010,59250000
Taiwan,2011,54820000
Taiwan,2012,54310000
Taiwan,2013,54470000
Taiwan,2014,55010000
Taiwan,2015,56570000
Taiwan,2016,56820000
Taiwan,2017,55180000
Taiwan,2018,56370000
Taiwan,2019,57960000
Taiwan,2020,51890000
Tajikistan,1992,1132000
Tajikistan,1993,900100
Tajikistan,1994,696800
Tajikistan,1995,754900
Tajikistan,1996,876900
Tajikistan,1997,964000
Tajikistan,1998,1103000
Tajikistan,1999,1661000
Tajikistan,2000,228800
Tajikistan,2001,327300
Tajikistan,2002,383400
Tajikistan,2003,341700
Tajikistan,2004,404200
Tajikistan,2005,350200
Tajikistan,2006,436900
Tajikistan,2007,604800
Tajikistan,2008,629800
Tajikistan,2009,608900
Tajikistan,2010,642700
Tajikistan,2011,676900
Tajikistan,2012,914300
Tajikistan,2013,1066000
Tajikistan,2014,1313000
Tajikistan,2015,1282000
Tajikistan,2016,1380000
Tajikistan,2017,1221000
Tajikistan,2018,1290000
Tajikistan,2019,1523000
Tanzania,1980,754900
Tanzania,1981,929100
Tanzania,1982,871000
Tanzania,1983,754900
Tanzania,1984,871000
Tanzania,1985,871000
Tanzania,1986,1046000
Tanzania,1987,923300
Tanzania,1988,987200
Tanzania,1989,952300
Tanzania,1990,1051000
Tanzania,1991,871000
Tanzania,1992,958200
Tanzania,1993,993000
Tanzania,1994,894300
Tanzania,1995,871000
Tanzania,1996,876900
Tanzania,1997,882700
Tanzania,1998,900100
Tanzania,1999,940700
Tanzania,2000,990800
Tanzania,2001,1107000
Tanzania,2002,1272000
Tanzania,2003,1358000
Tanzania,2004,1722000
Tanzania,2005,1754000
Tanzania,2006,1829000
Tanzania,2007,1761000
Tanzania,2008,1817000
Tanzania,2009,1686000
Tanzania,2010,2018000
Tanzania,2011,2550000
Tanzania,2012,3263000
Tanzania,2013,3434000
Tanzania,2014,3409000
Tanzania,2015,3161000
Tanzania,2016,3194000
Tanzania,2017,3136000
Tanzania,2018,3194000
Tanzania,2019,3065000
Thailand,1980,13010000
Thailand,1981,12430000
Thailand,1982,11560000
Thailand,1983,12430000
Thailand,1984,13530000
Thailand,1985,13070000
Thailand,1986,13610000
Thailand,1987,15110000
Thailand,1988,16460000
Thailand,1989,20210000
Thailand,1990,23640000
Thailand,1991,25370000
Thailand,1992,27580000
Thailand,1993,31640000
Thailand,1994,35020000
Thailand,1995,39410000
Thailand,1996,43540000
Thailand,1997,45380000
Thailand,1998,42800000
Thailand,1999,42440000
Thailand,2000,42950000
Thailand,2001,42920000
Thailand,2002,48520000
Thailand,2003,53070000
Thailand,2004,58460000
Thailand,2005,58180000
Thailand,2006,58070000
Thailand,2007,58170000
Thailand,2008,56640000
Thailand,2009,59640000
Thailand,2010,63210000
Thailand,2011,64320000
Thailand,2012,67270000
Thailand,2013,73270000
Thailand,2014,72710000
Thailand,2015,73000000
Thailand,2016,75330000
Thailand,2017,80640000
Thailand,2018,82140000
Thailand,2019,74610000
Timor,2003,66620
Timor,2004,72020
Timor,2005,72470
Timor,2006,73910
Timor,2007,76580
Timor,2008,83890
Timor,2009,94040
Timor,2010,98070
Timor,2011,101800
Timor,2012,119900
Timor,2013,180000
Timor,2014,206200
Timor,2015,202100
Timor,2016,197600
Timor,2017,201500
Timor,2018,204300
Timor,2019,205900
Togo,1980,238100
Togo,1981,220700
Togo,1982,214900
Togo,1983,232300
Togo,1984,272900
Togo,1985,255500
Togo,1986,209100
Togo,1987,205200
Togo,1988,210700
Togo,1989,251100
Togo,1990,239600
Togo,1991,392400
Togo,1992,284500
Togo,1993,204500
Togo,1994,238100
Togo,1995,238100
Togo,1996,238100
Togo,1997,249700
Togo,1998,249700
Togo,1999,389100
Togo,2000,376400
Togo,2001,334500
Togo,2002,369400
Togo,2003,466900
Togo,2004,463200
Togo,2005,454200
Togo,2006,386300
Togo,2007,417700
Togo,2008,524400
Togo,2009,995200
Togo,2010,920200
Togo,2011,837100
Togo,2012,744100
Togo,2013,774400
Togo,2014,582900
Togo,2015,437800
Togo,2016,635400
Togo,2017,558500
Togo,2018,625200
Togo,2019,583500
Tonga,1980,11610
Tonga,1981,17420
Tonga,1982,17420
Tonga,1983,17420
Tonga,1984,17420
Tonga,1985,17420
Tonga,1986,10820
Tonga,1987,24460
Tonga,1988,30870
Tonga,1989,37960
Tonga,1990,37960
Tonga,1991,38790
Tonga,1992,37100
Tonga,1993,37120
Tonga,1994,50340
Tonga,1995,45760
Tonga,1996,51540
Tonga,1997,54030
Tonga,1998,54920
Tonga,1999,54920
Tonga,2000,42900
Tonga,2001,38840
Tonga,2002,42260
Tonga,2003,51100
Tonga,2004,46960
Tonga,2005,50020
Tonga,2006,56730
Tonga,2007,47970
Tonga,2008,51960
Tonga,2009,56920
Tonga,2010,51860
Tonga,2011,49030
Tonga,2012,48530
Tonga,2013,46310
Tonga,2014,50530
Tonga,2015,52840
Tonga,2016,55110
Tonga,2017,66460
Tonga,2018,58290
Tonga,2019,67880
Trinidad and Tobago,1980,2439000
Trinidad and Tobago,1981,2265000
Trinidad and Tobago,1982,1742000
Trinidad and Tobago,1983,1510000
Trinidad and Tobago,1984,1452000
Trinidad and Tobago,1985,1394000
Trinidad and Tobago,1986,1341000
Trinidad and Tobago,1987,1196000
Trinidad and Tobago,1988,1074000
Trinidad and Tobago,1989,1225000
Trinidad and Tobago,1990,1179000
Trinidad and Tobago,1991,1249000
Trinidad and Tobago,1992,1266000
Trinidad and Tobago,1993,1237000
Trinidad and Tobago,1994,1394000
Trinidad and Tobago,1995,1260000
Trinidad and Tobago,1996,1185000
Trinidad and Tobago,1997,1301000
Trinidad and Tobago,1998,1266000
Trinidad and Tobago,1999,1365000
Trinidad and Tobago,2000,1978000
Trinidad and Tobago,2001,1896000
Trinidad and Tobago,2002,2082000
Trinidad and Tobago,2003,2662000
Trinidad and Tobago,2004,2512000
Trinidad and Tobago,2005,2911000
Trinidad and Tobago,2006,2869000
Trinidad and Tobago,2007,3015000
Trinidad and Tobago,2008,2933000
Trinidad and Tobago,2009,2863000
Trinidad and Tobago,2010,2699000
Trinidad and Tobago,2011,2756000
Trinidad and Tobago,2012,2506000
Trinidad and Tobago,2013,3008000
Trinidad and Tobago,2014,2817000
Trinidad and Tobago,2015,2982000
Trinidad and Tobago,2016,3046000
Trinidad and Tobago,2017,2672000
Trinidad and Tobago,2018,2429000
Trinidad and Tobago,2019,2060000
Tunisia,1980,3020000
Tunisia,1981,3310000
Tunisia,1982,3020000
Tunisia,1983,3426000
Tunisia,1984,3310000
Tunisia,1985,3194000
Tunisia,1986,3571000
Tunisia,1987,3025000
Tunisia,1988,3548000
Tunisia,1989,3653000
Tunisia,1990,3629000
Tunisia,1991,3949000
Tunisia,1992,4187000
Tunisia,1993,4286000
Tunisia,1994,4326000
Tunisia,1995,4100000
Tunisia,1996,4210000
Tunisia,1997,4524000
Tunisia,1998,4709000
Tunisia,1999,4593000
Tunisia,2000,4985000
Tunisia,2001,5123000
Tunisia,2002,5050000
Tunisia,2003,5072000
Tunisia,2004,5260000
Tunisia,2005,5405000
Tunisia,2006,5401000
Tunisia,2007,5458000
Tunisia,2008,5338000
Tunisia,2009,5106000
Tunisia,2010,5091000
Tunisia,2011,4710000
Tunisia,2012,4982000
Tunisia,2013,5108000
Tunisia,2014,5559000
Tunisia,2015,5923000
Tunisia,2016,5691000
Tunisia,2017,5884000
Tunisia,2018,6103000
Tunisia,2019,6252000
Turkey,1980,18190000
Turkey,1981,16260000
Turkey,1982,18990000
Turkey,1983,19860000
Turkey,1984,19940000
Turkey,1985,20870000
Turkey,1986,22500000
Turkey,1987,25580000
Turkey,1988,25300000
Turkey,1989,26010000
Turkey,1990,27700000
Turkey,1991,27070000
Turkey,1992,28570000
Turkey,1993,32830000
Turkey,1994,31460000
Turkey,1995,35320000
Turkey,1996,36800000
Turkey,1997,36620000
Turkey,1998,36530000
Turkey,1999,36390000
Turkey,2000,38730000
Turkey,2001,35930000
Turkey,2002,38190000
Turkey,2003,37450000
Turkey,2004,38410000
Turkey,2005,38290000
Turkey,2006,39350000
Turkey,2007,40060000
Turkey,2008,39350000
Turkey,2009,40830000
Turkey,2010,39190000
Turkey,2011,38060000
Turkey,2012,39980000
Turkey,2013,43370000
Turkey,2014,44290000
Turkey,2015,51190000
Turkey,2016,54710000
Turkey,2017,57540000
Turkey,2018,55650000
Turkey,2019,57330000
Turkey,2020,53610000
Turkmenistan,1992,4355000
Turkmenistan,1993,3867000
Turkmenistan,1994,3653000
Turkmenistan,1995,3658000
Turkmenistan,1996,3583000
Turkmenistan,1997,3815000
Turkmenistan,1998,3380000
Turkmenistan,1999,3130000
Turkmenistan,2000,5448000
Turkmenistan,2001,5486000
Turkmenistan,2002,6200000
Turkmenistan,2003,6430000
Turkmenistan,2004,6636000
Turkmenistan,2005,6757000
Turkmenistan,2006,6724000
Turkmenistan,2007,6810000
Turkmenistan,2008,6945000
Turkmenistan,2009,6436000
Turkmenistan,2010,7028000
Turkmenistan,2011,7309000
Turkmenistan,2012,7642000
Turkmenistan,2013,8335000
Turkmenistan,2014,9009000
Turkmenistan,2015,8769000
Turkmenistan,2016,8652000
Turkmenistan,2017,8745000
Turkmenistan,2018,8835000
Turkmenistan,2019,8908000
Turks and Caicos Islands,1980,0
Turks and Caicos Islands,1981,0
Turks and Caicos Islands,1982,0
Turks and Caicos Islands,1983,0
Turks and Caicos Islands,1984,0
Turks and Caicos Islands,1985,0
Turks and Caicos Islands,1986,0
Turks and Caicos Islands,1987,0
Turks and Caicos Islands,1988,0
Turks and Caicos Islands,1989,0
Turks and Caicos Islands,1990,0
Turks and Caicos Islands,1991,0
Turks and Caicos Islands,1992,0
Turks and Caicos Islands,1993,0
Turks and Caicos Islands,1994,0
Turks and Caicos Islands,1995,5165
Turks and Caicos Islands,1996,5165
Turks and Caicos Islands,1997,5165
Turks and Caicos Islands,1998,5681
Turks and Caicos Islands,1999,5681
Turks and Caicos Islands,2000,26870
Turks and Caicos Islands,2001,28600
Turks and Caicos Islands,2002,38090
Turks and Caicos Islands,2003,39170
Turks and Caicos Islands,2004,40240
Turks and Caicos Islands,2005,47470
Turks and Caicos Islands,2006,54600
Turks and Caicos Islands,2007,64090
Turks and Caicos Islands,2008,68060
Turks and Caicos Islands,2009,68840
Turks and Caicos Islands,2010,71210
Turks and Caicos Islands,2011,71210
Turks and Caicos Islands,2012,71020
Turks and Caicos Islands,2013,71800
Turks and Caicos Islands,2014,77150
Turks and Caicos Islands,2015,79520
Turks and Caicos Islands,2016,82260
Turks and Caicos Islands,2017,89010
Turks and Caicos Islands,2018,89010
Turks and Caicos Islands,2019,91740
U.S. Pacific Islands,1980,63880
U.S. Pacific Islands,1981,63880
U.S. Pacific Islands,1982,63880
U.S. Pacific Islands,1983,63880
U.S. Pacific Islands,1984,58070
U.S. Pacific Islands,1985,52260
U.S. Pacific Islands,1986,46460
U.S. Pacific Islands,1987,46460
U.S. Pacific Islands,1988,64990
U.S. Pacific Islands,1989,109500
U.S. Pacific Islands,1990,115300
U.S. Pacific Islands,1991,115300
U.S. Pacific Islands,1992,115300
U.S. Pacific Islands,1993,109500
U.S. Pacific Islands,1994,109500
U.S. Pacific Islands,1995,115300
U.S. Pacific Islands,1996,115300
U.S. Pacific Islands,1997,115300
U.S. Pacific Islands,1998,115300
U.S. Pacific Islands,1999,115300
U.S. Pacific Islands,2000,116600
U.S. Pacific Islands,2001,116900
U.S. Pacific Islands,2002,116900
U.S. Pacific Islands,2003,116900
U.S. Pacific Islands,2004,116600
U.S. Pacific Islands,2005,116900
U.S. Pacific Islands,2006,119600
U.S. Pacific Islands,2007,119600
U.S. Pacific Islands,2008,119600
U.S. Pacific Islands,2009,119600
U.S. Pacific Islands,2010,139900
U.S. Pacific Islands,2011,119600
U.S. Pacific Islands,2012,119600
U.S. Pacific Islands,2013,119600
U.S. Pacific Islands,2014,119600
U.S. Pacific Islands,2015,119600
U.S. Pacific Islands,2016,119600
U.S. Pacific Islands,2017,119600
U.S. Pacific Islands,2018,119600
U.S. Pacific Islands,2019,120200
Uganda,1980,290400
Uganda,1981,185800
Uganda,1982,220700
Uganda,1983,214900
Uganda,1984,220700
Uganda,1985,238100
Uganda,1986,254900
Uganda,1987,226500
Uganda,1988,342600
Uganda,1989,314500
Uganda,1990,338700
Uganda,1991,367700
Uganda,1992,385100
Uganda,1993,396700
Uganda,1994,408300
Uganda,1995,402500
Uganda,1996,408300
Uganda,1997,419900
Uganda,1998,479100
Uganda,1999,479100
Uganda,2000,558800
Uganda,2001,574100
Uganda,2002,580600
Uganda,2003,609300
Uganda,2004,641100
Uganda,2005,798400
Uganda,2006,946500
Uganda,2007,1148000
Uganda,2008,1145000
Uganda,2009,1244000
Uganda,2010,1431000
Uganda,2011,1525000
Uganda,2012,1470000
Uganda,2013,1541000
Uganda,2014,1860000
Uganda,2015,1854000
Uganda,2016,1941000
Uganda,2017,2169000
Uganda,2018,2370000
Uganda,2019,2375000
Ukraine,1992,47210000
Ukraine,1993,33110000
Ukraine,1994,28760000
Ukraine,1995,28110000
Ukraine,1996,22780000
Ukraine,1997,21670000
Ukraine,1998,21210000
Ukraine,1999,21670000
Ukraine,2000,15090000
Ukraine,2001,17150000
Ukraine,2002,17620000
Ukraine,2003,18330000
Ukraine,2004,18270000
Ukraine,2005,18590000
Ukraine,2006,18840000
Ukraine,2007,20400000
Ukraine,2008,19420000
Ukraine,2009,18750000
Ukraine,2010,17790000
Ukraine,2011,16950000
Ukraine,2012,15230000
Ukraine,2013,14060000
Ukraine,2014,14270000
Ukraine,2015,12930000
Ukraine,2016,14320000
Ukraine,2017,15530000
Ukraine,2018,14040000
Ukraine,2019,14410000
United Arab Emirates,1980,4355000
United Arab Emirates,1981,7956000
United Arab Emirates,1982,8594000
United Arab Emirates,1983,8652000
United Arab Emirates,1984,8885000
United Arab Emirates,1985,10740000
United Arab Emirates,1986,12060000
United Arab Emirates,1987,12210000
United Arab Emirates,1988,13730000
United Arab Emirates,1989,14090000
United Arab Emirates,1990,14110000
United Arab Emirates,1991,17480000
United Arab Emirates,1992,17710000
United Arab Emirates,1993,17990000
United Arab Emirates,1994,18430000
United Arab Emirates,1995,18340000
United Arab Emirates,1996,17780000
United Arab Emirates,1997,18400000
United Arab Emirates,1998,18770000
United Arab Emirates,1999,18830000
United Arab Emirates,2000,24800000
United Arab Emirates,2001,29900000
United Arab Emirates,2002,28500000
United Arab Emirates,2003,28260000
United Arab Emirates,2004,29280000
United Arab Emirates,2005,30460000
United Arab Emirates,2006,32630000
United Arab Emirates,2007,34060000
United Arab Emirates,2008,36520000
United Arab Emirates,2009,36150000
United Arab Emirates,2010,37460000
United Arab Emirates,2011,40870000
United Arab Emirates,2012,41740000
United Arab Emirates,2013,45160000
United Arab Emirates,2014,45830000
United Arab Emirates,2015,53560000
United Arab Emirates,2016,51940000
United Arab Emirates,2017,52410000
United Arab Emirates,2018,52100000
United Arab Emirates,2019,50160000
United Kingdom,1973,135900000
United Kingdom,1974,128300000
United Kingdom,1975,111000000
United Kingdom,1976,109900000
United Kingdom,1977,110600000
United Kingdom,1978,112500000
United Kingdom,1979,114500000
United Kingdom,1980,100200000
United Kingdom,1981,92330000
United Kingdom,1982,92330000
United Kingdom,1983,88910000
United Kingdom,1984,106000000
United Kingdom,1985,93920000
United Kingdom,1986,95060000
United Kingdom,1987,93540000
United Kingdom,1988,98230000
United Kingdom,1989,100500000
United Kingdom,1990,103100000
United Kingdom,1991,104700000
United Kingdom,1992,105400000
United Kingdom,1993,106200000
United Kingdom,1994,106400000
United Kingdom,1995,105500000
United Kingdom,1996,107500000
United Kingdom,1997,105100000
United Kingdom,1998,104100000
United Kingdom,1999,105200000
United Kingdom,2000,102500000
United Kingdom,2001,101400000
United Kingdom,2002,101000000
United Kingdom,2003,102200000
United Kingdom,2004,103900000
United Kingdom,2005,105600000
United Kingdom,2006,104800000
United Kingdom,2007,101700000
United Kingdom,2008,100400000
United Kingdom,2009,95470000
United Kingdom,2010,94330000
United Kingdom,2011,91870000
United Kingdom,2012,89100000
United Kingdom,2013,87820000
United Kingdom,2014,88130000
United Kingdom,2015,90580000
United Kingdom,2016,92860000
United Kingdom,2017,94030000
United Kingdom,2018,93220000
United Kingdom,2019,91640000
United Kingdom,2020,70560000
United States,1973,1005000000
United States,1974,967000000
United States,1975,947800000
United States,1976,1014000000
United States,1977,1070000000
United States,1978,1094000000
United States,1979,1075000000
United States,1980,990400000
United States,1981,932400000
United States,1982,888200000
United States,1983,884400000
United States,1984,913200000
United States,1985,913200000
United States,1986,945400000
United States,1987,967700000
United States,1988,1004000000
United States,1989,1006000000
United States,1990,986500000
United States,1991,970500000
United States,1992,989100000
United States,1993,1001000000
United States,1994,1029000000
United States,1995,1029000000
United States,1996,1063000000
United States,1997,1081000000
United States,1998,1099000000
United States,1999,1133000000
United States,2000,1144000000
United States,2001,1141000000
United States,2002,1148000000
United States,2003,1163000000
United States,2004,1204000000
United States,2005,1208000000
United States,2006,1201000000
United States,2007,1201000000
United States,2008,1132000000
United States,2009,1090000000
United States,2010,1114000000
United States,2011,1097000000
United States,2012,1073000000
United States,2013,1101000000
United States,2014,1109000000
United States,2015,1134000000
United States,2016,1144000000
United States,2017,1159000000
United States,2018,1191000000
United States,2019,1193000000
United States,2020,1056000000
United States Virgin Islands,1980,1161000
United States Virgin Islands,1981,1161000
United States Virgin Islands,1982,1161000
United States Virgin Islands,1983,1161000
United States Virgin Islands,1984,1161000
United States Virgin Islands,1985,1161000
United States Virgin Islands,1986,1161000
United States Virgin Islands,1987,1161000
United States Virgin Islands,1988,1161000
United States Virgin Islands,1989,1161000
United States Virgin Islands,1990,1161000
United States Virgin Islands,1991,1161000
United States Virgin Islands,1992,1161000
United States Virgin Islands,1993,1161000
United States Virgin Islands,1994,1161000
United States Virgin Islands,1995,1161000
United States Virgin Islands,1996,1161000
United States Virgin Islands,1997,1161000
United States Virgin Islands,1998,1161000
United States Virgin Islands,1999,1161000
United States Virgin Islands,2000,3837000
United States Virgin Islands,2001,5325000
United States Virgin Islands,2002,5415000
United States Virgin Islands,2003,6317000
United States Virgin Islands,2004,6440000
United States Virgin Islands,2005,6315000
United States Virgin Islands,2006,6710000
United States Virgin Islands,2007,6354000
United States Virgin Islands,2008,3617000
United States Virgin Islands,2009,3290000
United States Virgin Islands,2010,3004000
United States Virgin Islands,2011,2067000
United States Virgin Islands,2012,1134000
United States Virgin Islands,2013,588300
United States Virgin Islands,2014,1189000
United States Virgin Islands,2015,1173000
United States Virgin Islands,2016,954600
United States Virgin Islands,2017,954600
United States Virgin Islands,2018,954600
United States Virgin Islands,2019,954600
Uruguay,1980,2323000
Uruguay,1981,2091000
Uruguay,1982,1974000
Uruguay,1983,1568000
Uruguay,1984,1510000
Uruguay,1985,1394000
Uruguay,1986,1359000
Uruguay,1987,1545000
Uruguay,1988,1963000
Uruguay,1989,1859000
Uruguay,1990,1829000
Uruguay,1991,1713000
Uruguay,1992,1881000
Uruguay,1993,2056000
Uruguay,1994,1963000
Uruguay,1995,1771000
Uruguay,1996,1992000
Uruguay,1997,2145000
Uruguay,1998,2555000
Uruguay,1999,2787000
Uruguay,2000,2507000
Uruguay,2001,2452000
Uruguay,2002,1935000
Uruguay,2003,2083000
Uruguay,2004,2596000
Uruguay,2005,2599000
Uruguay,2006,2806000
Uruguay,2007,2679000
Uruguay,2008,3634000
Uruguay,2009,3722000
Uruguay,2010,3124000
Uruguay,2011,3507000
Uruguay,2012,3781000
Uruguay,2013,3378000
Uruguay,2014,3022000
Uruguay,2015,3085000
Uruguay,2016,3087000
Uruguay,2017,2747000
Uruguay,2018,2893000
Uruguay,2019,2916000
Uruguay,2020,2425000
Uzbekistan,1992,11100000
Uzbekistan,1993,10320000
Uzbekistan,1994,10070000
Uzbekistan,1995,10670000
Uzbekistan,1996,8316000
Uzbekistan,1997,8188000
Uzbekistan,1998,8560000
Uzbekistan,1999,8258000
Uzbekistan,2000,8198000
Uzbekistan,2001,8028000
Uzbekistan,2002,7958000
Uzbekistan,2003,8272000
Uzbekistan,2004,7650000
Uzbekistan,2005,6123000
Uzbekistan,2006,5972000
Uzbekistan,2007,5402000
Uzbekistan,2008,5207000
Uzbekistan,2009,5380000
Uzbekistan,2010,4775000
Uzbekistan,2011,4401000
Uzbekistan,2012,3949000
Uzbekistan,2013,3689000
Uzbekistan,2014,3458000
Uzbekistan,2015,4994000
Uzbekistan,2016,5226000
Uzbekistan,2017,5284000
Uzbekistan,2018,5517000
Uzbekistan,2019,5701000
Vanuatu,1980,46460
Vanuatu,1981,40650
Vanuatu,1982,40650
Vanuatu,1983,40650
Vanuatu,1984,40650
Vanuatu,1985,46460
Vanuatu,1986,43290
Vanuatu,1987,37490
Vanuatu,1988,49090
Vanuatu,1989,43290
Vanuatu,1990,43290
Vanuatu,1991,38910
Vanuatu,1992,19760
Vanuatu,1993,19760
Vanuatu,1994,19760
Vanuatu,1995,19760
Vanuatu,1996,19760
Vanuatu,1997,19760
Vanuatu,1998,19760
Vanuatu,1999,19760
Vanuatu,2000,35950
Vanuatu,2001,39940
Vanuatu,2002,38730
Vanuatu,2003,45550
Vanuatu,2004,36560
Vanuatu,2005,36660
Vanuatu,2006,34050
Vanuatu,2007,54890
Vanuatu,2008,53930
Vanuatu,2009,62640
Vanuatu,2010,63500
Vanuatu,2011,73290
Vanuatu,2012,60530
Vanuatu,2013,58450
Vanuatu,2014,67070
Vanuatu,2015,62320
Vanuatu,2016,63710
Vanuatu,2017,71250
Vanuatu,2018,91890
Vanuatu,2019,88560
Venezuela,1980,23230000
Venezuela,1981,25140000
Venezuela,1982,24800000
Venezuela,1983,23230000
Venezuela,1984,22010000
Venezuela,1985,22240000
Venezuela,1986,23300000
Venezuela,1987,23430000
Venezuela,1988,22960000
Venezuela,1989,22480000
Venezuela,1990,22930000
Venezuela,1991,23520000
Venezuela,1992,24030000
Venezuela,1993,24850000
Venezuela,1994,25480000
Venezuela,1995,26060000
Venezuela,1996,25680000
Venezuela,1997,26430000
Venezuela,1998,26530000
Venezuela,1999,26750000
Venezuela,2000,28030000
Venezuela,2001,30750000
Venezuela,2002,31140000
Venezuela,2003,29290000
Venezuela,2004,33030000
Venezuela,2005,37260000
Venezuela,2006,37340000
Venezuela,2007,38130000
Venezuela,2008,42220000
Venezuela,2009,43330000
Venezuela,2010,44990000
Venezuela,2011,42150000
Venezuela,2012,48810000
Venezuela,2013,44220000
Venezuela,2014,45270000
Venezuela,2015,39610000
Venezuela,2016,41170000
Venezuela,2017,37400000
Venezuela,2018,33800000
Venezuela,2019,27330000
Vietnam,1980,1394000
Vietnam,1981,1510000
Vietnam,1982,1510000
Vietnam,1983,1568000
Vietnam,1984,1568000
Vietnam,1985,1626000
Vietnam,1986,1655000
Vietnam,1987,2009000
Vietnam,1988,2363000
Vietnam,1989,2660000
Vietnam,1990,3103000
Vietnam,1991,3252000
Vietnam,1992,3554000
Vietnam,1993,4460000
Vietnam,1994,4948000
Vietnam,1995,5517000
Vietnam,1996,6748000
Vietnam,1997,7427000
Vietnam,1998,7863000
Vietnam,1999,9239000
Vietnam,2000,9604000
Vietnam,2001,10600000
Vietnam,2002,12040000
Vietnam,2003,12940000
Vietnam,2004,14950000
Vietnam,2005,15340000
Vietnam,2006,15030000
Vietnam,2007,16640000
Vietnam,2008,17230000
Vietnam,2009,18600000
Vietnam,2010,19710000
Vietnam,2011,21340000
Vietnam,2012,21650000
Vietnam,2013,21960000
Vietnam,2014,22000000
Vietnam,2015,24100000
Vietnam,2016,25840000
Vietnam,2017,26670000
Vietnam,2018,27750000
Vietnam,2019,28770000
Wake Island,1980,522600
Wake Island,1981,522600
Wake Island,1982,522600
Wake Island,1983,522600
Wake Island,1984,522600
Wake Island,1985,516800
Wake Island,1986,516800
Wake Island,1987,516800
Wake Island,1988,511000
Wake Island,1989,511000
Wake Island,1990,499400
Wake Island,1991,499400
Wake Island,1992,505200
Wake Island,1993,505200
Wake Island,1994,505200
Wake Island,1995,511000
Wake Island,1996,516800
Wake Island,1997,522600
Wake Island,1998,522600
Wake Island,1999,522600
Wake Island,2000,521400
Wake Island,2001,522800
Wake Island,2002,531700
Wake Island,2003,531700
Wake Island,2004,530300
Wake Island,2005,527900
Wake Island,2006,540100
Wake Island,2007,540100
Wake Island,2008,540100
Wake Island,2009,540100
Wake Island,2010,527000
Wake Island,2011,540100
Wake Island,2012,540100
Wake Island,2013,540100
Wake Island,2014,540100
Wake Island,2015,540100
Wake Island,2016,540100
Wake Island,2017,549000
Wake Island,2018,551300
Wake Island,2019,552600
West Germany,1973,193000000
West Germany,1974,175900000
West Germany,1975,171700000
West Germany,1976,186200000
West Germany,1977,186500000
West Germany,1978,191100000
West Germany,1979,195900000
West Germany,1980,157200000
West Germany,1981,142200000
West Germany,1982,137700000
West Germany,1983,135000000
West Germany,1984,126900000
West Germany,1985,132900000
West Germany,1986,141100000
West Germany,1987,138200000
West Germany,1988,139400000
West Germany,1989,132400000
West Germany,1990,139400000
Western Sahara,1980,63880
Western Sahara,1981,63880
Western Sahara,1982,69680
Western Sahara,1983,69680
Western Sahara,1984,69680
Western Sahara,1985,75490
Western Sahara,1986,72920
Western Sahara,1987,74180
Western Sahara,1988,74150
Western Sahara,1989,74180
Western Sahara,1990,79990
Western Sahara,1991,79990
Western Sahara,1992,79960
Western Sahara,1993,76300
Western Sahara,1994,76300
Western Sahara,1995,85800
Western Sahara,1996,85770
Western Sahara,1997,85800
Western Sahara,1998,85800
Western Sahara,1999,85800
Western Sahara,2000,98580
Western Sahara,2001,98850
Western Sahara,2002,98850
Western Sahara,2003,98850
Western Sahara,2004,98580
Western Sahara,2005,98850
Western Sahara,2006,98850
Western Sahara,2007,98850
Western Sahara,2008,98580
Western Sahara,2009,98850
Western Sahara,2010,98850
Western Sahara,2011,98850
Western Sahara,2012,98850
Western Sahara,2013,98850
Western Sahara,2014,98850
Western Sahara,2015,98850
Western Sahara,2016,98580
Western Sahara,2017,101400
Western Sahara,2018,101400
Western Sahara,2019,101400
World,1973,1993000000
World,1974,1916000000
World,1975,1841000000
World,1976,1951000000
World,1977,2002000000
World,1978,2049000000
World,1979,2054000000
World,1980,3666000000
World,1981,3539000000
World,1982,3464000000
World,1983,3420000000
World,1984,3478000000
World,1985,3494000000
World,1986,3590000000
World,1987,3662000000
World,1988,3772000000
World,1989,3835000000
World,1990,3871000000
World,1991,3887000000
World,1992,3902000000
World,1993,3891000000
World,1994,3971000000
World,1995,4053000000
World,1996,4174000000
World,1997,4244000000
World,1998,4292000000
World,1999,4386000000
World,2000,4474000000
World,2001,4515000000
World,2002,4567000000
World,2003,4662000000
World,2004,4846000000
World,2005,4916000000
World,2006,4981000000
World,2007,5063000000
World,2008,5029000000
World,2009,4979000000
World,2010,5137000000
World,2011,5170000000
World,2012,5245000000
World,2013,5333000000
World,2014,5422000000
World,2015,5526000000
World,2016,5608000000
World,2017,5731000000
World,2018,5789000000
World,2019,5820000000
Yemen,1980,2613000
Yemen,1981,2671000
Yemen,1982,3136000
Yemen,1983,2904000
Yemen,1984,3600000
Yemen,1985,4007000
Yemen,1986,3856000
Yemen,1987,3838000
Yemen,1988,3931000
Yemen,1989,4262000
Yemen,1990,4431000
Yemen,1991,4576000
Yemen,1992,4878000
Yemen,1993,4065000
Yemen,1994,3809000
Yemen,1995,4239000
Yemen,1996,4262000
Yemen,1997,4535000
Yemen,1998,4930000
Yemen,1999,3542000
Yemen,2000,5883000
Yemen,2001,6358000
Yemen,2002,6463000
Yemen,2003,7368000
Yemen,2004,7781000
Yemen,2005,8205000
Yemen,2006,8204000
Yemen,2007,8712000
Yemen,2008,9070000
Yemen,2009,9628000
Yemen,2010,8642000
Yemen,2011,7392000
Yemen,2012,6551000
Yemen,2013,9059000
Yemen,2014,8943000
Yemen,2015,4254000
Yemen,2016,3616000
Yemen,2017,3426000
Yemen,2018,3310000
Yemen,2019,4397000
Zambia,1980,929100
Zambia,1981,813000
Zambia,1982,813000
Zambia,1983,813000
Zambia,1984,754900
Zambia,1985,696800
Zambia,1986,690800
Zambia,1987,731700
Zambia,1988,794600
Zambia,1989,782600
Zambia,1990,778100
Zambia,1991,656200
Zambia,1992,754900
Zambia,1993,627200
Zambia,1994,621300
Zambia,1995,627200
Zambia,1996,650400
Zambia,1997,650400
Zambia,1998,691000
Zambia,1999,650400
Zambia,2000,622400
Zambia,2001,655000
Zambia,2002,693300
Zambia,2003,733000
Zambia,2004,769100
Zambia,2005,799000
Zambia,2006,829400
Zambia,2007,616600
Zambia,2008,710100
Zambia,2009,736500
Zambia,2010,773900
Zambia,2011,917300
Zambia,2012,1121000
Zambia,2013,1125000
Zambia,2014,1292000
Zambia,2015,1375000
Zambia,2016,1341000
Zambia,2017,1494000
Zambia,2018,1667000
Zambia,2019,1471000
Zimbabwe,1980,754900
Zimbabwe,1981,871100
Zimbabwe,1982,696800
Zimbabwe,1983,871100
Zimbabwe,1984,871100
Zimbabwe,1985,871100
Zimbabwe,1986,934900
Zimbabwe,1987,1021000
Zimbabwe,1988,1022000
Zimbabwe,1989,1127000
Zimbabwe,1990,1202000
Zimbabwe,1991,1376000
Zimbabwe,1992,1219000
Zimbabwe,1993,1295000
Zimbabwe,1994,1330000
Zimbabwe,1995,1417000
Zimbabwe,1996,1620000
Zimbabwe,1997,1777000
Zimbabwe,1998,1777000
Zimbabwe,1999,1777000
Zimbabwe,2000,1281000
Zimbabwe,2001,1268000
Zimbabwe,2002,1134000
Zimbabwe,2003,921500
Zimbabwe,2004,772300
Zimbabwe,2005,832000
Zimbabwe,2006,800000
Zimbabwe,2007,785800
Zimbabwe,2008,670900
Zimbabwe,2009,664700
Zimbabwe,2010,740000
Zimbabwe,2011,1348000
Zimbabwe,2012,1526000
Zimbabwe,2013,1700000
Zimbabwe,2014,1547000
Zimbabwe,2015,1608000
Zimbabwe,2016,1478000
Zimbabwe,2017,1427000
Zimbabwe,2018,1771000
Zimbabwe,2019,1583000