Entity,Year,Oil reserves
Afghanistan,1980,0
Afghanistan,1981,0
Afghanistan,1982,0
Afghanistan,1983,0
Afghanistan,1984,0
Afghanistan,1985,0
Afghanistan,1986,0
Afghanistan,1987,0
Afghanistan,1988,0
Afghanistan,1989,0
Afghanistan,1990,0
Afghanistan,1991,0
Afghanistan,1992,0
Afghanistan,1993,0
Afghanistan,1994,0
Afghanistan,1995,0
Afghanistan,1996,0
Afghanistan,1997,0
Afghanistan,1998,0
Afghanistan,1999,0
Afghanistan,2000,0
Afghanistan,2001,0
Afghanistan,2002,0
Afghanistan,2003,0
Afghanistan,2004,0
Afghanistan,2005,0
Afghanistan,2006,0
Afghanistan,2007,0
Afghanistan,2008,0
Afghanistan,2009,0
Afghanistan,2010,0
Afghanistan,2011,0
Afghanistan,2012,0
Afghanistan,2013,0
Afghanistan,2014,0
Afghanistan,2015,0
Afghanistan,2016,0
Afghanistan,2017,0
Afghanistan,2018,0
Afghanistan,2019,0
Afghanistan,2020,0
Afghanistan,2021,0
Albania,1992,26240000
Albania,1993,26240000
Albania,1994,26240000
Albania,1995,26240000
Albania,1996,26240000
Albania,1997,26240000
Albania,1998,26240000
Albania,1999,26240000
Albania,2000,26240000
Albania,2001,26240000
Albania,2002,26240000
Albania,2003,26240000
Albania,2004,26240000
Albania,2005,26240000
Albania,2006,31500000
Albania,2007,31500000
Albania,2008,31660000
Albania,2009,31660000
Albania,2010,31660000
Albania,2011,31660000
Albania,2012,31660000
Albania,2013,27410000
Albania,2014,26760000
Albania,2015,26760000
Albania,2016,26760000
Albania,2017,26760000
Albania,2018,26760000
Albania,2019,26760000
Albania,2020,23850000
Albania,2021,23850000
Algeria,1980,1342000000
Algeria,1981,1304000000
Algeria,1982,1285000000
Algeria,1983,1501000000
Algeria,1984,1466000000
Algeria,1985,1431000000
Algeria,1986,1402000000
Algeria,1987,1399000000
Algeria,1988,1352000000
Algeria,1989,1336000000
Algeria,1990,1463000000
Algeria,1991,1463000000
Algeria,1992,1463000000
Algeria,1993,1463000000
Algeria,1994,1463000000
Algeria,1995,1463000000
Algeria,1996,1463000000
Algeria,1997,1463000000
Algeria,1998,1463000000
Algeria,1999,1463000000
Algeria,2000,1463000000
Algeria,2001,1463000000
Algeria,2002,1463000000
Algeria,2003,1463000000
Algeria,2004,1799000000
Algeria,2005,1876000000
Algeria,2006,1805000000
Algeria,2007,1951000000
Algeria,2008,1940000000
Algeria,2009,1940000000
Algeria,2010,1940000000
Algeria,2011,1940000000
Algeria,2012,1940000000
Algeria,2013,1940000000
Algeria,2014,1940000000
Algeria,2015,1940000000
Algeria,2016,1940000000
Algeria,2017,1940000000
Algeria,2018,1940000000
Algeria,2019,1940000000
Algeria,2020,1940000000
Algeria,2021,1940000000
American Samoa,1980,0
American Samoa,1981,0
American Samoa,1982,0
American Samoa,1983,0
American Samoa,1984,0
American Samoa,1985,0
American Samoa,1986,0
American Samoa,1987,0
American Samoa,1988,0
American Samoa,1989,0
American Samoa,1990,0
American Samoa,1991,0
American Samoa,1992,0
American Samoa,1993,0
American Samoa,1994,0
American Samoa,1995,0
American Samoa,1996,0
American Samoa,1997,0
American Samoa,1998,0
American Samoa,1999,0
American Samoa,2000,0
American Samoa,2001,0
American Samoa,2002,0
American Samoa,2003,0
American Samoa,2004,0
American Samoa,2005,0
American Samoa,2006,0
American Samoa,2007,0
American Samoa,2008,0
American Samoa,2009,0
American Samoa,2010,0
American Samoa,2011,0
American Samoa,2012,0
American Samoa,2013,0
American Samoa,2014,0
American Samoa,2015,0
American Samoa,2016,0
American Samoa,2017,0
American Samoa,2018,0
American Samoa,2019,0
American Samoa,2020,0
American Samoa,2021,0
Angola,1980,190800000
Angola,1981,190800000
Angola,1982,230600000
Angola,1983,260000000
Angola,1984,270300000
Angola,1985,286200000
Angola,1986,318000000
Angola,1987,182800000
Angola,1988,182700000
Angola,1989,321800000
Angola,1990,321800000
Angola,1991,329800000
Angola,1992,289100000
Angola,1993,238500000
Angola,1994,238500000
Angola,1995,860500000
Angola,1996,860500000
Angola,1997,860500000
Angola,1998,860500000
Angola,1999,860500000
Angola,2000,860500000
Angola,2001,860500000
Angola,2002,860500000
Angola,2003,860500000
Angola,2004,860500000
Angola,2005,860500000
Angola,2006,860500000
Angola,2007,1272000000
Angola,2008,1437000000
Angola,2009,1437000000
Angola,2010,1510000000
Angola,2011,1510000000
Angola,2012,1510000000
Angola,2013,1665000000
Angola,2014,1441000000
Angola,2015,1433000000
Angola,2016,1339000000
Angola,2017,1315000000
Angola,2018,1514000000
Angola,2019,1333000000
Angola,2020,1297000000
Angola,2021,1237000000
Antarctica,1980,0
Antarctica,1981,0
Antarctica,1982,0
Antarctica,1983,0
Antarctica,1984,0
Antarctica,1985,0
Antarctica,1986,0
Antarctica,1987,0
Antarctica,1988,0
Antarctica,1989,0
Antarctica,1990,0
Antarctica,1991,0
Antarctica,1992,0
Antarctica,1993,0
Antarctica,1994,0
Antarctica,1995,0
Antarctica,1996,0
Antarctica,1997,0
Antarctica,1998,0
Antarctica,1999,0
Antarctica,2000,0
Antarctica,2001,0
Antarctica,2002,0
Antarctica,2003,0
Antarctica,2004,0
Antarctica,2005,0
Antarctica,2006,0
Antarctica,2007,0
Antarctica,2008,0
Antarctica,2009,0
Antarctica,2010,0
Antarctica,2011,0
Antarctica,2012,0
Antarctica,2013,0
Antarctica,2014,0
Antarctica,2015,0
Antarctica,2016,0
Antarctica,2017,0
Antarctica,2018,0
Antarctica,2019,0
Antarctica,2020,0
Antarctica,2021,0
Antigua and Barbuda,1980,0
Antigua and Barbuda,1981,0
Antigua and Barbuda,1982,0
Antigua and Barbuda,1983,0
Antigua and Barbuda,1984,0
Antigua and Barbuda,1985,0
Antigua and Barbuda,1986,0
Antigua and Barbuda,1987,0
Antigua and Barbuda,1988,0
Antigua and Barbuda,1989,0
Antigua and Barbuda,1990,0
Antigua and Barbuda,1991,0
Antigua and Barbuda,1992,0
Antigua and Barbuda,1993,0
Antigua and Barbuda,1994,0
Antigua and Barbuda,1995,0
Antigua and Barbuda,1996,0
Antigua and Barbuda,1997,0
Antigua and Barbuda,1998,0
Antigua and Barbuda,1999,0
Antigua and Barbuda,2000,0
Antigua and Barbuda,2001,0
Antigua and Barbuda,2002,0
Antigua and Barbuda,2003,0
Antigua and Barbuda,2004,0
Antigua and Barbuda,2005,0
Antigua and Barbuda,2006,0
Antigua and Barbuda,2007,0
Antigua and Barbuda,2008,0
Antigua and Barbuda,2009,0
Antigua and Barbuda,2010,0
Antigua and Barbuda,2011,0
Antigua and Barbuda,2012,0
Antigua and Barbuda,2013,0
Antigua and Barbuda,2014,0
Antigua and Barbuda,2015,0
Antigua and Barbuda,2016,0
Antigua and Barbuda,2017,0
Antigua and Barbuda,2018,0
Antigua and Barbuda,2019,0
Antigua and Barbuda,2020,0
Antigua and Barbuda,2021,0
Argentina,1980,381600000
Argentina,1981,390700000
Argentina,1982,421400000
Argentina,1983,411800000
Argentina,1984,386200000
Argentina,1985,360300000
Argentina,1986,365700000
Argentina,1987,360900000
Argentina,1988,360900000
Argentina,1989,360600000
Argentina,1990,362500000
Argentina,1991,362500000
Argentina,1992,249600000
Argentina,1993,249600000
Argentina,1994,249600000
Argentina,1995,352500000
Argentina,1996,353900000
Argentina,1997,379400000
Argentina,1998,411500000
Argentina,1999,416800000
Argentina,2000,437800000
Argentina,2001,488300000
Argentina,2002,472800000
Argentina,2003,457700000
Argentina,2004,448500000
Argentina,2005,425200000
Argentina,2006,369000000
Argentina,2007,392400000
Argentina,2008,411300000
Argentina,2009,415900000
Argentina,2010,400700000
Argentina,2011,398200000
Argentina,2012,398200000
Argentina,2013,446000000
Argentina,2014,448400000
Argentina,2015,374300000
Argentina,2016,378400000
Argentina,2017,347300000
Argentina,2018,343800000
Argentina,2019,320700000
Argentina,2020,379800000
Argentina,2021,394700000
Armenia,1997,0
Armenia,1998,0
Armenia,1999,0
Armenia,2000,0
Armenia,2001,0
Armenia,2002,0
Armenia,2003,0
Armenia,2004,0
Armenia,2005,0
Armenia,2006,0
Armenia,2007,0
Armenia,2008,0
Armenia,2009,0
Armenia,2010,0
Armenia,2011,0
Armenia,2012,0
Armenia,2013,0
Armenia,2014,0
Armenia,2015,0
Armenia,2016,0
Armenia,2017,0
Armenia,2018,0
Armenia,2019,0
Armenia,2020,0
Armenia,2021,0
Aruba,1986,0
Aruba,1987,0
Aruba,1988,0
Aruba,1989,0
Aruba,1990,0
Aruba,1991,0
Aruba,1992,0
Aruba,1993,0
Aruba,1994,0
Aruba,1995,0
Aruba,1996,0
Aruba,1997,0
Aruba,1998,0
Aruba,1999,0
Aruba,2000,0
Aruba,2001,0
Aruba,2002,0
Aruba,2003,0
Aruba,2004,0
Aruba,2005,0
Aruba,2006,0
Aruba,2007,0
Aruba,2008,0
Aruba,2009,0
Aruba,2010,0
Aruba,2011,0
Aruba,2012,0
Aruba,2013,0
Aruba,2014,0
Aruba,2015,0
Aruba,2016,0
Aruba,2017,0
Aruba,2018,0
Aruba,2019,0
Aruba,2020,0
Aruba,2021,0
Australia,1980,338700000
Australia,1981,375200000
Australia,1982,271700000
Australia,1983,257900000
Australia,1984,252200000
Australia,1985,227500000
Australia,1986,230400000
Australia,1987,272300000
Australia,1988,269000000
Australia,1989,266000000
Australia,1990,266600000
Australia,1991,249000000
Australia,1992,242300000
Australia,1993,281100000
Australia,1994,256700000
Australia,1995,256700000
Australia,1996,248100000
Australia,1997,286200000
Australia,1998,286200000
Australia,1999,460300000
Australia,2000,460300000
Australia,2001,460300000
Australia,2002,556500000
Australia,2003,556500000
Australia,2004,556500000
Australia,2005,237100000
Australia,2006,228500000
Australia,2007,253100000
Australia,2008,238500000
Australia,2009,238500000
Australia,2010,527600000
Australia,2011,527600000
Australia,2012,226700000
Australia,2013,227900000
Australia,2014,227900000
Australia,2015,189700000
Australia,2016,189700000
Australia,2017,289500000
Australia,2018,388900000
Australia,2019,388900000
Australia,2020,388900000
Australia,2021,388900000
Austria,1980,22480000
Austria,1981,20670000
Austria,1982,21310000
Austria,1983,20380000
Austria,1984,19400000
Austria,1985,18840000
Austria,1986,17490000
Austria,1987,12130000
Austria,1988,16700000
Austria,1989,15900000
Austria,1990,10490000
Austria,1991,12950000
Austria,1992,13510000
Austria,1993,14820000
Austria,1994,15060000
Austria,1995,16030000
Austria,1996,16030000
Austria,1997,12160000
Austria,1998,14310000
Austria,1999,13850000
Austria,2000,13620000
Austria,2001,13620000
Austria,2002,13620000
Austria,2003,13620000
Austria,2004,9858000
Austria,2005,9858000
Austria,2006,9858000
Austria,2007,7950000
Austria,2008,7950000
Austria,2009,7950000
Austria,2010,7950000
Austria,2011,7950000
Austria,2012,7950000
Austria,2013,7425000
Austria,2014,7712000
Austria,2015,7552000
Austria,2016,7219000
Austria,2017,6837000
Austria,2018,6551000
Austria,2019,6042000
Austria,2020,5883000
Austria,2021,5597000
Azerbaijan,1997,187300000
Azerbaijan,1998,187300000
Azerbaijan,1999,187300000
Azerbaijan,2000,187300000
Azerbaijan,2001,187300000
Azerbaijan,2002,187300000
Azerbaijan,2003,1113000000
Azerbaijan,2004,1113000000
Azerbaijan,2005,1113000000
Azerbaijan,2006,1113000000
Azerbaijan,2007,1113000000
Azerbaijan,2008,1113000000
Azerbaijan,2009,1113000000
Azerbaijan,2010,1113000000
Azerbaijan,2011,1113000000
Azerbaijan,2012,1113000000
Azerbaijan,2013,1113000000
Azerbaijan,2014,1113000000
Azerbaijan,2015,1113000000
Azerbaijan,2016,1113000000
Azerbaijan,2017,1113000000
Azerbaijan,2018,1113000000
Azerbaijan,2019,1113000000
Azerbaijan,2020,1113000000
Azerbaijan,2021,1113000000
Bahamas,1980,0
Bahamas,1981,0
Bahamas,1982,0
Bahamas,1983,0
Bahamas,1984,0
Bahamas,1985,0
Bahamas,1986,0
Bahamas,1987,0
Bahamas,1988,0
Bahamas,1989,0
Bahamas,1990,0
Bahamas,1991,0
Bahamas,1992,0
Bahamas,1993,0
Bahamas,1994,0
Bahamas,1995,0
Bahamas,1996,0
Bahamas,1997,0
Bahamas,1998,0
Bahamas,1999,0
Bahamas,2000,0
Bahamas,2001,0
Bahamas,2002,0
Bahamas,2003,0
Bahamas,2004,0
Bahamas,2005,0
Bahamas,2006,0
Bahamas,2007,0
Bahamas,2008,0
Bahamas,2009,0
Bahamas,2010,0
Bahamas,2011,0
Bahamas,2012,0
Bahamas,2013,0
Bahamas,2014,0
Bahamas,2015,0
Bahamas,2016,0
Bahamas,2017,0
Bahamas,2018,0
Bahamas,2019,0
Bahamas,2020,0
Bahamas,2021,0
Bahrain,1980,38160000
Bahrain,1981,35780000
Bahrain,1982,33230000
Bahrain,1983,31320000
Bahrain,1984,29420000
Bahrain,1985,27030000
Bahrain,1986,24640000
Bahrain,1987,22260000
Bahrain,1988,22350000
Bahrain,1989,20030000
Bahrain,1990,17760000
Bahrain,1991,15500000
Bahrain,1992,13270000
Bahrain,1993,11060000
Bahrain,1994,11060000
Bahrain,1995,33390000
Bahrain,1996,33390000
Bahrain,1997,33390000
Bahrain,1998,33390000
Bahrain,1999,25440000
Bahrain,2000,23550000
Bahrain,2001,23550000
Bahrain,2002,19810000
Bahrain,2003,19810000
Bahrain,2004,19810000
Bahrain,2005,19810000
Bahrain,2006,19810000
Bahrain,2007,19810000
Bahrain,2008,19810000
Bahrain,2009,19810000
Bahrain,2010,19810000
Bahrain,2011,19810000
Bahrain,2012,19810000
Bahrain,2013,19810000
Bahrain,2014,19810000
Bahrain,2015,19810000
Bahrain,2016,19810000
Bahrain,2017,19810000
Bahrain,2018,19810000
Bahrain,2019,17170000
Bahrain,2020,15040000
Bahrain,2021,29650000
Bangladesh,1988,79500
Bangladesh,1989,79500
Bangladesh,1990,79500
Bangladesh,1991,79500
Bangladesh,1992,79500
Bangladesh,1993,238500
Bangladesh,1994,636000
Bangladesh,1995,636000
Bangladesh,1996,864800
Bangladesh,1997,864800
Bangladesh,1998,864800
Bangladesh,1999,9047000
Bangladesh,2000,9047000
Bangladesh,2001,9047000
Bangladesh,2002,9047000
Bangladesh,2003,9047000
Bangladesh,2004,8904000
Bangladesh,2005,8904000
Bangladesh,2006,4452000
Bangladesh,2007,4452000
Bangladesh,2008,4452000
Bangladesh,2009,4452000
Bangladesh,2010,4452000
Bangladesh,2011,4452000
Bangladesh,2012,4452000
Bangladesh,2013,4452000
Bangladesh,2014,4452000
Bangladesh,2015,4452000
Bangladesh,2016,4452000
Bangladesh,2017,4452000
Bangladesh,2018,4452000
Bangladesh,2019,4452000
Bangladesh,2020,4452000
Bangladesh,2021,4452000
Barbados,1980,238500
Barbados,1981,133100
Barbados,1982,71550
Barbados,1983,116100
Barbados,1984,95400
Barbados,1985,95400
Barbados,1986,63600
Barbados,1987,79500
Barbados,1988,575600
Barbados,1989,524700
Barbados,1990,507200
Barbados,1991,490200
Barbados,1992,530600
Barbados,1993,936800
Barbados,1994,556700
Barbados,1995,442700
Barbados,1996,404000
Barbados,1997,383300
Barbados,1998,374100
Barbados,1999,374100
Barbados,2000,501800
Barbados,2001,398800
Barbados,2002,398800
Barbados,2003,397500
Barbados,2004,398900
Barbados,2005,398900
Barbados,2006,397500
Barbados,2007,453500
Barbados,2008,349800
Barbados,2009,345200
Barbados,2010,284500
Barbados,2011,284500
Barbados,2012,359200
Barbados,2013,359200
Barbados,2014,451600
Barbados,2015,401600
Barbados,2016,368100
Barbados,2017,331000
Barbados,2018,402900
Barbados,2019,374600
Barbados,2020,337600
Barbados,2021,314500
Belarus,1997,31480000
Belarus,1998,31480000
Belarus,1999,31480000
Belarus,2000,31480000
Belarus,2001,31480000
Belarus,2002,31480000
Belarus,2003,31480000
Belarus,2004,31480000
Belarus,2005,31480000
Belarus,2006,31480000
Belarus,2007,31480000
Belarus,2008,31480000
Belarus,2009,31480000
Belarus,2010,31480000
Belarus,2011,31480000
Belarus,2012,31480000
Belarus,2013,31480000
Belarus,2014,31480000
Belarus,2015,31480000
Belarus,2016,31480000
Belarus,2017,31480000
Belarus,2018,31480000
Belarus,2019,31480000
Belarus,2020,31480000
Belarus,2021,31480000
Belgium,1980,0
Belgium,1981,0
Belgium,1982,0
Belgium,1983,0
Belgium,1984,0
Belgium,1985,0
Belgium,1986,0
Belgium,1987,0
Belgium,1988,0
Belgium,1989,0
Belgium,1990,0
Belgium,1991,0
Belgium,1992,0
Belgium,1993,0
Belgium,1994,0
Belgium,1995,0
Belgium,1996,0
Belgium,1997,0
Belgium,1998,0
Belgium,1999,0
Belgium,2000,0
Belgium,2001,0
Belgium,2002,0
Belgium,2003,0
Belgium,2004,0
Belgium,2005,0
Belgium,2006,0
Belgium,2007,0
Belgium,2008,0
Belgium,2009,0
Belgium,2010,0
Belgium,2011,0
Belgium,2012,0
Belgium,2013,0
Belgium,2014,0
Belgium,2015,0
Belgium,2016,0
Belgium,2017,0
Belgium,2018,0
Belgium,2019,0
Belgium,2020,0
Belgium,2021,0
Belize,2007,1065000
Belize,2008,1065000
Belize,2009,1065000
Belize,2010,1065000
Belize,2011,1065000
Belize,2012,1065000
Belize,2013,1065000
Belize,2014,1065000
Belize,2015,1065000
Belize,2016,1065000
Belize,2017,1065000
Belize,2018,1065000
Belize,2019,1065000
Belize,2020,1065000
Belize,2021,1065000
Benin,1984,15900000
Benin,1985,15900000
Benin,1986,15900000
Benin,1987,15900000
Benin,1988,15900000
Benin,1989,15900000
Benin,1990,15900000
Benin,1991,15900000
Benin,1992,3164000
Benin,1993,3164000
Benin,1994,3164000
Benin,1995,4293000
Benin,1996,4595000
Benin,1997,4595000
Benin,1998,1305000
Benin,1999,1305000
Benin,2000,1305000
Benin,2001,1305000
Benin,2002,1305000
Benin,2003,1305000
Benin,2004,1305000
Benin,2005,1305000
Benin,2006,1305000
Benin,2007,1272000
Benin,2008,1272000
Benin,2009,1272000
Benin,2010,1272000
Benin,2011,1272000
Benin,2012,1272000
Benin,2013,1272000
Benin,2014,1272000
Benin,2015,1272000
Benin,2016,1272000
Benin,2017,1272000
Benin,2018,1272000
Benin,2019,1272000
Benin,2020,1272000
Benin,2021,1272000
Bermuda,1980,0
Bermuda,1981,0
Bermuda,1982,0
Bermuda,1983,0
Bermuda,1984,0
Bermuda,1985,0
Bermuda,1986,0
Bermuda,1987,0
Bermuda,1988,0
Bermuda,1989,0
Bermuda,1990,0
Bermuda,1991,0
Bermuda,1992,0
Bermuda,1993,0
Bermuda,1994,0
Bermuda,1995,0
Bermuda,1996,0
Bermuda,1997,0
Bermuda,1998,0
Bermuda,1999,0
Bermuda,2000,0
Bermuda,2001,0
Bermuda,2002,0
Bermuda,2003,0
Bermuda,2004,0
Bermuda,2005,0
Bermuda,2006,0
Bermuda,2007,0
Bermuda,2008,0
Bermuda,2009,0
Bermuda,2010,0
Bermuda,2011,0
Bermuda,2012,0
Bermuda,2013,0
Bermuda,2014,0
Bermuda,2015,0
Bermuda,2016,0
Bermuda,2017,0
Bermuda,2018,0
Bermuda,2019,0
Bermuda,2020,0
Bermuda,2021,0
Bhutan,1980,0
Bhutan,1981,0
Bhutan,1982,0
Bhutan,1983,0
Bhutan,1984,0
Bhutan,1985,0
Bhutan,1986,0
Bhutan,1987,0
Bhutan,1988,0
Bhutan,1989,0
Bhutan,1990,0
Bhutan,1991,0
Bhutan,1992,0
Bhutan,1993,0
Bhutan,1994,0
Bhutan,1995,0
Bhutan,1996,0
Bhutan,1997,0
Bhutan,1998,0
Bhutan,1999,0
Bhutan,2000,0
Bhutan,2001,0
Bhutan,2002,0
Bhutan,2003,0
Bhutan,2004,0
Bhutan,2005,0
Bhutan,2006,0
Bhutan,2007,0
Bhutan,2008,0
Bhutan,2009,0
Bhutan,2010,0
Bhutan,2011,0
Bhutan,2012,0
Bhutan,2013,0
Bhutan,2014,0
Bhutan,2015,0
Bhutan,2016,0
Bhutan,2017,0
Bhutan,2018,0
Bhutan,2019,0
Bhutan,2020,0
Bhutan,2021,0
Bolivia,1980,23850000
Bolivia,1981,17810000
Bolivia,1982,16540000
Bolivia,1983,28620000
Bolivia,1984,25520000
Bolivia,1985,25120000
Bolivia,1986,24490000
Bolivia,1987,23690000
Bolivia,1988,24800000
Bolivia,1989,28020000
Bolivia,1990,28940000
Bolivia,1991,18950000
Bolivia,1992,18920000
Bolivia,1993,17830000
Bolivia,1994,17230000
Bolivia,1995,22080000
Bolivia,1996,22080000
Bolivia,1997,20980000
Bolivia,1998,20980000
Bolivia,1999,20980000
Bolivia,2000,20980000
Bolivia,2001,63040000
Bolivia,2002,70040000
Bolivia,2003,70040000
Bolivia,2004,70040000
Bolivia,2005,70040000
Bolivia,2006,70040000
Bolivia,2007,69960000
Bolivia,2008,73940000
Bolivia,2009,73940000
Bolivia,2010,73940000
Bolivia,2011,73940000
Bolivia,2012,33360000
Bolivia,2013,33360000
Bolivia,2014,33360000
Bolivia,2015,33620000
Bolivia,2016,33620000
Bolivia,2017,33620000
Bolivia,2018,33620000
Bolivia,2019,33620000
Bolivia,2020,38300000
Bolivia,2021,38300000
Bosnia and Herzegovina,1993,0
Bosnia and Herzegovina,1994,0
Bosnia and Herzegovina,1995,0
Bosnia and Herzegovina,1996,0
Bosnia and Herzegovina,1997,0
Bosnia and Herzegovina,1998,0
Bosnia and Herzegovina,1999,0
Bosnia and Herzegovina,2000,0
Bosnia and Herzegovina,2001,0
Bosnia and Herzegovina,2002,0
Bosnia and Herzegovina,2003,0
Bosnia and Herzegovina,2004,0
Bosnia and Herzegovina,2005,0
Bosnia and Herzegovina,2006,0
Bosnia and Herzegovina,2007,0
Bosnia and Herzegovina,2008,0
Bosnia and Herzegovina,2009,0
Bosnia and Herzegovina,2010,0
Bosnia and Herzegovina,2011,0
Bosnia and Herzegovina,2012,0
Bosnia and Herzegovina,2013,0
Bosnia and Herzegovina,2014,0
Bosnia and Herzegovina,2015,0
Bosnia and Herzegovina,2016,0
Bosnia and Herzegovina,2017,0
Bosnia and Herzegovina,2018,0
Bosnia and Herzegovina,2019,0
Bosnia and Herzegovina,2020,0
Bosnia and Herzegovina,2021,0
Botswana,1980,0
Botswana,1981,0
Botswana,1982,0
Botswana,1983,0
Botswana,1984,0
Botswana,1985,0
Botswana,1986,0
Botswana,1987,0
Botswana,1988,0
Botswana,1989,0
Botswana,1990,0
Botswana,1991,0
Botswana,1992,0
Botswana,1993,0
Botswana,1994,0
Botswana,1995,0
Botswana,1996,0
Botswana,1997,0
Botswana,1998,0
Botswana,1999,0
Botswana,2000,0
Botswana,2001,0
Botswana,2002,0
Botswana,2003,0
Botswana,2004,0
Botswana,2005,0
Botswana,2006,0
Botswana,2007,0
Botswana,2008,0
Botswana,2009,0
Botswana,2010,0
Botswana,2011,0
Botswana,2012,0
Botswana,2013,0
Botswana,2014,0
Botswana,2015,0
Botswana,2016,0
Botswana,2017,0
Botswana,2018,0
Botswana,2019,0
Botswana,2020,0
Botswana,2021,0
Brazil,1980,194000000
Brazil,1981,206700000
Brazil,1982,210700000
Brazil,1983,278200000
Brazil,1984,286200000
Brazil,1985,314200000
Brazil,1986,329100000
Brazil,1987,357800000
Brazil,1988,372100000
Brazil,1989,405400000
Brazil,1990,447700000
Brazil,1991,451600000
Brazil,1992,445300000
Brazil,1993,481800000
Brazil,1994,572400000
Brazil,1995,603700000
Brazil,1996,667800000
Brazil,1997,763200000
Brazil,1998,763200000
Brazil,1999,1130000000
Brazil,2000,1170000000
Brazil,2001,1288000000
Brazil,2002,1346000000
Brazil,2003,1323000000
Brazil,2004,1352000000
Brazil,2005,1685000000
Brazil,2006,1788000000
Brazil,2007,1872000000
Brazil,2008,1937000000
Brazil,2009,2007000000
Brazil,2010,2035000000
Brazil,2011,2044000000
Brazil,2012,2224000000
Brazil,2013,2092000000
Brazil,2014,2393000000
Brazil,2015,2472000000
Brazil,2016,2573000000
Brazil,2017,2067000000
Brazil,2018,2009000000
Brazil,2019,2041000000
Brazil,2020,2136000000
Brazil,2021,2022000000
British Virgin Islands,1980,0
British Virgin Islands,1981,0
British Virgin Islands,1982,0
British Virgin Islands,1983,0
British Virgin Islands,1984,0
British Virgin Islands,1985,0
British Virgin Islands,1986,0
British Virgin Islands,1987,0
British Virgin Islands,1988,0
British Virgin Islands,1989,0
British Virgin Islands,1990,0
British Virgin Islands,1991,0
British Virgin Islands,1992,0
British Virgin Islands,1993,0
British Virgin Islands,1994,0
British Virgin Islands,1995,0
British Virgin Islands,1996,0
British Virgin Islands,1997,0
British Virgin Islands,1998,0
British Virgin Islands,1999,0
British Virgin Islands,2000,0
British Virgin Islands,2001,0
British Virgin Islands,2002,0
British Virgin Islands,2003,0
British Virgin Islands,2004,0
British Virgin Islands,2005,0
British Virgin Islands,2006,0
British Virgin Islands,2007,0
British Virgin Islands,2008,0
British Virgin Islands,2009,0
British Virgin Islands,2010,0
British Virgin Islands,2011,0
British Virgin Islands,2012,0
British Virgin Islands,2013,0
British Virgin Islands,2014,0
British Virgin Islands,2015,0
British Virgin Islands,2016,0
British Virgin Islands,2017,0
British Virgin Islands,2018,0
British Virgin Islands,2019,0
British Virgin Islands,2020,0
British Virgin Islands,2021,0
Brunei,1980,286200000
Brunei,1981,271900000
Brunei,1982,259200000
Brunei,1983,197200000
Brunei,1984,221000000
Brunei,1985,222600000
Brunei,1986,235300000
Brunei,1987,225900000
Brunei,1988,225800000
Brunei,1989,222600000
Brunei,1990,218600000
Brunei,1991,214600000
Brunei,1992,214600000
Brunei,1993,214600000
Brunei,1994,214600000
Brunei,1995,214600000
Brunei,1996,214600000
Brunei,1997,214600000
Brunei,1998,214600000
Brunei,1999,214600000
Brunei,2000,214600000
Brunei,2001,214600000
Brunei,2002,214600000
Brunei,2003,214600000
Brunei,2004,214600000
Brunei,2005,214600000
Brunei,2006,214600000
Brunei,2007,174900000
Brunei,2008,174900000
Brunei,2009,174900000
Brunei,2010,174900000
Brunei,2011,174900000
Brunei,2012,174900000
Brunei,2013,174900000
Brunei,2014,174900000
Brunei,2015,174900000
Brunei,2016,174900000
Brunei,2017,174900000
Brunei,2018,174900000
Brunei,2019,174900000
Brunei,2020,174900000
Brunei,2021,174900000
Bulgaria,1992,2385000
Bulgaria,1993,2385000
Bulgaria,1994,2385000
Bulgaria,1995,2385000
Bulgaria,1996,2385000
Bulgaria,1997,2385000
Bulgaria,1998,2385000
Bulgaria,1999,2385000
Bulgaria,2000,2385000
Bulgaria,2001,2385000
Bulgaria,2002,2385000
Bulgaria,2003,2385000
Bulgaria,2004,2385000
Bulgaria,2005,2385000
Bulgaria,2006,2385000
Bulgaria,2007,2385000
Bulgaria,2008,2385000
Bulgaria,2009,2385000
Bulgaria,2010,2385000
Bulgaria,2011,2385000
Bulgaria,2012,2385000
Bulgaria,2013,2385000
Bulgaria,2014,2385000
Bulgaria,2015,2385000
Bulgaria,2016,2385000
Bulgaria,2017,2385000
Bulgaria,2018,2385000
Bulgaria,2019,2385000
Bulgaria,2020,2385000
Bulgaria,2021,2385000
Burkina Faso,1980,0
Burkina Faso,1981,0
Burkina Faso,1982,0
Burkina Faso,1983,0
Burkina Faso,1984,0
Burkina Faso,1985,0
Burkina Faso,1986,0
Burkina Faso,1987,0
Burkina Faso,1988,0
Burkina Faso,1989,0
Burkina Faso,1990,0
Burkina Faso,1991,0
Burkina Faso,1992,0
Burkina Faso,1993,0
Burkina Faso,1994,0
Burkina Faso,1995,0
Burkina Faso,1996,0
Burkina Faso,1997,0
Burkina Faso,1998,0
Burkina Faso,1999,0
Burkina Faso,2000,0
Burkina Faso,2001,0
Burkina Faso,2002,0
Burkina Faso,2003,0
Burkina Faso,2004,0
Burkina Faso,2005,0
Burkina Faso,2006,0
Burkina Faso,2007,0
Burkina Faso,2008,0
Burkina Faso,2009,0
Burkina Faso,2010,0
Burkina Faso,2011,0
Burkina Faso,2012,0
Burkina Faso,2013,0
Burkina Faso,2014,0
Burkina Faso,2015,0
Burkina Faso,2016,0
Burkina Faso,2017,0
Burkina Faso,2018,0
Burkina Faso,2019,0
Burkina Faso,2020,0
Burkina Faso,2021,0
Burundi,1980,0
Burundi,1981,0
Burundi,1982,0
Burundi,1983,0
Burundi,1984,0
Burundi,1985,0
Burundi,1986,0
Burundi,1987,0
Burundi,1988,0
Burundi,1989,0
Burundi,1990,0
Burundi,1991,0
Burundi,1992,0
Burundi,1993,0
Burundi,1994,0
Burundi,1995,0
Burundi,1996,0
Burundi,1997,0
Burundi,1998,0
Burundi,1999,0
Burundi,2000,0
Burundi,2001,0
Burundi,2002,0
Burundi,2003,0
Burundi,2004,0
Burundi,2005,0
Burundi,2006,0
Burundi,2007,0
Burundi,2008,0
Burundi,2009,0
Burundi,2010,0
Burundi,2011,0
Burundi,2012,0
Burundi,2013,0
Burundi,2014,0
Burundi,2015,0
Burundi,2016,0
Burundi,2017,0
Burundi,2018,0
Burundi,2019,0
Burundi,2020,0
Burundi,2021,0
Cambodia,1980,0
Cambodia,1981,0
Cambodia,1982,0
Cambodia,1983,0
Cambodia,1984,0
Cambodia,1985,0
Cambodia,1986,0
Cambodia,1987,0
Cambodia,1988,0
Cambodia,1989,0
Cambodia,1990,0
Cambodia,1991,0
Cambodia,1992,0
Cambodia,1993,0
Cambodia,1994,0
Cambodia,1995,0
Cambodia,1996,0
Cambodia,1997,0
Cambodia,1998,0
Cambodia,1999,0
Cambodia,2000,0
Cambodia,2001,0
Cambodia,2002,0
Cambodia,2003,0
Cambodia,2004,0
Cambodia,2005,0
Cambodia,2006,0
Cambodia,2007,0
Cambodia,2008,0
Cambodia,2009,0
Cambodia,2010,0
Cambodia,2011,0
Cambodia,2012,0
Cambodia,2013,0
Cambodia,2014,0
Cambodia,2015,0
Cambodia,2016,0
Cambodia,2017,0
Cambodia,2018,0
Cambodia,2019,0
Cambodia,2020,0
Cambodia,2021,0
Cameroon,1980,22260000
Cameroon,1981,31800000
Cameroon,1982,76320000
Cameroon,1983,84270000
Cameroon,1984,82680000
Cameroon,1985,87450000
Cameroon,1986,88250000
Cameroon,1987,85860000
Cameroon,1988,82680000
Cameroon,1989,63600000
Cameroon,1990,63600000
Cameroon,1991,63600000
Cameroon,1992,63600000
Cameroon,1993,63600000
Cameroon,1994,63600000
Cameroon,1995,63600000
Cameroon,1996,63600000
Cameroon,1997,63600000
Cameroon,1998,63600000
Cameroon,1999,63600000
Cameroon,2000,63600000
Cameroon,2001,63600000
Cameroon,2002,63600000
Cameroon,2003,63600000
Cameroon,2004,63600000
Cameroon,2005,63600000
Cameroon,2006,63600000
Cameroon,2007,63600000
Cameroon,2008,31800000
Cameroon,2009,31800000
Cameroon,2010,31800000
Cameroon,2011,31800000
Cameroon,2012,31800000
Cameroon,2013,31800000
Cameroon,2014,31800000
Cameroon,2015,31800000
Cameroon,2016,31800000
Cameroon,2017,31800000
Cameroon,2018,31800000
Cameroon,2019,31800000
Cameroon,2020,31800000
Cameroon,2021,31800000
Canada,1980,1081000000
Canada,1981,1018000000
Canada,1982,1161000000
Canada,1983,1116000000
Canada,1984,1070000000
Canada,1985,1125000000
Canada,1986,1034000000
Canada,1987,1089000000
Canada,1988,1085000000
Canada,1989,1079000000
Canada,1990,975200000
Canada,1991,919500000
Canada,1992,888500000
Canada,1993,841400000
Canada,1994,810200000
Canada,1995,801000000
Canada,1996,778900000
Canada,1997,778100000
Canada,1998,769400000
Canada,1999,784000000
Canada,2000,784000000
Canada,2001,748300000
Canada,2002,772400000
Canada,2003,28620000000
Canada,2004,28440000000
Canada,2005,28430000000
Canada,2006,28430000000
Canada,2007,28490000000
Canada,2008,28400000000
Canada,2009,28320000000
Canada,2010,27860000000
Canada,2011,27860000000
Canada,2012,27610000000
Canada,2013,27520000000
Canada,2014,27540000000
Canada,2015,27420000000
Canada,2016,27170000000
Canada,2017,26980000000
Canada,2018,27120000000
Canada,2019,26620000000
Canada,2020,27010000000
Canada,2021,27080000000
Cape Verde,1980,0
Cape Verde,1981,0
Cape Verde,1982,0
Cape Verde,1983,0
Cape Verde,1984,0
Cape Verde,1985,0
Cape Verde,1986,0
Cape Verde,1987,0
Cape Verde,1988,0
Cape Verde,1989,0
Cape Verde,1990,0
Cape Verde,1991,0
Cape Verde,1992,0
Cape Verde,1993,0
Cape Verde,1994,0
Cape Verde,1995,0
Cape Verde,1996,0
Cape Verde,1997,0
Cape Verde,1998,0
Cape Verde,1999,0
Cape Verde,2000,0
Cape Verde,2001,0
Cape Verde,2002,0
Cape Verde,2003,0
Cape Verde,2004,0
Cape Verde,2005,0
Cape Verde,2006,0
Cape Verde,2007,0
Cape Verde,2008,0
Cape Verde,2009,0
Cape Verde,2010,0
Cape Verde,2011,0
Cape Verde,2012,0
Cape Verde,2013,0
Cape Verde,2014,0
Cape Verde,2015,0
Cape Verde,2016,0
Cape Verde,2017,0
Cape Verde,2018,0
Cape Verde,2019,0
Cape Verde,2020,0
Cape Verde,2021,0
Cayman Islands,1980,0
Cayman Islands,1981,0
Cayman Islands,1982,0
Cayman Islands,1983,0
Cayman Islands,1984,0
Cayman Islands,1985,0
Cayman Islands,1986,0
Cayman Islands,1987,0
Cayman Islands,1988,0
Cayman Islands,1989,0
Cayman Islands,1990,0
Cayman Islands,1991,0
Cayman Islands,1992,0
Cayman Islands,1993,0
Cayman Islands,1994,0
Cayman Islands,1995,0
Cayman Islands,1996,0
Cayman Islands,1997,0
Cayman Islands,1998,0
Cayman Islands,1999,0
Cayman Islands,2000,0
Cayman Islands,2001,0
Cayman Islands,2002,0
Cayman Islands,2003,0
Cayman Islands,2004,0
Cayman Islands,2005,0
Cayman Islands,2006,0
Cayman Islands,2007,0
Cayman Islands,2008,0
Cayman Islands,2009,0
Cayman Islands,2010,0
Cayman Islands,2011,0
Cayman Islands,2012,0
Cayman Islands,2013,0
Cayman Islands,2014,0
Cayman Islands,2015,0
Cayman Islands,2016,0
Cayman Islands,2017,0
Cayman Islands,2018,0
Cayman Islands,2019,0
Cayman Islands,2020,0
Cayman Islands,2021,0
Central African Republic,1980,0
Central African Republic,1981,0
Central African Republic,1982,0
Central African Republic,1983,0
Central African Republic,1984,0
Central African Republic,1985,0
Central African Republic,1986,0
Central African Republic,1987,0
Central African Republic,1988,0
Central African Republic,1989,0
Central African Republic,1990,0
Central African Republic,1991,0
Central African Republic,1992,0
Central African Republic,1993,0
Central African Republic,1994,0
Central African Republic,1995,0
Central African Republic,1996,0
Central African Republic,1997,0
Central African Republic,1998,0
Central African Republic,1999,0
Central African Republic,2000,0
Central African Republic,2001,0
Central African Republic,2002,0
Central African Republic,2003,0
Central African Republic,2004,0
Central African Republic,2005,0
Central African Republic,2006,0
Central African Republic,2007,0
Central African Republic,2008,0
Central African Republic,2009,0
Central African Republic,2010,0
Central African Republic,2011,0
Central African Republic,2012,0
Central African Republic,2013,0
Central African Republic,2014,0
Central African Republic,2015,0
Central African Republic,2016,0
Central African Republic,2017,0
Central African Republic,2018,0
Central African Republic,2019,0
Central African Republic,2020,0
Central African Republic,2021,0
Chad,2006,238500000
Chad,2007,238500000
Chad,2008,238500000
Chad,2009,238500000
Chad,2010,238500000
Chad,2011,238500000
Chad,2012,238500000
Chad,2013,238500000
Chad,2014,238500000
Chad,2015,238500000
Chad,2016,238500000
Chad,2017,238500000
Chad,2018,238500000
Chad,2019,238500000
Chad,2020,238500000
Chad,2021,238500000
Chile,1980,63600000
Chile,1981,63600000
Chile,1982,125600000
Chile,1983,120800000
Chile,1984,118900000
Chile,1985,117000000
Chile,1986,115400000
Chile,1987,46110000
Chile,1988,46110000
Chile,1989,45630000
Chile,1990,47700000
Chile,1991,47700000
Chile,1992,47700000
Chile,1993,47700000
Chile,1994,47700000
Chile,1995,47700000
Chile,1996,47700000
Chile,1997,47700000
Chile,1998,23850000
Chile,1999,23850000
Chile,2000,23850000
Chile,2001,23850000
Chile,2002,23850000
Chile,2003,23850000
Chile,2004,23850000
Chile,2005,23850000
Chile,2006,23850000
Chile,2007,23850000
Chile,2008,23850000
Chile,2009,23850000
Chile,2010,23850000
Chile,2011,23850000
Chile,2012,23850000
Chile,2013,23850000
Chile,2014,23850000
Chile,2015,23850000
Chile,2016,23850000
Chile,2017,23850000
Chile,2018,23850000
Chile,2019,23850000
Chile,2020,23850000
Chile,2021,23850000
China,1980,3180000000
China,1981,3260000000
China,1982,3163000000
China,1983,3098000000
China,1984,3037000000
China,1985,3037000000
China,1986,2929000000
China,1987,2926000000
China,1988,2926000000
China,1989,3744000000
China,1990,3816000000
China,1991,3816000000
China,1992,3816000000
China,1993,3816000000
China,1994,3816000000
China,1995,3816000000
China,1996,3816000000
China,1997,3816000000
China,1998,3816000000
China,1999,3816000000
China,2000,3816000000
China,2001,3816000000
China,2002,3816000000
China,2003,2902000000
China,2004,2902000000
China,2005,2902000000
China,2006,2902000000
China,2007,2544000000
China,2008,2544000000
China,2009,2544000000
China,2010,3236000000
China,2011,3236000000
China,2012,3236000000
China,2013,3771000000
China,2014,3876000000
China,2015,3919000000
China,2016,3996000000
China,2017,4074000000
China,2018,4075000000
China,2019,4122000000
China,2020,4159000000
China,2021,4138000000
Colombia,1980,112900000
Colombia,1981,127200000
Colombia,1982,82120000
Colombia,1983,85220000
Colombia,1984,89040000
Colombia,1985,99220000
Colombia,1986,194600000
Colombia,1987,205200000
Colombia,1988,252800000
Colombia,1989,322500000
Colombia,1990,327500000
Colombia,1991,318000000
Colombia,1992,307700000
Colombia,1993,307700000
Colombia,1994,307700000
Colombia,1995,539500000
Colombia,1996,556500000
Colombia,1997,445200000
Colombia,1998,445200000
Colombia,1999,409800000
Colombia,2000,409800000
Colombia,2001,313500000
Colombia,2002,278200000
Colombia,2003,292900000
Colombia,2004,292900000
Colombia,2005,245200000
Colombia,2006,245200000
Colombia,2007,231000000
Colombia,2008,239500000
Colombia,2009,215400000
Colombia,2010,215400000
Colombia,2011,302100000
Colombia,2012,316000000
Colombia,2013,349800000
Colombia,2014,377900000
Colombia,2015,388800000
Colombia,2016,367000000
Colombia,2017,318300000
Colombia,2018,264800000
Colombia,2019,283400000
Colombia,2020,311600000
Colombia,2021,323700000
Comoros,1980,0
Comoros,1981,0
Comoros,1982,0
Comoros,1983,0
Comoros,1984,0
Comoros,1985,0
Comoros,1986,0
Comoros,1987,0
Comoros,1988,0
Comoros,1989,0
Comoros,1990,0
Comoros,1991,0
Comoros,1992,0
Comoros,1993,0
Comoros,1994,0
Comoros,1995,0
Comoros,1996,0
Comoros,1997,0
Comoros,1998,0
Comoros,1999,0
Comoros,2000,0
Comoros,2001,0
Comoros,2002,0
Comoros,2003,0
Comoros,2004,0
Comoros,2005,0
Comoros,2006,0
Comoros,2007,0
Comoros,2008,0
Comoros,2009,0
Comoros,2010,0
Comoros,2011,0
Comoros,2012,0
Comoros,2013,0
Comoros,2014,0
Comoros,2015,0
Comoros,2016,0
Comoros,2017,0
Comoros,2018,0
Comoros,2019,0
Comoros,2020,0
Comoros,2021,0
Congo,1980,104900000
Congo,1981,116500000
Congo,1982,119900000
Congo,1983,115000000
Congo,1984,109900000
Congo,1985,104300000
Congo,1986,114500000
Congo,1987,114500000
Congo,1988,112900000
Congo,1989,132000000
Congo,1990,132000000
Congo,1991,132000000
Congo,1992,132000000
Congo,1993,132000000
Congo,1994,132000000
Congo,1995,239500000
Congo,1996,239500000
Congo,1997,239500000
Congo,1998,239500000
Congo,1999,239500000
Congo,2000,239500000
Congo,2001,239500000
Congo,2002,240900000
Congo,2003,283800000
Congo,2004,283700000
Congo,2005,302900000
Congo,2006,308500000
Congo,2007,308500000
Congo,2008,308500000
Congo,2009,318000000
Congo,2010,318000000
Congo,2011,318000000
Congo,2012,318000000
Congo,2013,425000000
Congo,2014,455900000
Congo,2015,474100000
Congo,2016,474100000
Congo,2017,474100000
Congo,2018,474100000
Congo,2019,474100000
Congo,2020,474100000
Congo,2021,458200000
Cook Islands,1980,0
Cook Islands,1981,0
Cook Islands,1982,0
Cook Islands,1983,0
Cook Islands,1984,0
Cook Islands,1985,0
Cook Islands,1986,0
Cook Islands,1987,0
Cook Islands,1988,0
Cook Islands,1989,0
Cook Islands,1990,0
Cook Islands,1991,0
Cook Islands,1992,0
Cook Islands,1993,0
Cook Islands,1994,0
Cook Islands,1995,0
Cook Islands,1996,0
Cook Islands,1997,0
Cook Islands,1998,0
Cook Islands,1999,0
Cook Islands,2000,0
Cook Islands,2001,0
Cook Islands,2002,0
Cook Islands,2003,0
Cook Islands,2004,0
Cook Islands,2005,0
Cook Islands,2006,0
Cook Islands,2007,0
Cook Islands,2008,0
Cook Islands,2009,0
Cook Islands,2010,0
Cook Islands,2011,0
Cook Islands,2012,0
Cook Islands,2013,0
Cook Islands,2014,0
Cook Islands,2015,0
Cook Islands,2016,0
Cook Islands,2017,0
Cook Islands,2018,0
Cook Islands,2019,0
Cook Islands,2020,0
Cook Islands,2021,0
Costa Rica,1980,0
Costa Rica,1981,0
Costa Rica,1982,0
Costa Rica,1983,0
Costa Rica,1984,0
Costa Rica,1985,0
Costa Rica,1986,0
Costa Rica,1987,0
Costa Rica,1988,0
Costa Rica,1989,0
Costa Rica,1990,0
Costa Rica,1991,0
Costa Rica,1992,0
Costa Rica,1993,0
Costa Rica,1994,0
Costa Rica,1995,0
Costa Rica,1996,0
Costa Rica,1997,0
Costa Rica,1998,0
Costa Rica,1999,0
Costa Rica,2000,0
Costa Rica,2001,0
Costa Rica,2002,0
Costa Rica,2003,0
Costa Rica,2004,0
Costa Rica,2005,0
Costa Rica,2006,0
Costa Rica,2007,0
Costa Rica,2008,0
Costa Rica,2009,0
Costa Rica,2010,0
Costa Rica,2011,0
Costa Rica,2012,0
Costa Rica,2013,0
Costa Rica,2014,0
Costa Rica,2015,0
Costa Rica,2016,0
Costa Rica,2017,0
Costa Rica,2018,0
Costa Rica,2019,0
Costa Rica,2020,0
Costa Rica,2021,0
Cote d'Ivoire,1981,7950000
Cote d'Ivoire,1982,49930000
Cote d'Ivoire,1983,17570000
Cote d'Ivoire,1984,17170000
Cote d'Ivoire,1985,17170000
Cote d'Ivoire,1986,19880000
Cote d'Ivoire,1987,19880000
Cote d'Ivoire,1988,19080000
Cote d'Ivoire,1989,19080000
Cote d'Ivoire,1990,15900000
Cote d'Ivoire,1991,15900000
Cote d'Ivoire,1992,15900000
Cote d'Ivoire,1993,15900000
Cote d'Ivoire,1994,7950000
Cote d'Ivoire,1995,7950000
Cote d'Ivoire,1996,15900000
Cote d'Ivoire,1997,15900000
Cote d'Ivoire,1998,15900000
Cote d'Ivoire,1999,15900000
Cote d'Ivoire,2000,15900000
Cote d'Ivoire,2001,15900000
Cote d'Ivoire,2002,15900000
Cote d'Ivoire,2003,15900000
Cote d'Ivoire,2004,15900000
Cote d'Ivoire,2005,15900000
Cote d'Ivoire,2006,15900000
Cote d'Ivoire,2007,15900000
Cote d'Ivoire,2008,15900000
Cote d'Ivoire,2009,15900000
Cote d'Ivoire,2010,15900000
Cote d'Ivoire,2011,15900000
Cote d'Ivoire,2012,15900000
Cote d'Ivoire,2013,15900000
Cote d'Ivoire,2014,15900000
Cote d'Ivoire,2015,15900000
Cote d'Ivoire,2016,15900000
Cote d'Ivoire,2017,15900000
Cote d'Ivoire,2018,15900000
Cote d'Ivoire,2019,15900000
Cote d'Ivoire,2020,15900000
Cote d'Ivoire,2021,15900000
Croatia,1993,25830000
Croatia,1994,24000000
Croatia,1995,23850000
Croatia,1996,23850000
Croatia,1997,8763000
Croatia,1998,8763000
Croatia,1999,15770000
Croatia,2000,14660000
Croatia,2001,14660000
Croatia,2002,14660000
Croatia,2003,14660000
Croatia,2004,11970000
Croatia,2005,11970000
Croatia,2006,10990000
Croatia,2007,11820000
Croatia,2008,12580000
Croatia,2009,12610000
Croatia,2010,11660000
Croatia,2011,11290000
Croatia,2012,11290000
Croatia,2013,11290000
Croatia,2014,11290000
Croatia,2015,11290000
Croatia,2016,11290000
Croatia,2017,11290000
Croatia,2018,11290000
Croatia,2019,11290000
Croatia,2020,11290000
Croatia,2021,11290000
Cuba,1991,15900000
Cuba,1992,15900000
Cuba,1993,15900000
Cuba,1994,15900000
Cuba,1995,15900000
Cuba,1996,15900000
Cuba,1997,15900000
Cuba,1998,40540000
Cuba,1999,45080000
Cuba,2000,45080000
Cuba,2001,45080000
Cuba,2002,119200000
Cuba,2003,119200000
Cuba,2004,119200000
Cuba,2005,119200000
Cuba,2006,119200000
Cuba,2007,19720000
Cuba,2008,19720000
Cuba,2009,19720000
Cuba,2010,19720000
Cuba,2011,19720000
Cuba,2012,19720000
Cuba,2013,19720000
Cuba,2014,19720000
Cuba,2015,19720000
Cuba,2016,19720000
Cuba,2017,19720000
Cuba,2018,19720000
Cuba,2019,19720000
Cuba,2020,19720000
Cuba,2021,19720000
Cyprus,1980,0
Cyprus,1981,0
Cyprus,1982,0
Cyprus,1983,0
Cyprus,1984,0
Cyprus,1985,0
Cyprus,1986,0
Cyprus,1987,0
Cyprus,1988,0
Cyprus,1989,0
Cyprus,1990,0
Cyprus,1991,0
Cyprus,1992,0
Cyprus,1993,0
Cyprus,1994,0
Cyprus,1995,0
Cyprus,1996,0
Cyprus,1997,0
Cyprus,1998,0
Cyprus,1999,0
Cyprus,2000,0
Cyprus,2001,0
Cyprus,2002,0
Cyprus,2003,0
Cyprus,2004,0
Cyprus,2005,0
Cyprus,2006,0
Cyprus,2007,0
Cyprus,2008,0
Cyprus,2009,0
Cyprus,2010,0
Cyprus,2011,0
Cyprus,2012,0
Cyprus,2013,0
Cyprus,2014,0
Cyprus,2015,0
Cyprus,2016,0
Cyprus,2017,0
Cyprus,2018,0
Cyprus,2019,0
Cyprus,2020,0
Cyprus,2021,0
Czechia,1996,954000
Czechia,1997,954000
Czechia,1998,954000
Czechia,1999,2385000
Czechia,2000,2385000
Czechia,2001,2385000
Czechia,2002,2385000
Czechia,2003,2385000
Czechia,2004,2385000
Czechia,2005,2385000
Czechia,2006,2385000
Czechia,2007,2385000
Czechia,2008,2385000
Czechia,2009,2385000
Czechia,2010,2385000
Czechia,2011,2385000
Czechia,2012,2385000
Czechia,2013,2385000
Czechia,2014,2385000
Czechia,2015,2385000
Czechia,2016,2385000
Czechia,2017,2385000
Czechia,2018,2385000
Czechia,2019,2385000
Czechia,2020,2385000
Czechia,2021,2385000
Czechoslovakia,1992,2385000
Democratic Republic of Congo,1980,21460000
Democratic Republic of Congo,1981,20670000
Democratic Republic of Congo,1982,23060000
Democratic Republic of Congo,1983,22100000
Democratic Republic of Congo,1984,17490000
Democratic Republic of Congo,1985,17490000
Democratic Republic of Congo,1986,17490000
Democratic Republic of Congo,1987,17810000
Democratic Republic of Congo,1988,17810000
Democratic Republic of Congo,1989,15290000
Democratic Republic of Congo,1990,15280000
Democratic Republic of Congo,1991,8847000
Democratic Republic of Congo,1992,29730000
Democratic Republic of Congo,1993,29730000
Democratic Republic of Congo,1994,29730000
Democratic Republic of Congo,1995,29730000
Democratic Republic of Congo,1996,29730000
Democratic Republic of Congo,1997,29730000
Democratic Republic of Congo,1998,29730000
Democratic Republic of Congo,1999,29730000
Democratic Republic of Congo,2000,29730000
Democratic Republic of Congo,2001,29730000
Democratic Republic of Congo,2002,29730000
Democratic Republic of Congo,2003,29730000
Democratic Republic of Congo,2004,29730000
Democratic Republic of Congo,2005,29730000
Democratic Republic of Congo,2006,29730000
Democratic Republic of Congo,2007,28620000
Democratic Republic of Congo,2008,28620000
Democratic Republic of Congo,2009,28620000
Democratic Republic of Congo,2010,28620000
Democratic Republic of Congo,2011,28620000
Democratic Republic of Congo,2012,28620000
Democratic Republic of Congo,2013,28620000
Democratic Republic of Congo,2014,28620000
Democratic Republic of Congo,2015,28620000
Democratic Republic of Congo,2016,28620000
Democratic Republic of Congo,2017,28620000
Democratic Republic of Congo,2018,28620000
Democratic Republic of Congo,2019,28620000
Democratic Republic of Congo,2020,28620000
Democratic Republic of Congo,2021,28620000
Denmark,1980,59620000
Denmark,1981,75520000
Denmark,1982,74730000
Denmark,1983,75210000
Denmark,1984,51520000
Denmark,1985,63600000
Denmark,1986,73940000
Denmark,1987,69960000
Denmark,1988,69960000
Denmark,1989,136900000
Denmark,1990,135000000
Denmark,1991,127100000
Denmark,1992,120000000
Denmark,1993,116000000
Denmark,1994,124000000
Denmark,1995,117000000
Denmark,1996,164000000
Denmark,1997,152200000
Denmark,1998,137000000
Denmark,1999,150000000
Denmark,2000,170000000
Denmark,2001,170000000
Denmark,2002,177000000
Denmark,2003,214200000
Denmark,2004,203000000
Denmark,2005,209900000
Denmark,2006,211200000
Denmark,2007,203000000
Denmark,2008,188900000
Denmark,2009,168500000
Denmark,2010,168500000
Denmark,2011,129100000
Denmark,2012,143100000
Denmark,2013,128000000
Denmark,2014,128000000
Denmark,2015,97150000
Denmark,2016,87610000
Denmark,2017,78010000
Denmark,2018,69800000
Denmark,2019,68050000
Denmark,2020,70120000
Denmark,2021,70120000
Djibouti,1980,0
Djibouti,1981,0
Djibouti,1982,0
Djibouti,1983,0
Djibouti,1984,0
Djibouti,1985,0
Djibouti,1986,0
Djibouti,1987,0
Djibouti,1988,0
Djibouti,1989,0
Djibouti,1990,0
Djibouti,1991,0
Djibouti,1992,0
Djibouti,1993,0
Djibouti,1994,0
Djibouti,1995,0
Djibouti,1996,0
Djibouti,1997,0
Djibouti,1998,0
Djibouti,1999,0
Djibouti,2000,0
Djibouti,2001,0
Djibouti,2002,0
Djibouti,2003,0
Djibouti,2004,0
Djibouti,2005,0
Djibouti,2006,0
Djibouti,2007,0
Djibouti,2008,0
Djibouti,2009,0
Djibouti,2010,0
Djibouti,2011,0
Djibouti,2012,0
Djibouti,2013,0
Djibouti,2014,0
Djibouti,2015,0
Djibouti,2016,0
Djibouti,2017,0
Djibouti,2018,0
Djibouti,2019,0
Djibouti,2020,0
Djibouti,2021,0
Dominica,1980,0
Dominica,1981,0
Dominica,1982,0
Dominica,1983,0
Dominica,1984,0
Dominica,1985,0
Dominica,1986,0
Dominica,1987,0
Dominica,1988,0
Dominica,1989,0
Dominica,1990,0
Dominica,1991,0
Dominica,1992,0
Dominica,1993,0
Dominica,1994,0
Dominica,1995,0
Dominica,1996,0
Dominica,1997,0
Dominica,1998,0
Dominica,1999,0
Dominica,2000,0
Dominica,2001,0
Dominica,2002,0
Dominica,2003,0
Dominica,2004,0
Dominica,2005,0
Dominica,2006,0
Dominica,2007,0
Dominica,2008,0
Dominica,2009,0
Dominica,2010,0
Dominica,2011,0
Dominica,2012,0
Dominica,2013,0
Dominica,2014,0
Dominica,2015,0
Dominica,2016,0
Dominica,2017,0
Dominica,2018,0
Dominica,2019,0
Dominica,2020,0
Dominica,2021,0
Dominican Republic,1980,0
Dominican Republic,1981,0
Dominican Republic,1982,0
Dominican Republic,1983,0
Dominican Republic,1984,0
Dominican Republic,1985,0
Dominican Republic,1986,0
Dominican Republic,1987,0
Dominican Republic,1988,0
Dominican Republic,1989,0
Dominican Republic,1990,0
Dominican Republic,1991,0
Dominican Republic,1992,0
Dominican Republic,1993,0
Dominican Republic,1994,0
Dominican Republic,1995,0
Dominican Republic,1996,0
Dominican Republic,1997,0
Dominican Republic,1998,0
Dominican Republic,1999,0
Dominican Republic,2000,0
Dominican Republic,2001,0
Dominican Republic,2002,0
Dominican Republic,2003,0
Dominican Republic,2004,0
Dominican Republic,2005,0
Dominican Republic,2006,0
Dominican Republic,2007,0
Dominican Republic,2008,0
Dominican Republic,2009,0
Dominican Republic,2010,0
Dominican Republic,2011,0
Dominican Republic,2012,0
Dominican Republic,2013,0
Dominican Republic,2014,0
Dominican Republic,2015,0
Dominican Republic,2016,0
Dominican Republic,2017,0
Dominican Republic,2018,0
Dominican Republic,2019,0
Dominican Republic,2020,0
Dominican Republic,2021,0
Ecuador,1980,174900000
Ecuador,1981,174900000
Ecuador,1982,135200000
Ecuador,1983,222600000
Ecuador,1984,266300000
Ecuador,1985,222600000
Ecuador,1986,262400000
Ecuador,1987,265900000
Ecuador,1988,256800000
Ecuador,1989,214600000
Ecuador,1990,240700000
Ecuador,1991,225800000
Ecuador,1992,246400000
Ecuador,1993,254400000
Ecuador,1994,320200000
Ecuador,1995,320200000
Ecuador,1996,336300000
Ecuador,1997,336300000
Ecuador,1998,336300000
Ecuador,1999,336300000
Ecuador,2000,336300000
Ecuador,2001,336300000
Ecuador,2002,336300000
Ecuador,2003,736100000
Ecuador,2004,736100000
Ecuador,2005,736100000
Ecuador,2006,736100000
Ecuador,2007,718200000
Ecuador,2008,718200000
Ecuador,2009,740900000
Ecuador,2010,1034000000
Ecuador,2011,1035000000
Ecuador,2012,1146000000
Ecuador,2013,1310000000
Ecuador,2014,1310000000
Ecuador,2015,1404000000
Ecuador,2016,1315000000
Ecuador,2017,1315000000
Ecuador,2018,1315000000
Ecuador,2019,1315000000
Ecuador,2020,1315000000
Ecuador,2021,1315000000
Egypt,1980,492900000
Egypt,1981,461100000
Egypt,1982,465900000
Egypt,1983,528700000
Egypt,1984,548600000
Egypt,1985,508800000
Egypt,1986,612200000
Egypt,1987,572400000
Egypt,1988,683700000
Egypt,1989,683700000
Egypt,1990,715500000
Egypt,1991,715500000
Egypt,1992,715500000
Egypt,1993,985800000
Egypt,1994,1002000000
Egypt,1995,518300000
Egypt,1996,616800000
Egypt,1997,587700000
Egypt,1998,609700000
Egypt,1999,556500000
Egypt,2000,468700000
Egypt,2001,468700000
Egypt,2002,468700000
Egypt,2003,588300000
Egypt,2004,588300000
Egypt,2005,588300000
Egypt,2006,588300000
Egypt,2007,588300000
Egypt,2008,588300000
Egypt,2009,588300000
Egypt,2010,588300000
Egypt,2011,699600000
Egypt,2012,699600000
Egypt,2013,699600000
Egypt,2014,699600000
Egypt,2015,699600000
Egypt,2016,699600000
Egypt,2017,699600000
Egypt,2018,567600000
Egypt,2019,524700000
Egypt,2020,524700000
Egypt,2021,524700000
El Salvador,1980,0
El Salvador,1981,0
El Salvador,1982,0
El Salvador,1983,0
El Salvador,1984,0
El Salvador,1985,0
El Salvador,1986,0
El Salvador,1987,0
El Salvador,1988,0
El Salvador,1989,0
El Salvador,1990,0
El Salvador,1991,0
El Salvador,1992,0
El Salvador,1993,0
El Salvador,1994,0
El Salvador,1995,0
El Salvador,1996,0
El Salvador,1997,0
El Salvador,1998,0
El Salvador,1999,0
El Salvador,2000,0
El Salvador,2001,0
El Salvador,2002,0
El Salvador,2003,0
El Salvador,2004,0
El Salvador,2005,0
El Salvador,2006,0
El Salvador,2007,0
El Salvador,2008,0
El Salvador,2009,0
El Salvador,2010,0
El Salvador,2011,0
El Salvador,2012,0
El Salvador,2013,0
El Salvador,2014,0
El Salvador,2015,0
El Salvador,2016,0
El Salvador,2017,0
El Salvador,2018,0
El Salvador,2019,0
El Salvador,2020,0
El Salvador,2021,0
Equatorial Guinea,1993,572400
Equatorial Guinea,1994,572400
Equatorial Guinea,1995,1908000
Equatorial Guinea,1996,1908000
Equatorial Guinea,1997,1908000
Equatorial Guinea,1998,1908000
Equatorial Guinea,1999,1908000
Equatorial Guinea,2000,1908000
Equatorial Guinea,2001,1908000
Equatorial Guinea,2002,1908000
Equatorial Guinea,2003,1908000
Equatorial Guinea,2004,1908000
Equatorial Guinea,2005,1908000
Equatorial Guinea,2006,1908000
Equatorial Guinea,2007,174900000
Equatorial Guinea,2008,174900000
Equatorial Guinea,2009,174900000
Equatorial Guinea,2010,174900000
Equatorial Guinea,2011,174900000
Equatorial Guinea,2012,174900000
Equatorial Guinea,2013,174900000
Equatorial Guinea,2014,174900000
Equatorial Guinea,2015,174900000
Equatorial Guinea,2016,174900000
Equatorial Guinea,2017,174900000
Equatorial Guinea,2018,174900000
Equatorial Guinea,2019,174900000
Equatorial Guinea,2020,174900000
Equatorial Guinea,2021,174900000
Eritrea,1994,0
Eritrea,1995,0
Eritrea,1996,0
Eritrea,1997,0
Eritrea,1998,0
Eritrea,1999,0
Eritrea,2000,0
Eritrea,2001,0
Eritrea,2002,0
Eritrea,2003,0
Eritrea,2004,0
Eritrea,2005,0
Eritrea,2006,0
Eritrea,2007,0
Eritrea,2008,0
Eritrea,2009,0
Eritrea,2010,0
Eritrea,2011,0
Eritrea,2012,0
Eritrea,2013,0
Eritrea,2014,0
Eritrea,2015,0
Eritrea,2016,0
Eritrea,2017,0
Eritrea,2018,0
Eritrea,2019,0
Eritrea,2020,0
Eritrea,2021,0
Estonia,1997,0
Estonia,1998,0
Estonia,1999,0
Estonia,2000,0
Estonia,2001,0
Estonia,2002,0
Estonia,2003,0
Estonia,2004,0
Estonia,2005,0
Estonia,2006,0
Estonia,2007,0
Estonia,2008,0
Estonia,2009,0
Estonia,2010,0
Estonia,2011,0
Estonia,2012,0
Estonia,2013,0
Estonia,2014,0
Estonia,2015,0
Estonia,2016,0
Estonia,2017,0
Estonia,2018,0
Estonia,2019,0
Estonia,2020,0
Estonia,2021,0
Eswatini,1980,0
Eswatini,1981,0
Eswatini,1982,0
Eswatini,1983,0
Eswatini,1984,0
Eswatini,1985,0
Eswatini,1986,0
Eswatini,1987,0
Eswatini,1988,0
Eswatini,1989,0
Eswatini,1990,0
Eswatini,1991,0
Eswatini,1992,0
Eswatini,1993,0
Eswatini,1994,0
Eswatini,1995,0
Eswatini,1996,0
Eswatini,1997,0
Eswatini,1998,0
Eswatini,1999,0
Eswatini,2000,0
Eswatini,2001,0
Eswatini,2002,0
Eswatini,2003,0
Eswatini,2004,0
Eswatini,2005,0
Eswatini,2006,0
Eswatini,2007,0
Eswatini,2008,0
Eswatini,2009,0
Eswatini,2010,0
Eswatini,2011,0
Eswatini,2012,0
Eswatini,2013,0
Eswatini,2014,0
Eswatini,2015,0
Eswatini,2016,0
Eswatini,2017,0
Eswatini,2018,0
Eswatini,2019,0
Eswatini,2020,0
Eswatini,2021,0
Ethiopia,1997,68050
Ethiopia,1998,68050
Ethiopia,1999,68050
Ethiopia,2000,68050
Ethiopia,2001,68050
Ethiopia,2002,68050
Ethiopia,2003,68050
Ethiopia,2004,68050
Ethiopia,2005,68050
Ethiopia,2006,68050
Ethiopia,2007,68050
Ethiopia,2008,68050
Ethiopia,2009,68050
Ethiopia,2010,68050
Ethiopia,2011,68050
Ethiopia,2012,68050
Ethiopia,2013,68050
Ethiopia,2014,68050
Ethiopia,2015,68050
Ethiopia,2016,68050
Ethiopia,2017,68050
Ethiopia,2018,68050
Ethiopia,2019,68050
Ethiopia,2020,68050
Ethiopia,2021,68050
Faeroe Islands,1980,0
Faeroe Islands,1981,0
Faeroe Islands,1982,0
Faeroe Islands,1983,0
Faeroe Islands,1984,0
Faeroe Islands,1985,0
Faeroe Islands,1986,0
Faeroe Islands,1987,0
Faeroe Islands,1988,0
Faeroe Islands,1989,0
Faeroe Islands,1990,0
Faeroe Islands,1991,0
Faeroe Islands,1992,0
Faeroe Islands,1993,0
Faeroe Islands,1994,0
Faeroe Islands,1995,0
Faeroe Islands,1996,0
Faeroe Islands,1997,0
Faeroe Islands,1998,0
Faeroe Islands,1999,0
Faeroe Islands,2000,0
Faeroe Islands,2001,0
Faeroe Islands,2002,0
Faeroe Islands,2003,0
Faeroe Islands,2004,0
Faeroe Islands,2005,0
Faeroe Islands,2006,0
Faeroe Islands,2007,0
Faeroe Islands,2008,0
Faeroe Islands,2009,0
Faeroe Islands,2010,0
Faeroe Islands,2011,0
Faeroe Islands,2012,0
Faeroe Islands,2013,0
Faeroe Islands,2014,0
Faeroe Islands,2015,0
Faeroe Islands,2016,0
Faeroe Islands,2017,0
Faeroe Islands,2018,0
Faeroe Islands,2019,0
Faeroe Islands,2020,0
Faeroe Islands,2021,0
Falkland Islands,1980,0
Falkland Islands,1981,0
Falkland Islands,1982,0
Falkland Islands,1983,0
Falkland Islands,1984,0
Falkland Islands,1985,0
Falkland Islands,1986,0
Falkland Islands,1987,0
Falkland Islands,1988,0
Falkland Islands,1989,0
Falkland Islands,1990,0
Falkland Islands,1991,0
Falkland Islands,1992,0
Falkland Islands,1993,0
Falkland Islands,1994,0
Falkland Islands,1995,0
Falkland Islands,1996,0
Falkland Islands,1997,0
Falkland Islands,1998,0
Falkland Islands,1999,0
Falkland Islands,2000,0
Falkland Islands,2001,0
Falkland Islands,2002,0
Falkland Islands,2003,0
Falkland Islands,2004,0
Falkland Islands,2005,0
Falkland Islands,2006,0
Falkland Islands,2007,0
Falkland Islands,2008,0
Falkland Islands,2009,0
Falkland Islands,2010,0
Falkland Islands,2011,0
Falkland Islands,2012,0
Falkland Islands,2013,0
Falkland Islands,2014,0
Falkland Islands,2015,0
Falkland Islands,2016,0
Falkland Islands,2017,0
Falkland Islands,2018,0
Falkland Islands,2019,0
Falkland Islands,2020,0
Falkland Islands,2021,0
Fiji,1980,0
Fiji,1981,0
Fiji,1982,0
Fiji,1983,0
Fiji,1984,0
Fiji,1985,0
Fiji,1986,0
Fiji,1987,0
Fiji,1988,0
Fiji,1989,0
Fiji,1990,0
Fiji,1991,0
Fiji,1992,0
Fiji,1993,0
Fiji,1994,0
Fiji,1995,0
Fiji,1996,0
Fiji,1997,0
Fiji,1998,0
Fiji,1999,0
Fiji,2000,0
Fiji,2001,0
Fiji,2002,0
Fiji,2003,0
Fiji,2004,0
Fiji,2005,0
Fiji,2006,0
Fiji,2007,0
Fiji,2008,0
Fiji,2009,0
Fiji,2010,0
Fiji,2011,0
Fiji,2012,0
Fiji,2013,0
Fiji,2014,0
Fiji,2015,0
Fiji,2016,0
Fiji,2017,0
Fiji,2018,0
Fiji,2019,0
Fiji,2020,0
Fiji,2021,0
Finland,1980,0
Finland,1981,0
Finland,1982,0
Finland,1983,0
Finland,1984,0
Finland,1985,0
Finland,1986,0
Finland,1987,0
Finland,1988,0
Finland,1989,0
Finland,1990,0
Finland,1991,0
Finland,1992,0
Finland,1993,0
Finland,1994,0
Finland,1995,0
Finland,1996,0
Finland,1997,0
Finland,1998,0
Finland,1999,0
Finland,2000,0
Finland,2001,0
Finland,2002,0
Finland,2003,0
Finland,2004,0
Finland,2005,0
Finland,2006,0
Finland,2007,0
Finland,2008,0
Finland,2009,0
Finland,2010,0
Finland,2011,0
Finland,2012,0
Finland,2013,0
Finland,2014,0
Finland,2015,0
Finland,2016,0
Finland,2017,0
Finland,2018,0
Finland,2019,0
Finland,2020,0
Finland,2021,0
Former Serbia and Montenegro,1993,12320000
Former Serbia and Montenegro,1994,12320000
Former Serbia and Montenegro,1995,12320000
Former Serbia and Montenegro,1996,12320000
Former Serbia and Montenegro,1997,12320000
Former Serbia and Montenegro,1998,12320000
Former Serbia and Montenegro,1999,12320000
Former Serbia and Montenegro,2000,12320000
Former Serbia and Montenegro,2001,12320000
Former Serbia and Montenegro,2002,12320000
Former Serbia and Montenegro,2003,12320000
Former Serbia and Montenegro,2004,12320000
Former Serbia and Montenegro,2005,12320000
Former U.S.S.R.,1980,10650000000
Former U.S.S.R.,1981,10020000000
Former U.S.S.R.,1982,10020000000
Former U.S.S.R.,1983,10020000000
Former U.S.S.R.,1984,10020000000
Former U.S.S.R.,1985,10020000000
Former U.S.S.R.,1986,9699000000
Former U.S.S.R.,1987,9381000000
Former U.S.S.R.,1988,9381000000
Former U.S.S.R.,1989,9302000000
Former U.S.S.R.,1990,9286000000
Former U.S.S.R.,1991,9063000000
Former Yugoslavia,1980,43720000
Former Yugoslavia,1981,42140000
Former Yugoslavia,1991,38160000
France,1980,7950000
France,1981,6360000
France,1982,16380000
France,1983,19760000
France,1984,22230000
France,1985,23530000
France,1986,36570000
France,1987,37350000
France,1988,33810000
France,1989,32760000
France,1990,30190000
France,1991,29380000
France,1992,27160000
France,1993,28210000
France,1994,28210000
France,1995,24100000
France,1996,21990000
France,1997,18650000
France,1998,20250000
France,1999,17020000
France,2000,17020000
France,2001,23080000
France,2002,22270000
France,2003,23610000
France,2004,23610000
France,2005,23290000
France,2006,25190000
France,2007,19320000
France,2008,19050000
France,2009,16420000
France,2010,16080000
France,2011,14570000
France,2012,14310000
France,2013,13540000
France,2014,14240000
France,2015,13370000
France,2016,12470000
France,2017,11500000
France,2018,10630000
France,2019,9813000
France,2020,8881000
France,2021,9813000
French Guiana,1980,0
French Guiana,1981,0
French Guiana,1982,0
French Guiana,1983,0
French Guiana,1984,0
French Guiana,1985,0
French Guiana,1986,0
French Guiana,1987,0
French Guiana,1988,0
French Guiana,1989,0
French Guiana,1990,0
French Guiana,1991,0
French Guiana,1992,0
French Guiana,1993,0
French Guiana,1994,0
French Guiana,1995,0
French Guiana,1996,0
French Guiana,1997,0
French Guiana,1998,0
French Guiana,1999,0
French Guiana,2000,0
French Guiana,2001,0
French Guiana,2002,0
French Guiana,2003,0
French Guiana,2004,0
French Guiana,2005,0
French Guiana,2006,0
French Guiana,2007,0
French Guiana,2008,0
French Guiana,2009,0
French Guiana,2010,0
French Guiana,2011,0
French Guiana,2012,0
French Guiana,2013,0
French Guiana,2014,0
French Guiana,2015,0
French Guiana,2016,0
French Guiana,2017,0
French Guiana,2018,0
French Guiana,2019,0
French Guiana,2020,0
French Guiana,2021,0
French Polynesia,1980,0
French Polynesia,1981,0
French Polynesia,1982,0
French Polynesia,1983,0
French Polynesia,1984,0
French Polynesia,1985,0
French Polynesia,1986,0
French Polynesia,1987,0
French Polynesia,1988,0
French Polynesia,1989,0
French Polynesia,1990,0
French Polynesia,1991,0
French Polynesia,1992,0
French Polynesia,1993,0
French Polynesia,1994,0
French Polynesia,1995,0
French Polynesia,1996,0
French Polynesia,1997,0
French Polynesia,1998,0
French Polynesia,1999,0
French Polynesia,2000,0
French Polynesia,2001,0
French Polynesia,2002,0
French Polynesia,2003,0
French Polynesia,2004,0
French Polynesia,2005,0
French Polynesia,2006,0
French Polynesia,2007,0
French Polynesia,2008,0
French Polynesia,2009,0
French Polynesia,2010,0
French Polynesia,2011,0
French Polynesia,2012,0
French Polynesia,2013,0
French Polynesia,2014,0
French Polynesia,2015,0
French Polynesia,2016,0
French Polynesia,2017,0
French Polynesia,2018,0
French Polynesia,2019,0
French Polynesia,2020,0
French Polynesia,2021,0
Gabon,1980,79500000
Gabon,1981,71550000
Gabon,1982,76320000
Gabon,1983,73140000
Gabon,1984,77910000
Gabon,1985,81090000
Gabon,1986,82680000
Gabon,1987,102600000
Gabon,1988,102600000
Gabon,1989,114500000
Gabon,1990,116500000
Gabon,1991,116100000
Gabon,1992,116100000
Gabon,1993,116100000
Gabon,1994,116100000
Gabon,1995,213100000
Gabon,1996,213100000
Gabon,1997,213100000
Gabon,1998,397300000
Gabon,1999,397300000
Gabon,2000,397300000
Gabon,2001,397300000
Gabon,2002,397300000
Gabon,2003,397300000
Gabon,2004,397300000
Gabon,2005,397300000
Gabon,2006,397300000
Gabon,2007,318000000
Gabon,2008,318000000
Gabon,2009,318000000
Gabon,2010,318000000
Gabon,2011,318000000
Gabon,2012,318000000
Gabon,2013,318000000
Gabon,2014,318000000
Gabon,2015,318000000
Gabon,2016,318000000
Gabon,2017,318000000
Gabon,2018,318000000
Gabon,2019,318000000
Gabon,2020,318000000
Gabon,2021,318000000
Gambia,1980,0
Gambia,1981,0
Gambia,1982,0
Gambia,1983,0
Gambia,1984,0
Gambia,1985,0
Gambia,1986,0
Gambia,1987,0
Gambia,1988,0
Gambia,1989,0
Gambia,1990,0
Gambia,1991,0
Gambia,1992,0
Gambia,1993,0
Gambia,1994,0
Gambia,1995,0
Gambia,1996,0
Gambia,1997,0
Gambia,1998,0
Gambia,1999,0
Gambia,2000,0
Gambia,2001,0
Gambia,2002,0
Gambia,2003,0
Gambia,2004,0
Gambia,2005,0
Gambia,2006,0
Gambia,2007,0
Gambia,2008,0
Gambia,2009,0
Gambia,2010,0
Gambia,2011,0
Gambia,2012,0
Gambia,2013,0
Gambia,2014,0
Gambia,2015,0
Gambia,2016,0
Gambia,2017,0
Gambia,2018,0
Gambia,2019,0
Gambia,2020,0
Gambia,2021,0
Georgia,1997,5565000
Georgia,1998,5565000
Georgia,1999,5565000
Georgia,2000,5565000
Georgia,2001,5565000
Georgia,2002,5565000
Georgia,2003,5565000
Georgia,2004,5565000
Georgia,2005,5565000
Georgia,2006,5565000
Georgia,2007,5565000
Georgia,2008,5565000
Georgia,2009,5565000
Georgia,2010,5565000
Georgia,2011,5565000
Georgia,2012,5565000
Georgia,2013,5565000
Georgia,2014,5565000
Georgia,2015,5565000
Georgia,2016,5565000
Georgia,2017,5565000
Georgia,2018,5565000
Georgia,2019,5565000
Georgia,2020,5565000
Georgia,2021,5565000
Germany,1991,67580000
Germany,1992,71390000
Germany,1993,71440000
Germany,1994,71440000
Germany,1995,58580000
Germany,1996,53860000
Germany,1997,61270000
Germany,1998,65270000
Germany,1999,61770000
Germany,2000,56760000
Germany,2001,60370000
Germany,2002,57920000
Germany,2003,54430000
Germany,2004,70280000
Germany,2005,62700000
Germany,2006,58380000
Germany,2007,58350000
Germany,2008,58350000
Germany,2009,43880000
Germany,2010,43880000
Germany,2011,43880000
Germany,2012,43880000
Germany,2013,40410000
Germany,2014,36980000
Germany,2015,23350000
Germany,2016,21060000
Germany,2017,23120000
Germany,2018,20610000
Germany,2019,17970000
Germany,2020,16260000
Germany,2021,18320000
Ghana,1980,1113000
Ghana,1981,1002000
Ghana,1982,367300
Ghana,1983,858600
Ghana,1984,604200
Ghana,1985,604200
Ghana,1986,604200
Ghana,1987,373600
Ghana,1988,159000
Ghana,1989,159000
Ghana,1990,159000
Ghana,1991,79500
Ghana,1992,79500
Ghana,1993,79500
Ghana,1994,79500
Ghana,1995,79500
Ghana,1996,2544000
Ghana,1997,2625000
Ghana,1998,2625000
Ghana,1999,2625000
Ghana,2000,2625000
Ghana,2001,2625000
Ghana,2002,2625000
Ghana,2003,2625000
Ghana,2004,2625000
Ghana,2005,2625000
Ghana,2006,2624000
Ghana,2007,2385000
Ghana,2008,2385000
Ghana,2009,2385000
Ghana,2010,2385000
Ghana,2011,104900000
Ghana,2012,104900000
Ghana,2013,104900000
Ghana,2014,104900000
Ghana,2015,104900000
Ghana,2016,104900000
Ghana,2017,104900000
Ghana,2018,104900000
Ghana,2019,104900000
Ghana,2020,104900000
Ghana,2021,104900000
Gibraltar,1980,0
Gibraltar,1981,0
Gibraltar,1982,0
Gibraltar,1983,0
Gibraltar,1984,0
Gibraltar,1985,0
Gibraltar,1986,0
Gibraltar,1987,0
Gibraltar,1988,0
Gibraltar,1989,0
Gibraltar,1990,0
Gibraltar,1991,0
Gibraltar,1992,0
Gibraltar,1993,0
Gibraltar,1994,0
Gibraltar,1995,0
Gibraltar,1996,0
Gibraltar,1997,0
Gibraltar,1998,0
Gibraltar,1999,0
Gibraltar,2000,0
Gibraltar,2001,0
Gibraltar,2002,0
Gibraltar,2003,0
Gibraltar,2004,0
Gibraltar,2005,0
Gibraltar,2006,0
Gibraltar,2007,0
Gibraltar,2008,0
Gibraltar,2009,0
Gibraltar,2010,0
Gibraltar,2011,0
Gibraltar,2012,0
Gibraltar,2013,0
Gibraltar,2014,0
Gibraltar,2015,0
Gibraltar,2016,0
Gibraltar,2017,0
Gibraltar,2018,0
Gibraltar,2019,0
Gibraltar,2020,0
Gibraltar,2021,0
Greece,1980,23850000
Greece,1981,23850000
Greece,1982,11610000
Greece,1983,9505000
Greece,1984,8109000
Greece,1985,8109000
Greece,1986,5501000
Greece,1987,4134000
Greece,1988,3434000
Greece,1989,3180000
Greece,1990,11530000
Greece,1991,4770000
Greece,1992,6519000
Greece,1993,6519000
Greece,1994,6519000
Greece,1995,6519000
Greece,1996,2226000
Greece,1997,1908000
Greece,1998,1590000
Greece,1999,1590000
Greece,2000,1590000
Greece,2001,1590000
Greece,2002,1431000
Greece,2003,1431000
Greece,2004,954000
Greece,2005,1113000
Greece,2006,1113000
Greece,2007,795000
Greece,2008,1590000
Greece,2009,1590000
Greece,2010,1590000
Greece,2011,1590000
Greece,2012,1590000
Greece,2013,1590000
Greece,2014,1590000
Greece,2015,1590000
Greece,2016,1590000
Greece,2017,1590000
Greece,2018,1590000
Greece,2019,1590000
Greece,2020,1590000
Greece,2021,1590000
Greenland,1980,0
Greenland,1981,0
Greenland,1982,0
Greenland,1983,0
Greenland,1984,0
Greenland,1985,0
Greenland,1986,0
Greenland,1987,0
Greenland,1988,0
Greenland,1989,0
Greenland,1990,0
Greenland,1991,0
Greenland,1992,0
Greenland,1993,0
Greenland,1994,0
Greenland,1995,0
Greenland,1996,0
Greenland,1997,0
Greenland,1998,0
Greenland,1999,0
Greenland,2000,0
Greenland,2001,0
Greenland,2002,0
Greenland,2003,0
Greenland,2004,0
Greenland,2005,0
Greenland,2006,0
Greenland,2007,0
Greenland,2008,0
Greenland,2009,0
Greenland,2010,0
Greenland,2011,0
Greenland,2012,0
Greenland,2013,0
Greenland,2014,0
Greenland,2015,0
Greenland,2016,0
Greenland,2017,0
Greenland,2018,0
Greenland,2019,0
Greenland,2020,0
Greenland,2021,0
Grenada,1980,0
Grenada,1981,0
Grenada,1982,0
Grenada,1983,0
Grenada,1984,0
Grenada,1985,0
Grenada,1986,0
Grenada,1987,0
Grenada,1988,0
Grenada,1989,0
Grenada,1990,0
Grenada,1991,0
Grenada,1992,0
Grenada,1993,0
Grenada,1994,0
Grenada,1995,0
Grenada,1996,0
Grenada,1997,0
Grenada,1998,0
Grenada,1999,0
Grenada,2000,0
Grenada,2001,0
Grenada,2002,0
Grenada,2003,0
Grenada,2004,0
Grenada,2005,0
Grenada,2006,0
Grenada,2007,0
Grenada,2008,0
Grenada,2009,0
Grenada,2010,0
Grenada,2011,0
Grenada,2012,0
Grenada,2013,0
Grenada,2014,0
Grenada,2015,0
Grenada,2016,0
Grenada,2017,0
Grenada,2018,0
Grenada,2019,0
Grenada,2020,0
Grenada,2021,0
Guadeloupe,1980,0
Guadeloupe,1981,0
Guadeloupe,1982,0
Guadeloupe,1983,0
Guadeloupe,1984,0
Guadeloupe,1985,0
Guadeloupe,1986,0
Guadeloupe,1987,0
Guadeloupe,1988,0
Guadeloupe,1989,0
Guadeloupe,1990,0
Guadeloupe,1991,0
Guadeloupe,1992,0
Guadeloupe,1993,0
Guadeloupe,1994,0
Guadeloupe,1995,0
Guadeloupe,1996,0
Guadeloupe,1997,0
Guadeloupe,1998,0
Guadeloupe,1999,0
Guadeloupe,2000,0
Guadeloupe,2001,0
Guadeloupe,2002,0
Guadeloupe,2003,0
Guadeloupe,2004,0
Guadeloupe,2005,0
Guadeloupe,2006,0
Guadeloupe,2007,0
Guadeloupe,2008,0
Guadeloupe,2009,0
Guadeloupe,2010,0
Guadeloupe,2011,0
Guadeloupe,2012,0
Guadeloupe,2013,0
Guadeloupe,2014,0
Guadeloupe,2015,0
Guadeloupe,2016,0
Guadeloupe,2017,0
Guadeloupe,2018,0
Guadeloupe,2019,0
Guadeloupe,2020,0
Guadeloupe,2021,0
Guam,1980,0
Guam,1981,0
Guam,1982,0
Guam,1983,0
Guam,1984,0
Guam,1985,0
Guam,1986,0
Guam,1987,0
Guam,1988,0
Guam,1989,0
Guam,1990,0
Guam,1991,0
Guam,1992,0
Guam,1993,0
Guam,1994,0
Guam,1995,0
Guam,1996,0
Guam,1997,0
Guam,1998,0
Guam,1999,0
Guam,2000,0
Guam,2001,0
Guam,2002,0
Guam,2003,0
Guam,2004,0
Guam,2005,0
Guam,2006,0
Guam,2007,0
Guam,2008,0
Guam,2009,0
Guam,2010,0
Guam,2011,0
Guam,2012,0
Guam,2013,0
Guam,2014,0
Guam,2015,0
Guam,2016,0
Guam,2017,0
Guam,2018,0
Guam,2019,0
Guam,2020,0
Guam,2021,0
Guatemala,1980,2544000
Guatemala,1981,3180000
Guatemala,1982,8745000
Guatemala,1983,7950000
Guatemala,1984,7632000
Guatemala,1985,79500000
Guatemala,1986,7950000
Guatemala,1987,3657000
Guatemala,1988,6598000
Guatemala,1989,12850000
Guatemala,1990,6614000
Guatemala,1991,5757000
Guatemala,1992,5533000
Guatemala,1993,32910000
Guatemala,1994,32910000
Guatemala,1995,77590000
Guatemala,1996,77590000
Guatemala,1997,31800000
Guatemala,1998,31800000
Guatemala,1999,83630000
Guatemala,2000,83630000
Guatemala,2001,83630000
Guatemala,2002,83630000
Guatemala,2003,83630000
Guatemala,2004,83630000
Guatemala,2005,83630000
Guatemala,2006,83630000
Guatemala,2007,13210000
Guatemala,2008,13210000
Guatemala,2009,13210000
Guatemala,2010,13210000
Guatemala,2011,13210000
Guatemala,2012,13210000
Guatemala,2013,13210000
Guatemala,2014,13210000
Guatemala,2015,13210000
Guatemala,2016,13210000
Guatemala,2017,13210000
Guatemala,2018,13210000
Guatemala,2019,14570000
Guatemala,2020,14220000
Guatemala,2021,13690000
Guinea,1980,0
Guinea,1981,0
Guinea,1982,0
Guinea,1983,0
Guinea,1984,0
Guinea,1985,0
Guinea,1986,0
Guinea,1987,0
Guinea,1988,0
Guinea,1989,0
Guinea,1990,0
Guinea,1991,0
Guinea,1992,0
Guinea,1993,0
Guinea,1994,0
Guinea,1995,0
Guinea,1996,0
Guinea,1997,0
Guinea,1998,0
Guinea,1999,0
Guinea,2000,0
Guinea,2001,0
Guinea,2002,0
Guinea,2003,0
Guinea,2004,0
Guinea,2005,0
Guinea,2006,0
Guinea,2007,0
Guinea,2008,0
Guinea,2009,0
Guinea,2010,0
Guinea,2011,0
Guinea,2012,0
Guinea,2013,0
Guinea,2014,0
Guinea,2015,0
Guinea,2016,0
Guinea,2017,0
Guinea,2018,0
Guinea,2019,0
Guinea,2020,0
Guinea,2021,0
Guinea-Bissau,1980,0
Guinea-Bissau,1981,0
Guinea-Bissau,1982,0
Guinea-Bissau,1983,0
Guinea-Bissau,1984,0
Guinea-Bissau,1985,0
Guinea-Bissau,1986,0
Guinea-Bissau,1987,0
Guinea-Bissau,1988,0
Guinea-Bissau,1989,0
Guinea-Bissau,1990,0
Guinea-Bissau,1991,0
Guinea-Bissau,1992,0
Guinea-Bissau,1993,0
Guinea-Bissau,1994,0
Guinea-Bissau,1995,0
Guinea-Bissau,1996,0
Guinea-Bissau,1997,0
Guinea-Bissau,1998,0
Guinea-Bissau,1999,0
Guinea-Bissau,2000,0
Guinea-Bissau,2001,0
Guinea-Bissau,2002,0
Guinea-Bissau,2003,0
Guinea-Bissau,2004,0
Guinea-Bissau,2005,0
Guinea-Bissau,2006,0
Guinea-Bissau,2007,0
Guinea-Bissau,2008,0
Guinea-Bissau,2009,0
Guinea-Bissau,2010,0
Guinea-Bissau,2011,0
Guinea-Bissau,2012,0
Guinea-Bissau,2013,0
Guinea-Bissau,2014,0
Guinea-Bissau,2015,0
Guinea-Bissau,2016,0
Guinea-Bissau,2017,0
Guinea-Bissau,2018,0
Guinea-Bissau,2019,0
Guinea-Bissau,2020,0
Guinea-Bissau,2021,0
Guyana,1980,0
Guyana,1981,0
Guyana,1982,0
Guyana,1983,0
Guyana,1984,0
Guyana,1985,0
Guyana,1986,0
Guyana,1987,0
Guyana,1988,0
Guyana,1989,0
Guyana,1990,0
Guyana,1991,0
Guyana,1992,0
Guyana,1993,0
Guyana,1994,0
Guyana,1995,0
Guyana,1996,0
Guyana,1997,0
Guyana,1998,0
Guyana,1999,0
Guyana,2000,0
Guyana,2001,0
Guyana,2002,0
Guyana,2003,0
Guyana,2004,0
Guyana,2005,0
Guyana,2006,0
Guyana,2007,0
Guyana,2008,0
Guyana,2009,0
Guyana,2010,0
Guyana,2011,0
Guyana,2012,0
Guyana,2013,0
Guyana,2014,0
Guyana,2015,0
Guyana,2016,0
Guyana,2017,0
Guyana,2018,0
Guyana,2019,0
Guyana,2020,0
Guyana,2021,0
Haiti,1980,0
Haiti,1981,0
Haiti,1982,0
Haiti,1983,0
Haiti,1984,0
Haiti,1985,0
Haiti,1986,0
Haiti,1987,0
Haiti,1988,0
Haiti,1989,0
Haiti,1990,0
Haiti,1991,0
Haiti,1992,0
Haiti,1993,0
Haiti,1994,0
Haiti,1995,0
Haiti,1996,0
Haiti,1997,0
Haiti,1998,0
Haiti,1999,0
Haiti,2000,0
Haiti,2001,0
Haiti,2002,0
Haiti,2003,0
Haiti,2004,0
Haiti,2005,0
Haiti,2006,0
Haiti,2007,0
Haiti,2008,0
Haiti,2009,0
Haiti,2010,0
Haiti,2011,0
Haiti,2012,0
Haiti,2013,0
Haiti,2014,0
Haiti,2015,0
Haiti,2016,0
Haiti,2017,0
Haiti,2018,0
Haiti,2019,0
Haiti,2020,0
Haiti,2021,0
Hawaiian Trade Zone,1980,0
Hawaiian Trade Zone,1981,0
Hawaiian Trade Zone,1982,0
Hawaiian Trade Zone,1983,0
Hawaiian Trade Zone,1984,0
Hawaiian Trade Zone,1985,0
Hawaiian Trade Zone,1986,0
Honduras,1980,0
Honduras,1981,0
Honduras,1982,0
Honduras,1983,0
Honduras,1984,0
Honduras,1985,0
Honduras,1986,0
Honduras,1987,0
Honduras,1988,0
Honduras,1989,0
Honduras,1990,0
Honduras,1991,0
Honduras,1992,0
Honduras,1993,0
Honduras,1994,0
Honduras,1995,0
Honduras,1996,0
Honduras,1997,0
Honduras,1998,0
Honduras,1999,0
Honduras,2000,0
Honduras,2001,0
Honduras,2002,0
Honduras,2003,0
Honduras,2004,0
Honduras,2005,0
Honduras,2006,0
Honduras,2007,0
Honduras,2008,0
Honduras,2009,0
Honduras,2010,0
Honduras,2011,0
Honduras,2012,0
Honduras,2013,0
Honduras,2014,0
Honduras,2015,0
Honduras,2016,0
Honduras,2017,0
Honduras,2018,0
Honduras,2019,0
Honduras,2020,0
Honduras,2021,0
Hong Kong,1980,0
Hong Kong,1981,0
Hong Kong,1982,0
Hong Kong,1983,0
Hong Kong,1984,0
Hong Kong,1985,0
Hong Kong,1986,0
Hong Kong,1987,0
Hong Kong,1988,0
Hong Kong,1989,0
Hong Kong,1990,0
Hong Kong,1991,0
Hong Kong,1992,0
Hong Kong,1993,0
Hong Kong,1994,0
Hong Kong,1995,0
Hong Kong,1996,0
Hong Kong,1997,0
Hong Kong,1998,0
Hong Kong,1999,0
Hong Kong,2000,0
Hong Kong,2001,0
Hong Kong,2002,0
Hong Kong,2003,0
Hong Kong,2004,0
Hong Kong,2005,0
Hong Kong,2006,0
Hong Kong,2007,0
Hong Kong,2008,0
Hong Kong,2009,0
Hong Kong,2010,0
Hong Kong,2011,0
Hong Kong,2012,0
Hong Kong,2013,0
Hong Kong,2014,0
Hong Kong,2015,0
Hong Kong,2016,0
Hong Kong,2017,0
Hong Kong,2018,0
Hong Kong,2019,0
Hong Kong,2020,0
Hong Kong,2021,0
Hungary,1992,25200000
Hungary,1993,23370000
Hungary,1994,22110000
Hungary,1995,21010000
Hungary,1996,20440000
Hungary,1997,19010000
Hungary,1998,20320000
Hungary,1999,20890000
Hungary,2000,17440000
Hungary,2001,17440000
Hungary,2002,17640000
Hungary,2003,16290000
Hungary,2004,16290000
Hungary,2005,16290000
Hungary,2006,16290000
Hungary,2007,3209000
Hungary,2008,3209000
Hungary,2009,3209000
Hungary,2010,4224000
Hungary,2011,4224000
Hungary,2012,5044000
Hungary,2013,4344000
Hungary,2014,4323000
Hungary,2015,3498000
Hungary,2016,4547000
Hungary,2017,3991000
Hungary,2018,3244000
Hungary,2019,3244000
Hungary,2020,2910000
Hungary,2021,1924000
Iceland,1980,0
Iceland,1981,0
Iceland,1982,0
Iceland,1983,0
Iceland,1984,0
Iceland,1985,0
Iceland,1986,0
Iceland,1987,0
Iceland,1988,0
Iceland,1989,0
Iceland,1990,0
Iceland,1991,0
Iceland,1992,0
Iceland,1993,0
Iceland,1994,0
Iceland,1995,0
Iceland,1996,0
Iceland,1997,0
Iceland,1998,0
Iceland,1999,0
Iceland,2000,0
Iceland,2001,0
Iceland,2002,0
Iceland,2003,0
Iceland,2004,0
Iceland,2005,0
Iceland,2006,0
Iceland,2007,0
Iceland,2008,0
Iceland,2009,0
Iceland,2010,0
Iceland,2011,0
Iceland,2012,0
Iceland,2013,0
Iceland,2014,0
Iceland,2015,0
Iceland,2016,0
Iceland,2017,0
Iceland,2018,0
Iceland,2019,0
Iceland,2020,0
Iceland,2021,0
India,1980,413400000
India,1981,410200000
India,1982,424800000
India,1983,543200000
India,1984,554100000
India,1985,556500000
India,1986,594000000
India,1987,668200000
India,1988,675800000
India,1989,1010000000
India,1990,1195000000
India,1991,1272000000
India,1992,974200000
India,1993,961800000
India,1994,941400000
India,1995,918400000
India,1996,924400000
India,1997,689000000
India,1998,690000000
India,1999,631500000
India,2000,769200000
India,2001,751700000
India,2002,769600000
India,2003,853400000
India,2004,854000000
India,2005,861300000
India,2006,929800000
India,2007,894300000
India,2008,894300000
India,2009,894300000
India,2010,894300000
India,2011,903400000
India,2012,891400000
India,2013,870700000
India,2014,897200000
India,2015,902300000
India,2016,751900000
India,2017,734900000
India,2018,714600000
India,2019,703300000
India,2020,703300000
India,2021,732200000
Indonesia,1980,1526000000
Indonesia,1981,1510000000
Indonesia,1982,1558000000
Indonesia,1983,1518000000
Indonesia,1984,1447000000
Indonesia,1985,1375000000
Indonesia,1986,1352000000
Indonesia,1987,1320000000
Indonesia,1988,1336000000
Indonesia,1989,1312000000
Indonesia,1990,1304000000
Indonesia,1991,1757000000
Indonesia,1992,1046000000
Indonesia,1993,918900000
Indonesia,1994,918900000
Indonesia,1995,918900000
Indonesia,1996,821500000
Indonesia,1997,791800000
Indonesia,1998,791800000
Indonesia,1999,791800000
Indonesia,2000,791800000
Indonesia,2001,791800000
Indonesia,2002,795000000
Indonesia,2003,795000000
Indonesia,2004,747300000
Indonesia,2005,747300000
Indonesia,2006,683900000
Indonesia,2007,683700000
Indonesia,2008,694800000
Indonesia,2009,634400000
Indonesia,2010,634400000
Indonesia,2011,634400000
Indonesia,2012,617800000
Indonesia,2013,640800000
Indonesia,2014,594900000
Indonesia,2015,594900000
Indonesia,2016,587100000
Indonesia,2017,572400000
Indonesia,2018,526300000
Indonesia,2019,504000000
Indonesia,2020,500800000
Indonesia,2021,394300000
Iran,1980,9222000000
Iran,1981,9142000000
Iran,1982,9063000000
Iran,1983,8794000000
Iran,1984,8109000000
Iran,1985,7712000000
Iran,1986,7612000000
Iran,1987,7759000000
Iran,1988,14760000000
Iran,1989,14760000000
Iran,1990,14760000000
Iran,1991,14760000000
Iran,1992,14760000000
Iran,1993,14760000000
Iran,1994,14760000000
Iran,1995,14190000000
Iran,1996,14020000000
Iran,1997,14790000000
Iran,1998,14790000000
Iran,1999,14260000000
Iran,2000,14260000000
Iran,2001,14260000000
Iran,2002,14260000000
Iran,2003,14260000000
Iran,2004,20000000000
Iran,2005,20000000000
Iran,2006,21060000000
Iran,2007,21670000000
Iran,2008,22010000000
Iran,2009,21650000000
Iran,2010,21880000000
Iran,2011,21780000000
Iran,2012,24040000000
Iran,2013,24580000000
Iran,2014,25010000000
Iran,2015,25090000000
Iran,2016,25050000000
Iran,2017,25190000000
Iran,2018,24990000000
Iran,2019,24740000000
Iran,2020,24740000000
Iran,2021,33170000000
Iraq,1980,4929000000
Iraq,1981,4770000000
Iraq,1982,4722000000
Iraq,1983,6519000000
Iraq,1984,6837000000
Iraq,1985,7076000000
Iraq,1986,7013000000
Iraq,1987,7489000000
Iraq,1988,15900000000
Iraq,1989,15900000000
Iraq,1990,15900000000
Iraq,1991,15900000000
Iraq,1992,15900000000
Iraq,1993,15900000000
Iraq,1994,15900000000
Iraq,1995,15900000000
Iraq,1996,15900000000
Iraq,1997,17810000000
Iraq,1998,17890000000
Iraq,1999,17890000000
Iraq,2000,17890000000
Iraq,2001,17890000000
Iraq,2002,17890000000
Iraq,2003,17890000000
Iraq,2004,18280000000
Iraq,2005,18280000000
Iraq,2006,18280000000
Iraq,2007,18280000000
Iraq,2008,18280000000
Iraq,2009,18280000000
Iraq,2010,18280000000
Iraq,2011,18280000000
Iraq,2012,22750000000
Iraq,2013,22470000000
Iraq,2014,22310000000
Iraq,2015,22930000000
Iraq,2016,22750000000
Iraq,2017,22660000000
Iraq,2018,23650000000
Iraq,2019,23410000000
Iraq,2020,23060000000
Iraq,2021,23060000000
Ireland,1980,0
Ireland,1981,0
Ireland,1982,0
Ireland,1983,0
Ireland,1984,0
Ireland,1985,0
Ireland,1986,0
Ireland,1987,0
Ireland,1988,0
Ireland,1989,0
Ireland,1990,0
Ireland,1991,0
Ireland,1992,0
Ireland,1993,0
Ireland,1994,0
Ireland,1995,0
Ireland,1996,0
Ireland,1997,0
Ireland,1998,0
Ireland,1999,0
Ireland,2000,0
Ireland,2001,0
Ireland,2002,0
Ireland,2003,0
Ireland,2004,0
Ireland,2005,0
Ireland,2006,0
Ireland,2007,0
Ireland,2008,0
Ireland,2009,0
Ireland,2010,0
Ireland,2011,0
Ireland,2012,0
Ireland,2013,0
Ireland,2014,0
Ireland,2015,0
Ireland,2016,0
Ireland,2017,0
Ireland,2018,0
Ireland,2019,0
Ireland,2020,0
Ireland,2021,0
Israel,1980,159000
Israel,1981,159000
Israel,1982,151000
Israel,1983,142000
Israel,1984,127200
Israel,1985,119200
Israel,1986,112900
Israel,1987,111300
Israel,1988,111300
Israel,1989,257400
Israel,1990,235800
Israel,1991,222600
Israel,1992,205000
Israel,1993,543500
Israel,1994,532800
Israel,1995,523900
Israel,1996,653000
Israel,1997,650300
Israel,1998,640800
Israel,1999,624900
Israel,2000,620100
Israel,2001,615300
Israel,2002,610600
Israel,2003,605800
Israel,2004,601000
Israel,2005,318000
Israel,2006,318000
Israel,2007,311600
Israel,2008,308500
Israel,2009,308500
Israel,2010,308500
Israel,2011,308500
Israel,2012,1876000
Israel,2013,1828000
Israel,2014,2208000
Israel,2015,2219000
Israel,2016,2219000
Israel,2017,2024000
Israel,2018,2024000
Israel,2019,2024000
Israel,2020,2024000
Israel,2021,2024000
Italy,1980,102600000
Italy,1981,101800000
Italy,1982,99380000
Italy,1983,111800000
Italy,1984,127200000
Italy,1985,127200000
Italy,1986,117700000
Italy,1987,114800000
Italy,1988,117500000
Italy,1989,117500000
Italy,1990,115600000
Italy,1991,110300000
Italy,1992,110100000
Italy,1993,118800000
Italy,1994,98660000
Italy,1995,98660000
Italy,1996,98660000
Italy,1997,108900000
Italy,1998,116000000
Italy,1999,98860000
Italy,2000,98860000
Italy,2001,98860000
Italy,2002,98860000
Italy,2003,98850000
Italy,2004,98850000
Italy,2005,98850000
Italy,2006,98850000
Italy,2007,95400000
Italy,2008,64630000
Italy,2009,64630000
Italy,2010,67360000
Italy,2011,75750000
Italy,2012,83180000
Italy,2013,82880000
Italy,2014,89120000
Italy,2015,86580000
Italy,2016,92100000
Italy,2017,88520000
Italy,2018,77560000
Italy,2019,84970000
Italy,2020,82350000
Italy,2021,79170000
Jamaica,1980,0
Jamaica,1981,0
Jamaica,1982,0
Jamaica,1983,0
Jamaica,1984,0
Jamaica,1985,0
Jamaica,1986,0
Jamaica,1987,0
Jamaica,1988,0
Jamaica,1989,0
Jamaica,1990,0
Jamaica,1991,0
Jamaica,1992,0
Jamaica,1993,0
Jamaica,1994,0
Jamaica,1995,0
Jamaica,1996,0
Jamaica,1997,0
Jamaica,1998,0
Jamaica,1999,0
Jamaica,2000,0
Jamaica,2001,0
Jamaica,2002,0
Jamaica,2003,0
Jamaica,2004,0
Jamaica,2005,0
Jamaica,2006,0
Jamaica,2007,0
Jamaica,2008,0
Jamaica,2009,0
Jamaica,2010,0
Jamaica,2011,0
Jamaica,2012,0
Jamaica,2013,0
Jamaica,2014,0
Jamaica,2015,0
Jamaica,2016,0
Jamaica,2017,0
Jamaica,2018,0
Jamaica,2019,0
Jamaica,2020,0
Jamaica,2021,0
Japan,1980,8745000
Japan,1981,8268000
Japan,1982,11130000
Japan,1983,9540000
Japan,1984,9222000
Japan,1985,8904000
Japan,1986,9858000
Japan,1987,9063000
Japan,1988,9030000
Japan,1989,8666000
Japan,1990,9670000
Japan,1991,10020000
Japan,1992,9501000
Japan,1993,9516000
Japan,1994,8625000
Japan,1995,7843000
Japan,1996,7771000
Japan,1997,8015000
Japan,1998,9570000
Japan,1999,9570000
Japan,2000,9314000
Japan,2001,9314000
Japan,2002,9314000
Japan,2003,9302000
Japan,2004,9302000
Japan,2005,9302000
Japan,2006,9302000
Japan,2007,9302000
Japan,2008,7014000
Japan,2009,7014000
Japan,2010,7014000
Japan,2011,7014000
Japan,2012,7014000
Japan,2013,7014000
Japan,2014,7014000
Japan,2015,7014000
Japan,2016,7014000
Japan,2017,7014000
Japan,2018,7014000
Japan,2019,7014000
Japan,2020,7014000
Japan,2021,7014000
Jordan,1988,1908000
Jordan,1989,795000
Jordan,1990,795000
Jordan,1991,3180000
Jordan,1992,795000
Jordan,1993,636000
Jordan,1994,159000
Jordan,1995,47700
Jordan,1996,47700
Jordan,1997,47700
Jordan,1998,47700
Jordan,1999,47700
Jordan,2000,143100
Jordan,2001,141500
Jordan,2002,141500
Jordan,2003,141500
Jordan,2004,159000
Jordan,2005,159000
Jordan,2006,159000
Jordan,2007,159000
Jordan,2008,159000
Jordan,2009,159000
Jordan,2010,159000
Jordan,2011,159000
Jordan,2012,159000
Jordan,2013,159000
Jordan,2014,159000
Jordan,2015,159000
Jordan,2016,159000
Jordan,2017,159000
Jordan,2018,159000
Jordan,2019,159000
Jordan,2020,159000
Jordan,2021,159000
Kazakhstan,1997,861300000
Kazakhstan,1998,861300000
Kazakhstan,1999,861300000
Kazakhstan,2000,861300000
Kazakhstan,2001,861300000
Kazakhstan,2002,861300000
Kazakhstan,2003,1431000000
Kazakhstan,2004,1431000000
Kazakhstan,2005,1431000000
Kazakhstan,2006,1431000000
Kazakhstan,2007,4770000000
Kazakhstan,2008,4770000000
Kazakhstan,2009,4770000000
Kazakhstan,2010,4770000000
Kazakhstan,2011,4770000000
Kazakhstan,2012,4770000000
Kazakhstan,2013,4770000000
Kazakhstan,2014,4770000000
Kazakhstan,2015,4770000000
Kazakhstan,2016,4770000000
Kazakhstan,2017,4770000000
Kazakhstan,2018,4770000000
Kazakhstan,2019,4770000000
Kazakhstan,2020,4770000000
Kazakhstan,2021,4770000000
Kenya,1980,0
Kenya,1981,0
Kenya,1982,0
Kenya,1983,0
Kenya,1984,0
Kenya,1985,0
Kenya,1986,0
Kenya,1987,0
Kenya,1988,0
Kenya,1989,0
Kenya,1990,0
Kenya,1991,0
Kenya,1992,0
Kenya,1993,0
Kenya,1994,0
Kenya,1995,0
Kenya,1996,0
Kenya,1997,0
Kenya,1998,0
Kenya,1999,0
Kenya,2000,0
Kenya,2001,0
Kenya,2002,0
Kenya,2003,0
Kenya,2004,0
Kenya,2005,0
Kenya,2006,0
Kenya,2007,0
Kenya,2008,0
Kenya,2009,0
Kenya,2010,0
Kenya,2011,0
Kenya,2012,0
Kenya,2013,0
Kenya,2014,0
Kenya,2015,0
Kenya,2016,0
Kenya,2017,0
Kenya,2018,0
Kenya,2019,0
Kenya,2020,0
Kenya,2021,0
Kiribati,1980,0
Kiribati,1981,0
Kiribati,1982,0
Kiribati,1983,0
Kiribati,1984,0
Kiribati,1985,0
Kiribati,1986,0
Kiribati,1987,0
Kiribati,1988,0
Kiribati,1989,0
Kiribati,1990,0
Kiribati,1991,0
Kiribati,1992,0
Kiribati,1993,0
Kiribati,1994,0
Kiribati,1995,0
Kiribati,1996,0
Kiribati,1997,0
Kiribati,1998,0
Kiribati,1999,0
Kiribati,2000,0
Kiribati,2001,0
Kiribati,2002,0
Kiribati,2003,0
Kiribati,2004,0
Kiribati,2005,0
Kiribati,2006,0
Kiribati,2007,0
Kiribati,2008,0
Kiribati,2009,0
Kiribati,2010,0
Kiribati,2011,0
Kiribati,2012,0
Kiribati,2013,0
Kiribati,2014,0
Kiribati,2015,0
Kiribati,2016,0
Kiribati,2017,0
Kiribati,2018,0
Kiribati,2019,0
Kiribati,2020,0
Kiribati,2021,0
Kosovo,2008,0
Kosovo,2009,0
Kosovo,2010,0
Kosovo,2011,0
Kosovo,2012,0
Kosovo,2013,0
Kosovo,2014,0
Kosovo,2015,0
Kosovo,2016,0
Kosovo,2017,0
Kosovo,2018,0
Kosovo,2019,0
Kosovo,2020,0
Kosovo,2021,0
Kuwait,1980,10900000000
Kuwait,1981,10800000000
Kuwait,1982,10770000000
Kuwait,1983,10680000000
Kuwait,1984,10610000000
Kuwait,1985,14740000000
Kuwait,1986,14700000000
Kuwait,1987,15030000000
Kuwait,1988,15030000000
Kuwait,1989,15030000000
Kuwait,1990,15440000000
Kuwait,1991,15430000000
Kuwait,1992,15340000000
Kuwait,1993,15340000000
Kuwait,1994,15340000000
Kuwait,1995,15340000000
Kuwait,1996,15340000000
Kuwait,1997,15340000000
Kuwait,1998,15340000000
Kuwait,1999,15340000000
Kuwait,2000,15340000000
Kuwait,2001,15340000000
Kuwait,2002,15340000000
Kuwait,2003,15340000000
Kuwait,2004,15740000000
Kuwait,2005,16140000000
Kuwait,2006,16140000000
Kuwait,2007,16140000000
Kuwait,2008,16140000000
Kuwait,2009,16140000000
Kuwait,2010,16140000000
Kuwait,2011,16140000000
Kuwait,2012,16140000000
Kuwait,2013,16140000000
Kuwait,2014,16140000000
Kuwait,2015,16140000000
Kuwait,2016,16140000000
Kuwait,2017,16140000000
Kuwait,2018,16140000000
Kuwait,2019,16140000000
Kuwait,2020,16140000000
Kuwait,2021,16140000000
Kyrgyzstan,1997,6360000
Kyrgyzstan,1998,6360000
Kyrgyzstan,1999,6360000
Kyrgyzstan,2000,6360000
Kyrgyzstan,2001,6360000
Kyrgyzstan,2002,6360000
Kyrgyzstan,2003,6360000
Kyrgyzstan,2004,6360000
Kyrgyzstan,2005,6360000
Kyrgyzstan,2006,6360000
Kyrgyzstan,2007,6360000
Kyrgyzstan,2008,6360000
Kyrgyzstan,2009,6360000
Kyrgyzstan,2010,6360000
Kyrgyzstan,2011,6360000
Kyrgyzstan,2012,6360000
Kyrgyzstan,2013,6360000
Kyrgyzstan,2014,6360000
Kyrgyzstan,2015,6360000
Kyrgyzstan,2016,6360000
Kyrgyzstan,2017,6360000
Kyrgyzstan,2018,6360000
Kyrgyzstan,2019,6360000
Kyrgyzstan,2020,6360000
Kyrgyzstan,2021,6360000
Laos,1980,0
Laos,1981,0
Laos,1982,0
Laos,1983,0
Laos,1984,0
Laos,1985,0
Laos,1986,0
Laos,1987,0
Laos,1988,0
Laos,1989,0
Laos,1990,0
Laos,1991,0
Laos,1992,0
Laos,1993,0
Laos,1994,0
Laos,1995,0
Laos,1996,0
Laos,1997,0
Laos,1998,0
Laos,1999,0
Laos,2000,0
Laos,2001,0
Laos,2002,0
Laos,2003,0
Laos,2004,0
Laos,2005,0
Laos,2006,0
Laos,2007,0
Laos,2008,0
Laos,2009,0
Laos,2010,0
Laos,2011,0
Laos,2012,0
Laos,2013,0
Laos,2014,0
Laos,2015,0
Laos,2016,0
Laos,2017,0
Laos,2018,0
Laos,2019,0
Laos,2020,0
Laos,2021,0
Latvia,1997,0
Latvia,1998,0
Latvia,1999,0
Latvia,2000,0
Latvia,2001,0
Latvia,2002,0
Latvia,2003,0
Latvia,2004,0
Latvia,2005,0
Latvia,2006,0
Latvia,2007,0
Latvia,2008,0
Latvia,2009,0
Latvia,2010,0
Latvia,2011,0
Latvia,2012,0
Latvia,2013,0
Latvia,2014,0
Latvia,2015,0
Latvia,2016,0
Latvia,2017,0
Latvia,2018,0
Latvia,2019,0
Latvia,2020,0
Latvia,2021,0
Lebanon,1980,0
Lebanon,1981,0
Lebanon,1982,0
Lebanon,1983,0
Lebanon,1984,0
Lebanon,1985,0
Lebanon,1986,0
Lebanon,1987,0
Lebanon,1988,0
Lebanon,1989,0
Lebanon,1990,0
Lebanon,1991,0
Lebanon,1992,0
Lebanon,1993,0
Lebanon,1994,0
Lebanon,1995,0
Lebanon,1996,0
Lebanon,1997,0
Lebanon,1998,0
Lebanon,1999,0
Lebanon,2000,0
Lebanon,2001,0
Lebanon,2002,0
Lebanon,2003,0
Lebanon,2004,0
Lebanon,2005,0
Lebanon,2006,0
Lebanon,2007,0
Lebanon,2008,0
Lebanon,2009,0
Lebanon,2010,0
Lebanon,2011,0
Lebanon,2012,0
Lebanon,2013,0
Lebanon,2014,0
Lebanon,2015,0
Lebanon,2016,0
Lebanon,2017,0
Lebanon,2018,0
Lebanon,2019,0
Lebanon,2020,0
Lebanon,2021,0
Lesotho,1980,0
Lesotho,1981,0
Lesotho,1982,0
Lesotho,1983,0
Lesotho,1984,0
Lesotho,1985,0
Lesotho,1986,0
Lesotho,1987,0
Lesotho,1988,0
Lesotho,1989,0
Lesotho,1990,0
Lesotho,1991,0
Lesotho,1992,0
Lesotho,1993,0
Lesotho,1994,0
Lesotho,1995,0
Lesotho,1996,0
Lesotho,1997,0
Lesotho,1998,0
Lesotho,1999,0
Lesotho,2000,0
Lesotho,2001,0
Lesotho,2002,0
Lesotho,2003,0
Lesotho,2004,0
Lesotho,2005,0
Lesotho,2006,0
Lesotho,2007,0
Lesotho,2008,0
Lesotho,2009,0
Lesotho,2010,0
Lesotho,2011,0
Lesotho,2012,0
Lesotho,2013,0
Lesotho,2014,0
Lesotho,2015,0
Lesotho,2016,0
Lesotho,2017,0
Lesotho,2018,0
Lesotho,2019,0
Lesotho,2020,0
Lesotho,2021,0
Liberia,1980,0
Liberia,1981,0
Liberia,1982,0
Liberia,1983,0
Liberia,1984,0
Liberia,1985,0
Liberia,1986,0
Liberia,1987,0
Liberia,1988,0
Liberia,1989,0
Liberia,1990,0
Liberia,1991,0
Liberia,1992,0
Liberia,1993,0
Liberia,1994,0
Liberia,1995,0
Liberia,1996,0
Liberia,1997,0
Liberia,1998,0
Liberia,1999,0
Liberia,2000,0
Liberia,2001,0
Liberia,2002,0
Liberia,2003,0
Liberia,2004,0
Liberia,2005,0
Liberia,2006,0
Liberia,2007,0
Liberia,2008,0
Liberia,2009,0
Liberia,2010,0
Liberia,2011,0
Liberia,2012,0
Liberia,2013,0
Liberia,2014,0
Liberia,2015,0
Liberia,2016,0
Liberia,2017,0
Liberia,2018,0
Liberia,2019,0
Liberia,2020,0
Liberia,2021,0
Libya,1980,3736000000
Libya,1981,3657000000
Libya,1982,3593000000
Libya,1983,3418000000
Libya,1984,3382000000
Libya,1985,3355000000
Libya,1986,3387000000
Libya,1987,3387000000
Libya,1988,3339000000
Libya,1989,3498000000
Libya,1990,3625000000
Libya,1991,3625000000
Libya,1992,3625000000
Libya,1993,3625000000
Libya,1994,3625000000
Libya,1995,3625000000
Libya,1996,4690000000
Libya,1997,4690000000
Libya,1998,4690000000
Libya,1999,4690000000
Libya,2000,4690000000
Libya,2001,4690000000
Libya,2002,4690000000
Libya,2003,4690000000
Libya,2004,5724000000
Libya,2005,6201000000
Libya,2006,6221000000
Libya,2007,6593000000
Libya,2008,6593000000
Libya,2009,6942000000
Libya,2010,7039000000
Libya,2011,7381000000
Libya,2012,7489000000
Libya,2013,7634000000
Libya,2014,7707000000
Libya,2015,7690000000
Libya,2016,7690000000
Libya,2017,7690000000
Libya,2018,7690000000
Libya,2019,7690000000
Libya,2020,7690000000
Libya,2021,7690000000
Lithuania,1997,1908000
Lithuania,1998,1908000
Lithuania,1999,1908000
Lithuania,2000,1908000
Lithuania,2001,1908000
Lithuania,2002,1908000
Lithuania,2003,1908000
Lithuania,2004,1908000
Lithuania,2005,1908000
Lithuania,2006,1908000
Lithuania,2007,1908000
Lithuania,2008,1908000
Lithuania,2009,1908000
Lithuania,2010,1908000
Lithuania,2011,1908000
Lithuania,2012,1908000
Lithuania,2013,1908000
Lithuania,2014,1908000
Lithuania,2015,1908000
Lithuania,2016,1908000
Lithuania,2017,1908000
Lithuania,2018,1908000
Lithuania,2019,1908000
Lithuania,2020,1908000
Lithuania,2021,1908000
Luxembourg,1980,0
Luxembourg,1981,0
Luxembourg,1982,0
Luxembourg,1983,0
Luxembourg,1984,0
Luxembourg,1985,0
Luxembourg,1986,0
Luxembourg,1987,0
Luxembourg,1988,0
Luxembourg,1989,0
Luxembourg,1990,0
Luxembourg,1991,0
Luxembourg,1992,0
Luxembourg,1993,0
Luxembourg,1994,0
Luxembourg,1995,0
Luxembourg,1996,0
Luxembourg,1997,0
Luxembourg,1998,0
Luxembourg,1999,0
Luxembourg,2000,0
Luxembourg,2001,0
Luxembourg,2002,0
Luxembourg,2003,0
Luxembourg,2004,0
Luxembourg,2005,0
Luxembourg,2006,0
Luxembourg,2007,0
Luxembourg,2008,0
Luxembourg,2009,0
Luxembourg,2010,0
Luxembourg,2011,0
Luxembourg,2012,0
Luxembourg,2013,0
Luxembourg,2014,0
Luxembourg,2015,0
Luxembourg,2016,0
Luxembourg,2017,0
Luxembourg,2018,0
Luxembourg,2019,0
Luxembourg,2020,0
Luxembourg,2021,0
Macao,1980,0
Macao,1981,0
Macao,1982,0
Macao,1983,0
Macao,1984,0
Macao,1985,0
Macao,1986,0
Macao,1987,0
Macao,1988,0
Macao,1989,0
Macao,1990,0
Macao,1991,0
Macao,1992,0
Macao,1993,0
Macao,1994,0
Macao,1995,0
Macao,1996,0
Macao,1997,0
Macao,1998,0
Macao,1999,0
Macao,2000,0
Macao,2001,0
Macao,2002,0
Macao,2003,0
Macao,2004,0
Macao,2005,0
Macao,2006,0
Macao,2007,0
Macao,2008,0
Macao,2009,0
Macao,2010,0
Macao,2011,0
Macao,2012,0
Macao,2013,0
Macao,2014,0
Macao,2015,0
Macao,2016,0
Macao,2017,0
Macao,2018,0
Macao,2019,0
Macao,2020,0
Macao,2021,0
Madagascar,1980,0
Madagascar,1981,0
Madagascar,1982,0
Madagascar,1983,0
Madagascar,1984,0
Madagascar,1985,0
Madagascar,1986,0
Madagascar,1987,0
Madagascar,1988,0
Madagascar,1989,0
Madagascar,1990,0
Madagascar,1991,0
Madagascar,1992,0
Madagascar,1993,0
Madagascar,1994,0
Madagascar,1995,0
Madagascar,1996,0
Madagascar,1997,0
Madagascar,1998,0
Madagascar,1999,0
Madagascar,2000,0
Madagascar,2001,0
Madagascar,2002,0
Madagascar,2003,0
Madagascar,2004,0
Madagascar,2005,0
Madagascar,2006,0
Madagascar,2007,0
Madagascar,2008,0
Madagascar,2009,0
Madagascar,2010,0
Madagascar,2011,0
Madagascar,2012,0
Madagascar,2013,0
Madagascar,2014,0
Madagascar,2015,0
Madagascar,2016,0
Madagascar,2017,0
Madagascar,2018,0
Madagascar,2019,0
Madagascar,2020,0
Madagascar,2021,0
Malawi,1980,0
Malawi,1981,0
Malawi,1982,0
Malawi,1983,0
Malawi,1984,0
Malawi,1985,0
Malawi,1986,0
Malawi,1987,0
Malawi,1988,0
Malawi,1989,0
Malawi,1990,0
Malawi,1991,0
Malawi,1992,0
Malawi,1993,0
Malawi,1994,0
Malawi,1995,0
Malawi,1996,0
Malawi,1997,0
Malawi,1998,0
Malawi,1999,0
Malawi,2000,0
Malawi,2001,0
Malawi,2002,0
Malawi,2003,0
Malawi,2004,0
Malawi,2005,0
Malawi,2006,0
Malawi,2007,0
Malawi,2008,0
Malawi,2009,0
Malawi,2010,0
Malawi,2011,0
Malawi,2012,0
Malawi,2013,0
Malawi,2014,0
Malawi,2015,0
Malawi,2016,0
Malawi,2017,0
Malawi,2018,0
Malawi,2019,0
Malawi,2020,0
Malawi,2021,0
Malaysia,1980,445200000
Malaysia,1981,477000000
Malaysia,1982,445200000
Malaysia,1983,528700000
Malaysia,1984,477000000
Malaysia,1985,477000000
Malaysia,1986,492900000
Malaysia,1987,448500000
Malaysia,1988,461100000
Malaysia,1989,464600000
Malaysia,1990,469000000
Malaysia,1991,461100000
Malaysia,1992,484200000
Malaysia,1993,588300000
Malaysia,1994,683700000
Malaysia,1995,683700000
Malaysia,1996,683700000
Malaysia,1997,636000000
Malaysia,1998,620100000
Malaysia,1999,620100000
Malaysia,2000,620100000
Malaysia,2001,620100000
Malaysia,2002,477000000
Malaysia,2003,477000000
Malaysia,2004,477000000
Malaysia,2005,477000000
Malaysia,2006,477000000
Malaysia,2007,477000000
Malaysia,2008,636000000
Malaysia,2009,636000000
Malaysia,2010,636000000
Malaysia,2011,636000000
Malaysia,2012,636000000
Malaysia,2013,636000000
Malaysia,2014,636000000
Malaysia,2015,604200000
Malaysia,2016,572400000
Malaysia,2017,572400000
Malaysia,2018,572400000
Malaysia,2019,572400000
Malaysia,2020,572400000
Malaysia,2021,572400000
Maldives,1980,0
Maldives,1981,0
Maldives,1982,0
Maldives,1983,0
Maldives,1984,0
Maldives,1985,0
Maldives,1986,0
Maldives,1987,0
Maldives,1988,0
Maldives,1989,0
Maldives,1990,0
Maldives,1991,0
Maldives,1992,0
Maldives,1993,0
Maldives,1994,0
Maldives,1995,0
Maldives,1996,0
Maldives,1997,0
Maldives,1998,0
Maldives,1999,0
Maldives,2000,0
Maldives,2001,0
Maldives,2002,0
Maldives,2003,0
Maldives,2004,0
Maldives,2005,0
Maldives,2006,0
Maldives,2007,0
Maldives,2008,0
Maldives,2009,0
Maldives,2010,0
Maldives,2011,0
Maldives,2012,0
Maldives,2013,0
Maldives,2014,0
Maldives,2015,0
Maldives,2016,0
Maldives,2017,0
Maldives,2018,0
Maldives,2019,0
Maldives,2020,0
Maldives,2021,0
Mali,1980,0
Mali,1981,0
Mali,1982,0
Mali,1983,0
Mali,1984,0
Mali,1985,0
Mali,1986,0
Mali,1987,0
Mali,1988,0
Mali,1989,0
Mali,1990,0
Mali,1991,0
Mali,1992,0
Mali,1993,0
Mali,1994,0
Mali,1995,0
Mali,1996,0
Mali,1997,0
Mali,1998,0
Mali,1999,0
Mali,2000,0
Mali,2001,0
Mali,2002,0
Mali,2003,0
Mali,2004,0
Mali,2005,0
Mali,2006,0
Mali,2007,0
Mali,2008,0
Mali,2009,0
Mali,2010,0
Mali,2011,0
Mali,2012,0
Mali,2013,0
Mali,2014,0
Mali,2015,0
Mali,2016,0
Mali,2017,0
Mali,2018,0
Mali,2019,0
Mali,2020,0
Mali,2021,0
Malta,1980,0
Malta,1981,0
Malta,1982,0
Malta,1983,0
Malta,1984,0
Malta,1985,0
Malta,1986,0
Malta,1987,0
Malta,1988,0
Malta,1989,0
Malta,1990,0
Malta,1991,0
Malta,1992,0
Malta,1993,0
Malta,1994,0
Malta,1995,0
Malta,1996,0
Malta,1997,0
Malta,1998,0
Malta,1999,0
Malta,2000,0
Malta,2001,0
Malta,2002,0
Malta,2003,0
Malta,2004,0
Malta,2005,0
Malta,2006,0
Malta,2007,0
Malta,2008,0
Malta,2009,0
Malta,2010,0
Malta,2011,0
Malta,2012,0
Malta,2013,0
Malta,2014,0
Malta,2015,0
Malta,2016,0
Malta,2017,0
Malta,2018,0
Malta,2019,0
Malta,2020,0
Malta,2021,0
Martinique,1980,0
Martinique,1981,0
Martinique,1982,0
Martinique,1983,0
Martinique,1984,0
Martinique,1985,0
Martinique,1986,0
Martinique,1987,0
Martinique,1988,0
Martinique,1989,0
Martinique,1990,0
Martinique,1991,0
Martinique,1992,0
Martinique,1993,0
Martinique,1994,0
Martinique,1995,0
Martinique,1996,0
Martinique,1997,0
Martinique,1998,0
Martinique,1999,0
Martinique,2000,0
Martinique,2001,0
Martinique,2002,0
Martinique,2003,0
Martinique,2004,0
Martinique,2005,0
Martinique,2006,0
Martinique,2007,0
Martinique,2008,0
Martinique,2009,0
Martinique,2010,0
Martinique,2011,0
Martinique,2012,0
Martinique,2013,0
Martinique,2014,0
Martinique,2015,0
Martinique,2016,0
Martinique,2017,0
Martinique,2018,0
Martinique,2019,0
Martinique,2020,0
Martinique,2021,0
Mauritania,2007,15900000
Mauritania,2008,15900000
Mauritania,2009,15900000
Mauritania,2010,15900000
Mauritania,2011,15900000
Mauritania,2012,3180000
Mauritania,2013,3180000
Mauritania,2014,3180000
Mauritania,2015,3180000
Mauritania,2016,3180000
Mauritania,2017,3180000
Mauritania,2018,3180000
Mauritania,2019,3180000
Mauritania,2020,3180000
Mauritania,2021,3180000
Mauritius,1980,0
Mauritius,1981,0
Mauritius,1982,0
Mauritius,1983,0
Mauritius,1984,0
Mauritius,1985,0
Mauritius,1986,0
Mauritius,1987,0
Mauritius,1988,0
Mauritius,1989,0
Mauritius,1990,0
Mauritius,1991,0
Mauritius,1992,0
Mauritius,1993,0
Mauritius,1994,0
Mauritius,1995,0
Mauritius,1996,0
Mauritius,1997,0
Mauritius,1998,0
Mauritius,1999,0
Mauritius,2000,0
Mauritius,2001,0
Mauritius,2002,0
Mauritius,2003,0
Mauritius,2004,0
Mauritius,2005,0
Mauritius,2006,0
Mauritius,2007,0
Mauritius,2008,0
Mauritius,2009,0
Mauritius,2010,0
Mauritius,2011,0
Mauritius,2012,0
Mauritius,2013,0
Mauritius,2014,0
Mauritius,2015,0
Mauritius,2016,0
Mauritius,2017,0
Mauritius,2018,0
Mauritius,2019,0
Mauritius,2020,0
Mauritius,2021,0
Mexico,1980,4969000000
Mexico,1981,6996000000
Mexico,1982,9061000000
Mexico,1983,7680000000
Mexico,1984,7632000000
Mexico,1985,7727000000
Mexico,1986,7839000000
Mexico,1987,8690000000
Mexico,1988,7729000000
Mexico,1989,8603000000
Mexico,1990,8962000000
Mexico,1991,8265000000
Mexico,1992,8156000000
Mexico,1993,8156000000
Mexico,1994,8097000000
Mexico,1995,8073000000
Mexico,1996,7914000000
Mexico,1997,7759000000
Mexico,1998,6360000000
Mexico,1999,7604000000
Mexico,2000,4515000000
Mexico,2001,4493000000
Mexico,2002,4284000000
Mexico,2003,2007000000
Mexico,2004,2492000000
Mexico,2005,2321000000
Mexico,2006,2048000000
Mexico,2007,1964000000
Mexico,2008,1852000000
Mexico,2009,1670000000
Mexico,2010,1654000000
Mexico,2011,1657000000
Mexico,2012,1647000000
Mexico,2013,1632000000
Mexico,2014,1602000000
Mexico,2015,1560000000
Mexico,2016,1544000000
Mexico,2017,1154000000
Mexico,2018,1148000000
Mexico,2019,1022000000
Mexico,2020,920000000
Mexico,2021,920000000
Moldova,1997,0
Moldova,1998,0
Moldova,1999,0
Moldova,2000,0
Moldova,2001,0
Moldova,2002,0
Moldova,2003,0
Moldova,2004,0
Moldova,2005,0
Moldova,2006,0
Moldova,2007,0
Moldova,2008,0
Moldova,2009,0
Moldova,2010,0
Moldova,2011,0
Moldova,2012,0
Moldova,2013,0
Moldova,2014,0
Moldova,2015,0
Moldova,2016,0
Moldova,2017,0
Moldova,2018,0
Moldova,2019,0
Moldova,2020,0
Moldova,2021,0
Mongolia,1980,0
Mongolia,1981,0
Mongolia,1982,0
Mongolia,1983,0
Mongolia,1984,0
Mongolia,1985,0
Mongolia,1986,0
Mongolia,1987,0
Mongolia,1988,0
Mongolia,1989,0
Mongolia,1990,0
Mongolia,1991,0
Mongolia,1992,0
Mongolia,1993,0
Mongolia,1994,0
Mongolia,1995,0
Mongolia,1996,0
Mongolia,1997,0
Montenegro,2006,0
Montenegro,2007,0
Montenegro,2008,0
Montenegro,2009,0
Montenegro,2010,0
Montenegro,2011,0
Montenegro,2012,0
Montenegro,2013,0
Montenegro,2014,0
Montenegro,2015,0
Montenegro,2016,0
Montenegro,2017,0
Montenegro,2018,0
Montenegro,2019,0
Montenegro,2020,0
Montenegro,2021,0
Montserrat,1980,0
Montserrat,1981,0
Montserrat,1982,0
Montserrat,1983,0
Montserrat,1984,0
Montserrat,1985,0
Montserrat,1986,0
Montserrat,1987,0
Montserrat,1988,0
Montserrat,1989,0
Montserrat,1990,0
Montserrat,1991,0
Montserrat,1992,0
Montserrat,1993,0
Montserrat,1994,0
Montserrat,1995,0
Montserrat,1996,0
Montserrat,1997,0
Montserrat,1998,0
Montserrat,1999,0
Montserrat,2000,0
Montserrat,2001,0
Montserrat,2002,0
Montserrat,2003,0
Montserrat,2004,0
Montserrat,2005,0
Montserrat,2006,0
Montserrat,2007,0
Montserrat,2008,0
Montserrat,2009,0
Montserrat,2010,0
Montserrat,2011,0
Montserrat,2012,0
Montserrat,2013,0
Montserrat,2014,0
Montserrat,2015,0
Montserrat,2016,0
Montserrat,2017,0
Montserrat,2018,0
Montserrat,2019,0
Montserrat,2020,0
Montserrat,2021,0
Morocco,1980,15900
Morocco,1981,11920
Morocco,1982,50880
Morocco,1983,46110
Morocco,1984,34980
Morocco,1985,39750
Morocco,1986,39750
Morocco,1987,47700
Morocco,1988,429300
Morocco,1989,413400
Morocco,1990,397500
Morocco,1991,318000
Morocco,1992,340100
Morocco,1993,255000
Morocco,1994,169000
Morocco,1995,276000
Morocco,1996,189200
Morocco,1997,189200
Morocco,1998,312600
Morocco,1999,312600
Morocco,2000,302700
Morocco,2001,286200
Morocco,2002,286200
Morocco,2003,254400
Morocco,2004,254400
Morocco,2005,254400
Morocco,2006,170000
Morocco,2007,157100
Morocco,2008,132900
Morocco,2009,119600
Morocco,2010,119600
Morocco,2011,108800
Morocco,2012,108800
Morocco,2013,108800
Morocco,2014,108800
Morocco,2015,108800
Morocco,2016,108800
Morocco,2017,108800
Morocco,2018,108800
Morocco,2019,108800
Morocco,2020,108800
Morocco,2021,108800
Mozambique,1980,0
Mozambique,1981,0
Mozambique,1982,0
Mozambique,1983,0
Mozambique,1984,0
Mozambique,1985,0
Mozambique,1986,0
Mozambique,1987,0
Mozambique,1988,0
Mozambique,1989,0
Mozambique,1990,0
Mozambique,1991,0
Mozambique,1992,0
Mozambique,1993,0
Mozambique,1994,0
Mozambique,1995,0
Mozambique,1996,0
Mozambique,1997,0
Mozambique,1998,0
Mozambique,1999,0
Mozambique,2000,0
Mozambique,2001,0
Mozambique,2002,0
Mozambique,2003,0
Mozambique,2004,0
Mozambique,2005,0
Mozambique,2006,0
Mozambique,2007,0
Mozambique,2008,0
Mozambique,2009,0
Mozambique,2010,0
Mozambique,2011,0
Mozambique,2012,0
Mozambique,2013,0
Mozambique,2014,0
Mozambique,2015,0
Mozambique,2016,0
Mozambique,2017,0
Mozambique,2018,0
Mozambique,2019,0
Mozambique,2020,0
Mozambique,2021,0
Myanmar,1980,3975000
Myanmar,1981,4770000
Myanmar,1982,4452000
Myanmar,1983,5088000
Myanmar,1984,4770000
Myanmar,1985,4452000
Myanmar,1986,10410000
Myanmar,1987,9222000
Myanmar,1988,9222000
Myanmar,1989,8586000
Myanmar,1990,8157000
Myanmar,1991,8109000
Myanmar,1992,7950000
Myanmar,1993,7950000
Myanmar,1994,7950000
Myanmar,1995,7950000
Myanmar,1996,7950000
Myanmar,1997,7950000
Myanmar,1998,7950000
Myanmar,1999,7950000
Myanmar,2000,7950000
Myanmar,2001,7950000
Myanmar,2002,7950000
Myanmar,2003,7950000
Myanmar,2004,7950000
Myanmar,2005,7950000
Myanmar,2006,7950000
Myanmar,2007,7950000
Myanmar,2008,7950000
Myanmar,2009,7950000
Myanmar,2010,7950000
Myanmar,2011,7950000
Myanmar,2012,7950000
Myanmar,2013,7950000
Myanmar,2014,7950000
Myanmar,2015,7950000
Myanmar,2016,7950000
Myanmar,2017,22100000
Myanmar,2018,22100000
Myanmar,2019,22100000
Myanmar,2020,22100000
Myanmar,2021,22100000
Namibia,1990,0
Namibia,1991,0
Namibia,1992,0
Namibia,1993,0
Namibia,1994,0
Namibia,1995,0
Namibia,1996,0
Namibia,1997,0
Namibia,1998,0
Namibia,1999,0
Namibia,2000,0
Namibia,2001,0
Namibia,2002,0
Namibia,2003,0
Namibia,2004,0
Namibia,2005,0
Namibia,2006,0
Namibia,2007,0
Namibia,2008,0
Namibia,2009,0
Namibia,2010,0
Namibia,2011,0
Namibia,2012,0
Namibia,2013,0
Namibia,2014,0
Namibia,2015,0
Namibia,2016,0
Namibia,2017,0
Namibia,2018,0
Namibia,2019,0
Namibia,2020,0
Namibia,2021,0
Nauru,1980,0
Nauru,1981,0
Nauru,1982,0
Nauru,1983,0
Nauru,1984,0
Nauru,1985,0
Nauru,1986,0
Nauru,1987,0
Nauru,1988,0
Nauru,1989,0
Nauru,1990,0
Nauru,1991,0
Nauru,1992,0
Nauru,1993,0
Nauru,1994,0
Nauru,1995,0
Nauru,1996,0
Nauru,1997,0
Nauru,1998,0
Nauru,1999,0
Nauru,2000,0
Nauru,2001,0
Nauru,2002,0
Nauru,2003,0
Nauru,2004,0
Nauru,2005,0
Nauru,2006,0
Nauru,2007,0
Nauru,2008,0
Nauru,2009,0
Nauru,2010,0
Nauru,2011,0
Nauru,2012,0
Nauru,2013,0
Nauru,2014,0
Nauru,2015,0
Nauru,2016,0
Nauru,2017,0
Nauru,2018,0
Nauru,2019,0
Nauru,2020,0
Nauru,2021,0
Nepal,1980,0
Nepal,1981,0
Nepal,1982,0
Nepal,1983,0
Nepal,1984,0
Nepal,1985,0
Nepal,1986,0
Nepal,1987,0
Nepal,1988,0
Nepal,1989,0
Nepal,1990,0
Nepal,1991,0
Nepal,1992,0
Nepal,1993,0
Nepal,1994,0
Nepal,1995,0
Nepal,1996,0
Nepal,1997,0
Nepal,1998,0
Nepal,1999,0
Nepal,2000,0
Nepal,2001,0
Nepal,2002,0
Nepal,2003,0
Nepal,2004,0
Nepal,2005,0
Nepal,2006,0
Nepal,2007,0
Nepal,2008,0
Nepal,2009,0
Nepal,2010,0
Nepal,2011,0
Nepal,2012,0
Nepal,2013,0
Nepal,2014,0
Nepal,2015,0
Nepal,2016,0
Nepal,2017,0
Nepal,2018,0
Nepal,2019,0
Nepal,2020,0
Nepal,2021,0
Netherlands,1980,9540000
Netherlands,1981,45310000
Netherlands,1982,54850000
Netherlands,1983,46750000
Netherlands,1984,49080000
Netherlands,1985,49290000
Netherlands,1986,39910000
Netherlands,1987,30990000
Netherlands,1988,31000000
Netherlands,1989,32690000
Netherlands,1990,27000000
Netherlands,1991,24990000
Netherlands,1992,23000000
Netherlands,1993,23000000
Netherlands,1994,21000000
Netherlands,1995,18000000
Netherlands,1996,17000000
Netherlands,1997,14000000
Netherlands,1998,18000000
Netherlands,1999,20000000
Netherlands,2000,17000000
Netherlands,2001,17000000
Netherlands,2002,17000000
Netherlands,2003,16850000
Netherlands,2004,16850000
Netherlands,2005,16850000
Netherlands,2006,16850000
Netherlands,2007,15900000
Netherlands,2008,15900000
Netherlands,2009,15900000
Netherlands,2010,15900000
Netherlands,2011,49290000
Netherlands,2012,45700000
Netherlands,2013,38770000
Netherlands,2014,23800000
Netherlands,2015,23000000
Netherlands,2016,22400000
Netherlands,2017,18000000
Netherlands,2018,12900000
Netherlands,2019,11800000
Netherlands,2020,18200000
Netherlands,2021,21900000
Netherlands Antilles,1980,0
Netherlands Antilles,1981,0
Netherlands Antilles,1982,0
Netherlands Antilles,1983,0
Netherlands Antilles,1984,0
Netherlands Antilles,1985,0
Netherlands Antilles,1986,0
Netherlands Antilles,1987,0
Netherlands Antilles,1988,0
Netherlands Antilles,1989,0
Netherlands Antilles,1990,0
Netherlands Antilles,1991,0
Netherlands Antilles,1992,0
Netherlands Antilles,1993,0
Netherlands Antilles,1994,0
Netherlands Antilles,1995,0
Netherlands Antilles,1996,0
Netherlands Antilles,1997,0
Netherlands Antilles,1998,0
Netherlands Antilles,1999,0
Netherlands Antilles,2000,0
Netherlands Antilles,2001,0
Netherlands Antilles,2002,0
Netherlands Antilles,2003,0
Netherlands Antilles,2004,0
Netherlands Antilles,2005,0
Netherlands Antilles,2006,0
Netherlands Antilles,2007,0
Netherlands Antilles,2008,0
Netherlands Antilles,2009,0
Netherlands Antilles,2010,0
Netherlands Antilles,2011,0
Netherlands Antilles,2012,0
Netherlands Antilles,2013,0
Netherlands Antilles,2014,0
Netherlands Antilles,2015,0
Netherlands Antilles,2016,0
Netherlands Antilles,2017,0
Netherlands Antilles,2018,0
Netherlands Antilles,2019,0
Netherlands Antilles,2020,0
Netherlands Antilles,2021,0
New Caledonia,1980,0
New Caledonia,1981,0
New Caledonia,1982,0
New Caledonia,1983,0
New Caledonia,1984,0
New Caledonia,1985,0
New Caledonia,1986,0
New Caledonia,1987,0
New Caledonia,1988,0
New Caledonia,1989,0
New Caledonia,1990,0
New Caledonia,1991,0
New Caledonia,1992,0
New Caledonia,1993,0
New Caledonia,1994,0
New Caledonia,1995,0
New Caledonia,1996,0
New Caledonia,1997,0
New Caledonia,1998,0
New Caledonia,1999,0
New Caledonia,2000,0
New Caledonia,2001,0
New Caledonia,2002,0
New Caledonia,2003,0
New Caledonia,2004,0
New Caledonia,2005,0
New Caledonia,2006,0
New Caledonia,2007,0
New Caledonia,2008,0
New Caledonia,2009,0
New Caledonia,2010,0
New Caledonia,2011,0
New Caledonia,2012,0
New Caledonia,2013,0
New Caledonia,2014,0
New Caledonia,2015,0
New Caledonia,2016,0
New Caledonia,2017,0
New Caledonia,2018,0
New Caledonia,2019,0
New Caledonia,2020,0
New Caledonia,2021,0
New Zealand,1980,17490000
New Zealand,1981,27510000
New Zealand,1982,27160000
New Zealand,1983,26870000
New Zealand,1984,27030000
New Zealand,1985,24640000
New Zealand,1986,27980000
New Zealand,1987,26550000
New Zealand,1988,25440000
New Zealand,1989,29040000
New Zealand,1990,23210000
New Zealand,1991,33230000
New Zealand,1992,27070000
New Zealand,1993,26960000
New Zealand,1994,24800000
New Zealand,1995,21720000
New Zealand,1996,16540000
New Zealand,1997,21470000
New Zealand,1998,23100000
New Zealand,1999,20190000
New Zealand,2000,20190000
New Zealand,2001,20190000
New Zealand,2002,14240000
New Zealand,2003,30160000
New Zealand,2004,8666000
New Zealand,2005,8185000
New Zealand,2006,8427000
New Zealand,2007,8427000
New Zealand,2008,8745000
New Zealand,2009,9540000
New Zealand,2010,9540000
New Zealand,2011,17890000
New Zealand,2012,15280000
New Zealand,2013,12940000
New Zealand,2014,12470000
New Zealand,2015,10680000
New Zealand,2016,10190000
New Zealand,2017,9047000
New Zealand,2018,9335000
New Zealand,2019,7718000
New Zealand,2020,6884000
New Zealand,2021,6518000
Nicaragua,1980,0
Nicaragua,1981,0
Nicaragua,1982,0
Nicaragua,1983,0
Nicaragua,1984,0
Nicaragua,1985,0
Nicaragua,1986,0
Nicaragua,1987,0
Nicaragua,1988,0
Nicaragua,1989,0
Nicaragua,1990,0
Nicaragua,1991,0
Nicaragua,1992,0
Nicaragua,1993,0
Nicaragua,1994,0
Nicaragua,1995,0
Nicaragua,1996,0
Nicaragua,1997,0
Nicaragua,1998,0
Nicaragua,1999,0
Nicaragua,2000,0
Nicaragua,2001,0
Nicaragua,2002,0
Nicaragua,2003,0
Nicaragua,2004,0
Nicaragua,2005,0
Nicaragua,2006,0
Nicaragua,2007,0
Nicaragua,2008,0
Nicaragua,2009,0
Nicaragua,2010,0
Nicaragua,2011,0
Nicaragua,2012,0
Nicaragua,2013,0
Nicaragua,2014,0
Nicaragua,2015,0
Nicaragua,2016,0
Nicaragua,2017,0
Nicaragua,2018,0
Nicaragua,2019,0
Nicaragua,2020,0
Nicaragua,2021,0
Niger,1980,0
Niger,1981,0
Niger,1982,0
Niger,1983,0
Niger,1984,0
Niger,1985,0
Niger,1986,0
Niger,1987,0
Niger,1988,0
Niger,1989,0
Niger,1990,0
Niger,1991,0
Niger,1992,0
Niger,1993,0
Niger,1994,0
Niger,1995,0
Niger,1996,0
Niger,1997,0
Niger,1998,0
Niger,1999,0
Niger,2000,0
Niger,2001,0
Niger,2002,0
Niger,2003,0
Niger,2004,0
Niger,2005,0
Niger,2006,0
Niger,2007,0
Niger,2008,0
Niger,2009,0
Niger,2010,0
Niger,2013,23850000
Niger,2014,23850000
Niger,2015,23850000
Niger,2016,23850000
Niger,2017,23850000
Niger,2018,23850000
Niger,2019,23850000
Niger,2020,23850000
Niger,2021,23850000
Nigeria,1980,2767000000
Nigeria,1981,2655000000
Nigeria,1982,2624000000
Nigeria,1983,2663000000
Nigeria,1984,2631000000
Nigeria,1985,2647000000
Nigeria,1986,2639000000
Nigeria,1987,2544000000
Nigeria,1988,2541000000
Nigeria,1989,2544000000
Nigeria,1990,2544000000
Nigeria,1991,2719000000
Nigeria,1992,2846000000
Nigeria,1993,2846000000
Nigeria,1994,2846000000
Nigeria,1995,2846000000
Nigeria,1996,3312000000
Nigeria,1997,2468000000
Nigeria,1998,2669000000
Nigeria,1999,3578000000
Nigeria,2000,3578000000
Nigeria,2001,3578000000
Nigeria,2002,3816000000
Nigeria,2003,3816000000
Nigeria,2004,3975000000
Nigeria,2005,5606000000
Nigeria,2006,5704000000
Nigeria,2007,5759000000
Nigeria,2008,5759000000
Nigeria,2009,5759000000
Nigeria,2010,5915000000
Nigeria,2011,5915000000
Nigeria,2012,5915000000
Nigeria,2013,5915000000
Nigeria,2014,5905000000
Nigeria,2015,5894000000
Nigeria,2016,5894000000
Nigeria,2017,5893000000
Nigeria,2018,5955000000
Nigeria,2019,5753000000
Nigeria,2020,5879000000
Nigeria,2021,5866000000
Niue,1980,0
Niue,1981,0
Niue,1982,0
Niue,1983,0
Niue,1984,0
Niue,1985,0
Niue,1986,0
Niue,1987,0
Niue,1988,0
Niue,1989,0
Niue,1990,0
Niue,1991,0
Niue,1992,0
Niue,1993,0
Niue,1994,0
Niue,1995,0
Niue,1996,0
Niue,1997,0
Niue,1998,0
Niue,1999,0
Niue,2000,0
Niue,2001,0
Niue,2002,0
Niue,2003,0
Niue,2004,0
Niue,2005,0
Niue,2006,0
Niue,2007,0
Niue,2008,0
Niue,2009,0
Niue,2010,0
Niue,2011,0
Niue,2012,0
Niue,2013,0
Niue,2014,0
Niue,2015,0
Niue,2016,0
Niue,2017,0
Niue,2018,0
Niue,2019,0
Niue,2020,0
Niue,2021,0
North Korea,1980,0
North Korea,1981,0
North Korea,1982,0
North Korea,1983,0
North Korea,1984,0
North Korea,1985,0
North Korea,1986,0
North Korea,1987,0
North Korea,1988,0
North Korea,1989,0
North Korea,1990,0
North Korea,1991,0
North Korea,1992,0
North Korea,1993,0
North Korea,1994,0
North Korea,1995,0
North Korea,1996,0
North Korea,1997,0
North Korea,1998,0
North Korea,1999,0
North Korea,2000,0
North Korea,2001,0
North Korea,2002,0
North Korea,2003,0
North Korea,2004,0
North Korea,2005,0
North Korea,2006,0
North Korea,2007,0
North Korea,2008,0
North Korea,2009,0
North Korea,2010,0
North Korea,2011,0
North Korea,2012,0
North Korea,2013,0
North Korea,2014,0
North Korea,2015,0
North Korea,2016,0
North Korea,2017,0
North Korea,2018,0
North Korea,2019,0
North Korea,2020,0
North Korea,2021,0
North Macedonia,1993,0
North Macedonia,1994,0
North Macedonia,1995,0
North Macedonia,1996,0
North Macedonia,1997,0
North Macedonia,1998,0
North Macedonia,1999,0
North Macedonia,2000,0
North Macedonia,2001,0
North Macedonia,2002,0
North Macedonia,2003,0
North Macedonia,2004,0
North Macedonia,2005,0
North Macedonia,2006,0
North Macedonia,2007,0
North Macedonia,2008,0
North Macedonia,2009,0
North Macedonia,2010,0
North Macedonia,2011,0
North Macedonia,2012,0
North Macedonia,2013,0
North Macedonia,2014,0
North Macedonia,2015,0
North Macedonia,2016,0
North Macedonia,2017,0
North Macedonia,2018,0
North Macedonia,2019,0
North Macedonia,2020,0
North Macedonia,2021,0
Norway,1980,914200000
Norway,1981,874500000
Norway,1982,1212000000
Norway,1983,1081000000
Norway,1984,1218000000
Norway,1985,1320000000
Norway,1986,1733000000
Norway,1987,1670000000
Norway,1988,2353000000
Norway,1989,1659000000
Norway,1990,1836000000
Norway,1991,1210000000
Norway,1992,1210000000
Norway,1993,1400000000
Norway,1994,1476000000
Norway,1995,1497000000
Norway,1996,1339000000
Norway,1997,1786000000
Norway,1998,1657000000
Norway,1999,1735000000
Norway,2000,1715000000
Norway,2001,1502000000
Norway,2002,1502000000
Norway,2003,1632000000
Norway,2004,1661000000
Norway,2005,1352000000
Norway,2006,1225000000
Norway,2007,1248000000
Norway,2008,1092000000
Norway,2009,1062000000
Norway,2010,1062000000
Norway,2011,901500000
Norway,2012,845900000
Norway,2013,853200000
Norway,2014,926200000
Norway,2015,874100000
Norway,2016,817100000
Norway,2017,1051000000
Norway,2018,1227000000
Norway,2019,1280000000
Norway,2020,1307000000
Norway,2021,1291000000
Oman,1980,381600000
Oman,1981,372100000
Oman,1982,408600000
Oman,1983,434100000
Oman,1984,443600000
Oman,1985,556500000
Oman,1986,636000000
Oman,1987,641100000
Oman,1988,637900000
Oman,1989,647300000
Oman,1990,675800000
Oman,1991,683700000
Oman,1992,675800000
Oman,1993,712800000
Oman,1994,747300000
Oman,1995,767700000
Oman,1996,816900000
Oman,1997,816900000
Oman,1998,832800000
Oman,1999,840000000
Oman,2000,840000000
Oman,2001,875500000
Oman,2002,875500000
Oman,2003,875500000
Oman,2004,875500000
Oman,2005,875500000
Oman,2006,875500000
Oman,2007,874500000
Oman,2008,874500000
Oman,2009,874500000
Oman,2010,874500000
Oman,2011,874500000
Oman,2012,874500000
Oman,2013,874500000
Oman,2014,790900000
Oman,2015,819000000
Oman,2016,843700000
Oman,2017,854300000
Oman,2018,854300000
Oman,2019,854300000
Oman,2020,854300000
Oman,2021,854300000
Pakistan,1980,31800000
Pakistan,1981,31240000
Pakistan,1982,38160000
Pakistan,1983,31210000
Pakistan,1984,13180000
Pakistan,1985,13040000
Pakistan,1986,17330000
Pakistan,1987,15260000
Pakistan,1988,15260000
Pakistan,1989,27100000
Pakistan,1990,18850000
Pakistan,1991,25770000
Pakistan,1992,25760000
Pakistan,1993,65510000
Pakistan,1994,32320000
Pakistan,1995,32320000
Pakistan,1996,32320000
Pakistan,1997,33070000
Pakistan,1998,33070000
Pakistan,1999,33070000
Pakistan,2000,33070000
Pakistan,2001,33070000
Pakistan,2002,47420000
Pakistan,2003,49360000
Pakistan,2004,45900000
Pakistan,2005,45900000
Pakistan,2006,45980000
Pakistan,2007,45980000
Pakistan,2008,45980000
Pakistan,2009,53900000
Pakistan,2010,49770000
Pakistan,2011,49770000
Pakistan,2012,44620000
Pakistan,2013,39360000
Pakistan,2014,54370000
Pakistan,2015,58990000
Pakistan,2016,56210000
Pakistan,2017,55750000
Pakistan,2018,52810000
Pakistan,2019,54510000
Pakistan,2020,90380000
Pakistan,2021,85860000
Palestine,1997,0
Palestine,1998,0
Palestine,1999,0
Palestine,2000,0
Palestine,2001,0
Palestine,2002,0
Palestine,2003,0
Palestine,2004,0
Palestine,2005,0
Palestine,2006,0
Palestine,2007,0
Palestine,2008,0
Palestine,2009,0
Palestine,2010,0
Palestine,2011,0
Palestine,2012,0
Palestine,2013,0
Palestine,2014,0
Palestine,2015,0
Palestine,2016,0
Palestine,2017,0
Palestine,2018,0
Palestine,2019,0
Palestine,2020,0
Palestine,2021,0
Panama,1980,0
Panama,1981,0
Panama,1982,0
Panama,1983,0
Panama,1984,0
Panama,1985,0
Panama,1986,0
Panama,1987,0
Panama,1988,0
Panama,1989,0
Panama,1990,0
Panama,1991,0
Panama,1992,0
Panama,1993,0
Panama,1994,0
Panama,1995,0
Panama,1996,0
Panama,1997,0
Panama,1998,0
Panama,1999,0
Panama,2000,0
Panama,2001,0
Panama,2002,0
Panama,2003,0
Panama,2004,0
Panama,2005,0
Panama,2006,0
Panama,2007,0
Panama,2008,0
Panama,2009,0
Panama,2010,0
Panama,2011,0
Panama,2012,0
Panama,2013,0
Panama,2014,0
Panama,2015,0
Panama,2016,0
Panama,2017,0
Panama,2018,0
Panama,2019,0
Panama,2020,0
Panama,2021,0
Papua New Guinea,1985,7950000
Papua New Guinea,1986,7950000
Papua New Guinea,1987,10340000
Papua New Guinea,1988,31800000
Papua New Guinea,1989,31800000
Papua New Guinea,1990,31800000
Papua New Guinea,1991,31800000
Papua New Guinea,1992,31800000
Papua New Guinea,1993,54060000
Papua New Guinea,1994,40290000
Papua New Guinea,1995,36410000
Papua New Guinea,1996,63600000
Papua New Guinea,1997,43720000
Papua New Guinea,1998,51680000
Papua New Guinea,1999,52950000
Papua New Guinea,2000,52950000
Papua New Guinea,2001,57210000
Papua New Guinea,2002,37900000
Papua New Guinea,2003,38160000
Papua New Guinea,2004,38160000
Papua New Guinea,2005,38160000
Papua New Guinea,2006,38160000
Papua New Guinea,2007,38160000
Papua New Guinea,2008,13990000
Papua New Guinea,2009,13990000
Papua New Guinea,2010,13990000
Papua New Guinea,2011,13990000
Papua New Guinea,2012,28940000
Papua New Guinea,2013,24530000
Papua New Guinea,2014,29560000
Papua New Guinea,2015,27850000
Papua New Guinea,2016,28660000
Papua New Guinea,2017,25350000
Papua New Guinea,2018,29230000
Papua New Guinea,2019,27260000
Papua New Guinea,2020,25150000
Papua New Guinea,2021,25390000
Paraguay,1980,0
Paraguay,1981,0
Paraguay,1982,0
Paraguay,1983,0
Paraguay,1984,0
Paraguay,1985,0
Paraguay,1986,0
Paraguay,1987,0
Paraguay,1988,0
Paraguay,1989,0
Paraguay,1990,0
Paraguay,1991,0
Paraguay,1992,0
Paraguay,1993,0
Paraguay,1994,0
Paraguay,1995,0
Paraguay,1996,0
Paraguay,1997,0
Paraguay,1998,0
Paraguay,1999,0
Paraguay,2000,0
Paraguay,2001,0
Paraguay,2002,0
Paraguay,2003,0
Paraguay,2004,0
Paraguay,2005,0
Paraguay,2006,0
Paraguay,2007,0
Paraguay,2008,0
Paraguay,2009,0
Paraguay,2010,0
Paraguay,2011,0
Paraguay,2012,0
Paraguay,2013,0
Paraguay,2014,0
Paraguay,2015,0
Paraguay,2016,0
Paraguay,2017,0
Paraguay,2018,0
Paraguay,2019,0
Paraguay,2020,0
Paraguay,2021,0
Peru,1980,104100000
Peru,1981,103400000
Peru,1982,127400000
Peru,1983,132800000
Peru,1984,123200000
Peru,1985,106500000
Peru,1986,101100000
Peru,1987,86810000
Peru,1988,81390000
Peru,1989,72630000
Peru,1990,65500000
Peru,1991,64540000
Peru,1992,60770000
Peru,1993,60560000
Peru,1994,60560000
Peru,1995,127200000
Peru,1996,128500000
Peru,1997,128500000
Peru,1998,127200000
Peru,1999,51440000
Peru,2000,56440000
Peru,2001,49290000
Peru,2002,51420000
Peru,2003,51420000
Peru,2004,45360000
Peru,2005,151500000
Peru,2006,147800000
Peru,2007,147800000
Peru,2008,60880000
Peru,2009,66110000
Peru,2010,71130000
Peru,2011,84690000
Peru,2012,92540000
Peru,2013,92090000
Peru,2014,100600000
Peru,2015,117900000
Peru,2016,108500000
Peru,2017,75210000
Peru,2018,194700000
Peru,2019,194700000
Peru,2020,156600000
Peru,2021,136600000
Philippines,1980,3975000
Philippines,1981,3180000
Philippines,1982,3657000
Philippines,1983,5660000
Philippines,1984,2592000
Philippines,1985,2592000
Philippines,1986,2592000
Philippines,1987,2687000
Philippines,1988,2544000
Philippines,1989,2512000
Philippines,1990,2385000
Philippines,1991,6151000
Philippines,1992,6042000
Philippines,1993,23460000
Philippines,1994,44360000
Philippines,1995,38000000
Philippines,1996,34360000
Philippines,1997,33870000
Philippines,1998,33820000
Philippines,1999,36250000
Philippines,2000,45950000
Philippines,2001,45950000
Philippines,2002,28310000
Philippines,2003,24170000
Philippines,2004,24170000
Philippines,2005,24170000
Philippines,2006,22020000
Philippines,2007,22020000
Philippines,2008,22020000
Philippines,2009,22020000
Philippines,2010,22020000
Philippines,2011,22020000
Philippines,2012,22020000
Philippines,2013,22020000
Philippines,2014,22020000
Philippines,2015,22020000
Philippines,2016,22020000
Philippines,2017,22020000
Philippines,2018,22020000
Philippines,2019,22020000
Philippines,2020,22020000
Philippines,2021,22020000
Poland,1992,4770000
Poland,1993,6711000
Poland,1994,5850000
Poland,1995,5614000
Poland,1996,4982000
Poland,1997,6369000
Poland,1998,6369000
Poland,1999,18270000
Poland,2000,18270000
Poland,2001,18270000
Poland,2002,18270000
Poland,2003,15320000
Poland,2004,15320000
Poland,2005,15320000
Poland,2006,15320000
Poland,2007,15320000
Poland,2008,15320000
Poland,2009,15320000
Poland,2010,15320000
Poland,2011,15320000
Poland,2012,24640000
Poland,2013,24890000
Poland,2014,24410000
Poland,2015,22730000
Poland,2016,21900000
Poland,2017,21900000
Poland,2018,20350000
Poland,2019,19720000
Poland,2020,18920000
Poland,2021,17970000
Portugal,1980,0
Portugal,1981,0
Portugal,1982,0
Portugal,1983,0
Portugal,1984,0
Portugal,1985,0
Portugal,1986,0
Portugal,1987,0
Portugal,1988,0
Portugal,1989,0
Portugal,1990,0
Portugal,1991,0
Portugal,1992,0
Portugal,1993,0
Portugal,1994,0
Portugal,1995,0
Portugal,1996,0
Portugal,1997,0
Portugal,1998,0
Portugal,1999,0
Portugal,2000,0
Portugal,2001,0
Portugal,2002,0
Portugal,2003,0
Portugal,2004,0
Portugal,2005,0
Portugal,2006,0
Portugal,2007,0
Portugal,2008,0
Portugal,2009,0
Portugal,2010,0
Portugal,2011,0
Portugal,2012,0
Portugal,2013,0
Portugal,2014,0
Portugal,2015,0
Portugal,2016,0
Portugal,2017,0
Portugal,2018,0
Portugal,2019,0
Portugal,2020,0
Portugal,2021,0
Puerto Rico,1980,0
Puerto Rico,1981,0
Puerto Rico,1982,0
Puerto Rico,1983,0
Puerto Rico,1984,0
Puerto Rico,1985,0
Puerto Rico,1986,0
Puerto Rico,1987,0
Puerto Rico,1988,0
Puerto Rico,1989,0
Puerto Rico,1990,0
Puerto Rico,1991,0
Puerto Rico,1992,0
Puerto Rico,1993,0
Puerto Rico,1994,0
Puerto Rico,1995,0
Puerto Rico,1996,0
Puerto Rico,1997,0
Puerto Rico,1998,0
Puerto Rico,1999,0
Puerto Rico,2000,0
Puerto Rico,2001,0
Puerto Rico,2002,0
Puerto Rico,2003,0
Puerto Rico,2004,0
Puerto Rico,2005,0
Puerto Rico,2006,0
Puerto Rico,2007,0
Puerto Rico,2008,0
Puerto Rico,2009,0
Puerto Rico,2010,0
Puerto Rico,2011,0
Puerto Rico,2012,0
Puerto Rico,2013,0
Puerto Rico,2014,0
Puerto Rico,2015,0
Puerto Rico,2016,0
Puerto Rico,2017,0
Puerto Rico,2018,0
Puerto Rico,2019,0
Puerto Rico,2020,0
Puerto Rico,2021,0
Qatar,1980,597800000
Qatar,1981,570000000
Qatar,1982,546000000
Qatar,1983,544600000
Qatar,1984,529500000
Qatar,1985,532600000
Qatar,1986,524700000
Qatar,1987,501500000
Qatar,1988,500800000
Qatar,1989,500800000
Qatar,1990,715500000
Qatar,1991,715500000
Qatar,1992,592900000
Qatar,1993,592900000
Qatar,1994,592900000
Qatar,1995,588300000
Qatar,1996,588300000
Qatar,1997,588300000
Qatar,1998,588300000
Qatar,1999,588300000
Qatar,2000,588300000
Qatar,2001,2092000000
Qatar,2002,2418000000
Qatar,2003,2418000000
Qatar,2004,2418000000
Qatar,2005,2418000000
Qatar,2006,2418000000
Qatar,2007,2418000000
Qatar,2008,2418000000
Qatar,2009,2418000000
Qatar,2010,4040000000
Qatar,2011,4035000000
Qatar,2012,4035000000
Qatar,2013,4035000000
Qatar,2014,4013000000
Qatar,2015,4014000000
Qatar,2016,4014000000
Qatar,2017,4014000000
Qatar,2018,4014000000
Qatar,2019,4014000000
Qatar,2020,4014000000
Qatar,2021,4014000000
Reunion,1980,0
Reunion,1981,0
Reunion,1982,0
Reunion,1983,0
Reunion,1984,0
Reunion,1985,0
Reunion,1986,0
Reunion,1987,0
Reunion,1988,0
Reunion,1989,0
Reunion,1990,0
Reunion,1991,0
Reunion,1992,0
Reunion,1993,0
Reunion,1994,0
Reunion,1995,0
Reunion,1996,0
Reunion,1997,0
Reunion,1998,0
Reunion,1999,0
Reunion,2000,0
Reunion,2001,0
Reunion,2002,0
Reunion,2003,0
Reunion,2004,0
Reunion,2005,0
Reunion,2006,0
Reunion,2007,0
Reunion,2008,0
Reunion,2009,0
Reunion,2010,0
Reunion,2011,0
Reunion,2012,0
Reunion,2013,0
Reunion,2014,0
Reunion,2015,0
Reunion,2016,0
Reunion,2017,0
Reunion,2018,0
Reunion,2019,0
Reunion,2020,0
Reunion,2021,0
Romania,1991,186000000
Romania,1992,182800000
Romania,1993,249400000
Romania,1994,249400000
Romania,1995,255400000
Romania,1996,255400000
Romania,1997,255400000
Romania,1998,255400000
Romania,1999,226800000
Romania,2000,226800000
Romania,2001,226800000
Romania,2002,151900000
Romania,2003,151900000
Romania,2004,151900000
Romania,2005,151900000
Romania,2006,151900000
Romania,2007,95400000
Romania,2008,95400000
Romania,2009,95400000
Romania,2010,95400000
Romania,2011,95400000
Romania,2012,95400000
Romania,2013,95400000
Romania,2014,95400000
Romania,2015,95400000
Romania,2016,95400000
Romania,2017,95400000
Romania,2018,95400000
Romania,2019,95400000
Romania,2020,95400000
Romania,2021,95400000
Russia,1997,7723000000
Russia,1998,7723000000
Russia,1999,7723000000
Russia,2000,7723000000
Russia,2001,7723000000
Russia,2002,7723000000
Russia,2003,9540000000
Russia,2004,9540000000
Russia,2005,9540000000
Russia,2006,9540000000
Russia,2007,9540000000
Russia,2008,9540000000
Russia,2009,9540000000
Russia,2010,9540000000
Russia,2011,9540000000
Russia,2012,9540000000
Russia,2013,12720000000
Russia,2014,12720000000
Russia,2015,12720000000
Russia,2016,12720000000
Russia,2017,12720000000
Russia,2018,12720000000
Russia,2019,12720000000
Russia,2020,12720000000
Russia,2021,12720000000
Rwanda,1980,0
Rwanda,1981,0
Rwanda,1982,0
Rwanda,1983,0
Rwanda,1984,0
Rwanda,1985,0
Rwanda,1986,0
Rwanda,1987,0
Rwanda,1988,0
Rwanda,1989,0
Rwanda,1990,0
Rwanda,1991,0
Rwanda,1992,0
Rwanda,1993,0
Rwanda,1994,0
Rwanda,1995,0
Rwanda,1996,0
Rwanda,1997,0
Rwanda,1998,0
Rwanda,1999,0
Rwanda,2000,0
Rwanda,2001,0
Rwanda,2002,0
Rwanda,2003,0
Rwanda,2004,0
Rwanda,2005,0
Rwanda,2006,0
Rwanda,2007,0
Rwanda,2008,0
Rwanda,2009,0
Rwanda,2010,0
Rwanda,2011,0
Rwanda,2012,0
Rwanda,2013,0
Rwanda,2014,0
Rwanda,2015,0
Rwanda,2016,0
Rwanda,2017,0
Rwanda,2018,0
Rwanda,2019,0
Rwanda,2020,0
Rwanda,2021,0
Saint Helena,1980,0
Saint Helena,1981,0
Saint Helena,1982,0
Saint Helena,1983,0
Saint Helena,1984,0
Saint Helena,1985,0
Saint Helena,1986,0
Saint Helena,1987,0
Saint Helena,1988,0
Saint Helena,1989,0
Saint Helena,1990,0
Saint Helena,1991,0
Saint Helena,1992,0
Saint Helena,1993,0
Saint Helena,1994,0
Saint Helena,1995,0
Saint Helena,1996,0
Saint Helena,1997,0
Saint Helena,1998,0
Saint Helena,1999,0
Saint Helena,2000,0
Saint Helena,2001,0
Saint Helena,2002,0
Saint Helena,2003,0
Saint Helena,2004,0
Saint Helena,2005,0
Saint Helena,2006,0
Saint Helena,2007,0
Saint Helena,2008,0
Saint Helena,2009,0
Saint Helena,2010,0
Saint Helena,2011,0
Saint Helena,2012,0
Saint Helena,2013,0
Saint Helena,2014,0
Saint Helena,2015,0
Saint Helena,2016,0
Saint Helena,2017,0
Saint Helena,2018,0
Saint Helena,2019,0
Saint Helena,2020,0
Saint Helena,2021,0
Saint Kitts and Nevis,1980,0
Saint Kitts and Nevis,1981,0
Saint Kitts and Nevis,1982,0
Saint Kitts and Nevis,1983,0
Saint Kitts and Nevis,1984,0
Saint Kitts and Nevis,1985,0
Saint Kitts and Nevis,1986,0
Saint Kitts and Nevis,1987,0
Saint Kitts and Nevis,1988,0
Saint Kitts and Nevis,1989,0
Saint Kitts and Nevis,1990,0
Saint Kitts and Nevis,1991,0
Saint Kitts and Nevis,1992,0
Saint Kitts and Nevis,1993,0
Saint Kitts and Nevis,1994,0
Saint Kitts and Nevis,1995,0
Saint Kitts and Nevis,1996,0
Saint Kitts and Nevis,1997,0
Saint Kitts and Nevis,1998,0
Saint Kitts and Nevis,1999,0
Saint Kitts and Nevis,2000,0
Saint Kitts and Nevis,2001,0
Saint Kitts and Nevis,2002,0
Saint Kitts and Nevis,2003,0
Saint Kitts and Nevis,2004,0
Saint Kitts and Nevis,2005,0
Saint Kitts and Nevis,2006,0
Saint Kitts and Nevis,2007,0
Saint Kitts and Nevis,2008,0
Saint Kitts and Nevis,2009,0
Saint Kitts and Nevis,2010,0
Saint Kitts and Nevis,2011,0
Saint Kitts and Nevis,2012,0
Saint Kitts and Nevis,2013,0
Saint Kitts and Nevis,2014,0
Saint Kitts and Nevis,2015,0
Saint Kitts and Nevis,2016,0
Saint Kitts and Nevis,2017,0
Saint Kitts and Nevis,2018,0
Saint Kitts and Nevis,2019,0
Saint Kitts and Nevis,2020,0
Saint Kitts and Nevis,2021,0
Saint Lucia,1980,0
Saint Lucia,1981,0
Saint Lucia,1982,0
Saint Lucia,1983,0
Saint Lucia,1984,0
Saint Lucia,1985,0
Saint Lucia,1986,0
Saint Lucia,1987,0
Saint Lucia,1988,0
Saint Lucia,1989,0
Saint Lucia,1990,0
Saint Lucia,1991,0
Saint Lucia,1992,0
Saint Lucia,1993,0
Saint Lucia,1994,0
Saint Lucia,1995,0
Saint Lucia,1996,0
Saint Lucia,1997,0
Saint Lucia,1998,0
Saint Lucia,1999,0
Saint Lucia,2000,0
Saint Lucia,2001,0
Saint Lucia,2002,0
Saint Lucia,2003,0
Saint Lucia,2004,0
Saint Lucia,2005,0
Saint Lucia,2006,0
Saint Lucia,2007,0
Saint Lucia,2008,0
Saint Lucia,2009,0
Saint Lucia,2010,0
Saint Lucia,2011,0
Saint Lucia,2012,0
Saint Lucia,2013,0
Saint Lucia,2014,0
Saint Lucia,2015,0
Saint Lucia,2016,0
Saint Lucia,2017,0
Saint Lucia,2018,0
Saint Lucia,2019,0
Saint Lucia,2020,0
Saint Lucia,2021,0
Saint Pierre and Miquelon,1980,0
Saint Pierre and Miquelon,1981,0
Saint Pierre and Miquelon,1982,0
Saint Pierre and Miquelon,1983,0
Saint Pierre and Miquelon,1984,0
Saint Pierre and Miquelon,1985,0
Saint Pierre and Miquelon,1986,0
Saint Pierre and Miquelon,1987,0
Saint Pierre and Miquelon,1988,0
Saint Pierre and Miquelon,1989,0
Saint Pierre and Miquelon,1990,0
Saint Pierre and Miquelon,1991,0
Saint Pierre and Miquelon,1992,0
Saint Pierre and Miquelon,1993,0
Saint Pierre and Miquelon,1994,0
Saint Pierre and Miquelon,1995,0
Saint Pierre and Miquelon,1996,0
Saint Pierre and Miquelon,1997,0
Saint Pierre and Miquelon,1998,0
Saint Pierre and Miquelon,1999,0
Saint Pierre and Miquelon,2000,0
Saint Pierre and Miquelon,2001,0
Saint Pierre and Miquelon,2002,0
Saint Pierre and Miquelon,2003,0
Saint Pierre and Miquelon,2004,0
Saint Pierre and Miquelon,2005,0
Saint Pierre and Miquelon,2006,0
Saint Pierre and Miquelon,2007,0
Saint Pierre and Miquelon,2008,0
Saint Pierre and Miquelon,2009,0
Saint Pierre and Miquelon,2010,0
Saint Pierre and Miquelon,2011,0
Saint Pierre and Miquelon,2012,0
Saint Pierre and Miquelon,2013,0
Saint Pierre and Miquelon,2014,0
Saint Pierre and Miquelon,2015,0
Saint Pierre and Miquelon,2016,0
Saint Pierre and Miquelon,2017,0
Saint Pierre and Miquelon,2018,0
Saint Pierre and Miquelon,2019,0
Saint Pierre and Miquelon,2020,0
Saint Pierre and Miquelon,2021,0
Saint Vincent and the Grenadines,1980,0
Saint Vincent and the Grenadines,1981,0
Saint Vincent and the Grenadines,1982,0
Saint Vincent and the Grenadines,1983,0
Saint Vincent and the Grenadines,1984,0
Saint Vincent and the Grenadines,1985,0
Saint Vincent and the Grenadines,1986,0
Saint Vincent and the Grenadines,1987,0
Saint Vincent and the Grenadines,1988,0
Saint Vincent and the Grenadines,1989,0
Saint Vincent and the Grenadines,1990,0
Saint Vincent and the Grenadines,1991,0
Saint Vincent and the Grenadines,1992,0
Saint Vincent and the Grenadines,1993,0
Saint Vincent and the Grenadines,1994,0
Saint Vincent and the Grenadines,1995,0
Saint Vincent and the Grenadines,1996,0
Saint Vincent and the Grenadines,1997,0
Saint Vincent and the Grenadines,1998,0
Saint Vincent and the Grenadines,1999,0
Saint Vincent and the Grenadines,2000,0
Saint Vincent and the Grenadines,2001,0
Saint Vincent and the Grenadines,2002,0
Saint Vincent and the Grenadines,2003,0
Saint Vincent and the Grenadines,2004,0
Saint Vincent and the Grenadines,2005,0
Saint Vincent and the Grenadines,2006,0
Saint Vincent and the Grenadines,2007,0
Saint Vincent and the Grenadines,2008,0
Saint Vincent and the Grenadines,2009,0
Saint Vincent and the Grenadines,2010,0
Saint Vincent and the Grenadines,2011,0
Saint Vincent and the Grenadines,2012,0
Saint Vincent and the Grenadines,2013,0
Saint Vincent and the Grenadines,2014,0
Saint Vincent and the Grenadines,2015,0
Saint Vincent and the Grenadines,2016,0
Saint Vincent and the Grenadines,2017,0
Saint Vincent and the Grenadines,2018,0
Saint Vincent and the Grenadines,2019,0
Saint Vincent and the Grenadines,2020,0
Saint Vincent and the Grenadines,2021,0
Samoa,1980,0
Samoa,1981,0
Samoa,1982,0
Samoa,1983,0
Samoa,1984,0
Samoa,1985,0
Samoa,1986,0
Samoa,1987,0
Samoa,1988,0
Samoa,1989,0
Samoa,1990,0
Samoa,1991,0
Samoa,1992,0
Samoa,1993,0
Samoa,1994,0
Samoa,1995,0
Samoa,1996,0
Samoa,1997,0
Samoa,1998,0
Samoa,1999,0
Samoa,2000,0
Samoa,2001,0
Samoa,2002,0
Samoa,2003,0
Samoa,2004,0
Samoa,2005,0
Samoa,2006,0
Samoa,2007,0
Samoa,2008,0
Samoa,2009,0
Samoa,2010,0
Samoa,2011,0
Samoa,2012,0
Samoa,2013,0
Samoa,2014,0
Samoa,2015,0
Samoa,2016,0
Samoa,2017,0
Samoa,2018,0
Samoa,2019,0
Samoa,2020,0
Samoa,2021,0
Sao Tome and Principe,1980,0
Sao Tome and Principe,1981,0
Sao Tome and Principe,1982,0
Sao Tome and Principe,1983,0
Sao Tome and Principe,1984,0
Sao Tome and Principe,1985,0
Sao Tome and Principe,1986,0
Sao Tome and Principe,1987,0
Sao Tome and Principe,1988,0
Sao Tome and Principe,1989,0
Sao Tome and Principe,1990,0
Sao Tome and Principe,1991,0
Sao Tome and Principe,1992,0
Sao Tome and Principe,1993,0
Sao Tome and Principe,1994,0
Sao Tome and Principe,1995,0
Sao Tome and Principe,1996,0
Sao Tome and Principe,1997,0
Sao Tome and Principe,1998,0
Sao Tome and Principe,1999,0
Sao Tome and Principe,2000,0
Sao Tome and Principe,2001,0
Sao Tome and Principe,2002,0
Sao Tome and Principe,2003,0
Sao Tome and Principe,2004,0
Sao Tome and Principe,2005,0
Sao Tome and Principe,2006,0
Sao Tome and Principe,2007,0
Sao Tome and Principe,2008,0
Sao Tome and Principe,2009,0
Sao Tome and Principe,2010,0
Sao Tome and Principe,2011,0
Sao Tome and Principe,2012,0
Sao Tome and Principe,2013,0
Sao Tome and Principe,2014,0
Sao Tome and Principe,2015,0
Sao Tome and Principe,2016,0
Sao Tome and Principe,2017,0
Sao Tome and Principe,2018,0
Sao Tome and Principe,2019,0
Sao Tome and Principe,2020,0
Sao Tome and Principe,2021,0
Saudi Arabia,1980,26470000000
Saudi Arabia,1981,26720000000
Saudi Arabia,1982,26690000000
Saudi Arabia,1983,26290000000
Saudi Arabia,1984,26850000000
Saudi Arabia,1985,27300000000
Saudi Arabia,1986,27270000000
Saudi Arabia,1987,26900000000
Saudi Arabia,1988,26960000000
Saudi Arabia,1989,27440000000
Saudi Arabia,1990,40950000000
Saudi Arabia,1991,41340000000
Saudi Arabia,1992,41390000000
Saudi Arabia,1993,41390000000
Saudi Arabia,1994,41530000000
Saudi Arabia,1995,41530000000
Saudi Arabia,1996,41530000000
Saudi Arabia,1997,41580000000
Saudi Arabia,1998,41580000000
Saudi Arabia,1999,41580000000
Saudi Arabia,2000,41900000000
Saudi Arabia,2001,41610000000
Saudi Arabia,2002,41620000000
Saudi Arabia,2003,41630000000
Saudi Arabia,2004,41640000000
Saudi Arabia,2005,41640000000
Saudi Arabia,2006,42030000000
Saudi Arabia,2007,42010000000
Saudi Arabia,2008,42020000000
Saudi Arabia,2009,42010000000
Saudi Arabia,2010,42010000000
Saudi Arabia,2011,42040000000
Saudi Arabia,2012,42060000000
Saudi Arabia,2013,42200000000
Saudi Arabia,2014,42270000000
Saudi Arabia,2015,42260000000
Saudi Arabia,2016,42390000000
Saudi Arabia,2017,42370000000
Saudi Arabia,2018,42330000000
Saudi Arabia,2019,42340000000
Saudi Arabia,2020,42460000000
Saudi Arabia,2021,41120000000
Senegal,1980,0
Senegal,1981,0
Senegal,1982,0
Senegal,1983,0
Senegal,1984,0
Senegal,1985,0
Senegal,1986,0
Senegal,1987,0
Senegal,1988,0
Senegal,1989,0
Senegal,1990,0
Senegal,1991,0
Senegal,1992,0
Senegal,1993,0
Senegal,1994,0
Senegal,1995,0
Senegal,1996,0
Senegal,1997,0
Senegal,1998,0
Senegal,1999,0
Senegal,2000,0
Senegal,2001,0
Senegal,2002,0
Senegal,2003,0
Senegal,2004,0
Senegal,2005,0
Senegal,2006,0
Senegal,2007,0
Senegal,2008,0
Senegal,2009,0
Senegal,2010,0
Senegal,2011,0
Senegal,2012,0
Senegal,2013,0
Senegal,2014,0
Senegal,2015,0
Senegal,2016,0
Senegal,2017,0
Senegal,2018,0
Senegal,2019,0
Senegal,2020,0
Senegal,2021,0
Serbia,2006,12320000
Serbia,2007,12320000
Serbia,2008,12320000
Serbia,2009,12320000
Serbia,2010,12320000
Serbia,2011,12320000
Serbia,2012,12320000
Serbia,2013,12320000
Serbia,2014,12320000
Serbia,2015,12320000
Serbia,2016,12320000
Serbia,2017,12320000
Serbia,2018,12320000
Serbia,2019,12320000
Serbia,2020,12320000
Serbia,2021,12320000
Seychelles,1980,0
Seychelles,1981,0
Seychelles,1982,0
Seychelles,1983,0
Seychelles,1984,0
Seychelles,1985,0
Seychelles,1986,0
Seychelles,1987,0
Seychelles,1988,0
Seychelles,1989,0
Seychelles,1990,0
Seychelles,1991,0
Seychelles,1992,0
Seychelles,1993,0
Seychelles,1994,0
Seychelles,1995,0
Seychelles,1996,0
Seychelles,1997,0
Seychelles,1998,0
Seychelles,1999,0
Seychelles,2000,0
Seychelles,2001,0
Seychelles,2002,0
Seychelles,2003,0
Seychelles,2004,0
Seychelles,2005,0
Seychelles,2006,0
Seychelles,2007,0
Seychelles,2008,0
Seychelles,2009,0
Seychelles,2010,0
Seychelles,2011,0
Seychelles,2012,0
Seychelles,2013,0
Seychelles,2014,0
Seychelles,2015,0
Seychelles,2016,0
Seychelles,2017,0
Seychelles,2018,0
Seychelles,2019,0
Seychelles,2020,0
Seychelles,2021,0
Sierra Leone,1980,0
Sierra Leone,1981,0
Sierra Leone,1982,0
Sierra Leone,1983,0
Sierra Leone,1984,0
Sierra Leone,1985,0
Sierra Leone,1986,0
Sierra Leone,1987,0
Sierra Leone,1988,0
Sierra Leone,1989,0
Sierra Leone,1990,0
Sierra Leone,1991,0
Sierra Leone,1992,0
Sierra Leone,1993,0
Sierra Leone,1994,0
Sierra Leone,1995,0
Sierra Leone,1996,0
Sierra Leone,1997,0
Sierra Leone,1998,0
Sierra Leone,1999,0
Sierra Leone,2000,0
Sierra Leone,2001,0
Sierra Leone,2002,0
Sierra Leone,2003,0
Sierra Leone,2004,0
Sierra Leone,2005,0
Sierra Leone,2006,0
Sierra Leone,2007,0
Sierra Leone,2008,0
Sierra Leone,2009,0
Sierra Leone,2010,0
Sierra Leone,2011,0
Sierra Leone,2012,0
Sierra Leone,2013,0
Sierra Leone,2014,0
Sierra Leone,2015,0
Sierra Leone,2016,0
Sierra Leone,2017,0
Sierra Leone,2018,0
Sierra Leone,2019,0
Sierra Leone,2020,0
Sierra Leone,2021,0
Singapore,1980,0
Singapore,1981,0
Singapore,1982,0
Singapore,1983,0
Singapore,1984,0
Singapore,1985,0
Singapore,1986,0
Singapore,1987,0
Singapore,1988,0
Singapore,1989,0
Singapore,1990,0
Singapore,1991,0
Singapore,1992,0
Singapore,1993,0
Singapore,1994,0
Singapore,1995,0
Singapore,1996,0
Singapore,1997,0
Singapore,1998,0
Singapore,1999,0
Singapore,2000,0
Singapore,2001,0
Singapore,2002,0
Singapore,2003,0
Singapore,2004,0
Singapore,2005,0
Singapore,2006,0
Singapore,2007,0
Singapore,2008,0
Singapore,2009,0
Singapore,2010,0
Singapore,2011,0
Singapore,2012,0
Singapore,2013,0
Singapore,2014,0
Singapore,2015,0
Singapore,2016,0
Singapore,2017,0
Singapore,2018,0
Singapore,2019,0
Singapore,2020,0
Singapore,2021,0
Slovakia,1996,1431000
Slovakia,1997,1431000
Slovakia,1998,1431000
Slovakia,1999,1431000
Slovakia,2000,1431000
Slovakia,2001,1431000
Slovakia,2002,1431000
Slovakia,2003,1431000
Slovakia,2004,1431000
Slovakia,2005,1431000
Slovakia,2006,1431000
Slovakia,2007,1431000
Slovakia,2008,1431000
Slovakia,2009,1431000
Slovakia,2010,1431000
Slovakia,2011,1431000
Slovakia,2012,1431000
Slovakia,2013,1431000
Slovakia,2014,1431000
Slovakia,2015,1431000
Slovakia,2016,1431000
Slovakia,2017,1431000
Slovakia,2018,1431000
Slovakia,2019,1431000
Slovakia,2020,1431000
Slovakia,2021,1431000
Slovenia,1993,0
Slovenia,1994,0
Slovenia,1995,0
Slovenia,1996,0
Slovenia,1997,0
Slovenia,1998,0
Slovenia,1999,0
Slovenia,2000,0
Slovenia,2001,0
Slovenia,2002,0
Slovenia,2003,0
Slovenia,2004,0
Slovenia,2005,0
Slovenia,2006,0
Slovenia,2007,0
Slovenia,2008,0
Slovenia,2009,0
Slovenia,2010,0
Slovenia,2011,0
Slovenia,2012,0
Slovenia,2013,0
Slovenia,2014,0
Slovenia,2015,0
Slovenia,2016,0
Slovenia,2017,0
Slovenia,2018,0
Slovenia,2019,0
Slovenia,2020,0
Slovenia,2021,0
Solomon Islands,1980,0
Solomon Islands,1981,0
Solomon Islands,1982,0
Solomon Islands,1983,0
Solomon Islands,1984,0
Solomon Islands,1985,0
Solomon Islands,1986,0
Solomon Islands,1987,0
Solomon Islands,1988,0
Solomon Islands,1989,0
Solomon Islands,1990,0
Solomon Islands,1991,0
Solomon Islands,1992,0
Solomon Islands,1993,0
Solomon Islands,1994,0
Solomon Islands,1995,0
Solomon Islands,1996,0
Solomon Islands,1997,0
Solomon Islands,1998,0
Solomon Islands,1999,0
Solomon Islands,2000,0
Solomon Islands,2001,0
Solomon Islands,2002,0
Solomon Islands,2003,0
Solomon Islands,2004,0
Solomon Islands,2005,0
Solomon Islands,2006,0
Solomon Islands,2007,0
Solomon Islands,2008,0
Solomon Islands,2009,0
Solomon Islands,2010,0
Solomon Islands,2011,0
Solomon Islands,2012,0
Solomon Islands,2013,0
Solomon Islands,2014,0
Solomon Islands,2015,0
Solomon Islands,2016,0
Solomon Islands,2017,0
Solomon Islands,2018,0
Solomon Islands,2019,0
Solomon Islands,2020,0
Solomon Islands,2021,0
Somalia,1980,0
Somalia,1981,0
Somalia,1982,0
Somalia,1983,0
Somalia,1984,0
Somalia,1985,0
Somalia,1986,0
Somalia,1987,0
Somalia,1988,0
Somalia,1989,0
Somalia,1990,0
Somalia,1991,0
Somalia,1992,0
Somalia,1993,0
Somalia,1994,0
Somalia,1995,0
Somalia,1996,0
Somalia,1997,0
Somalia,1998,0
Somalia,1999,0
Somalia,2000,0
Somalia,2001,0
Somalia,2002,0
Somalia,2003,0
Somalia,2004,0
Somalia,2005,0
Somalia,2006,0
Somalia,2007,0
Somalia,2008,0
Somalia,2009,0
Somalia,2010,0
Somalia,2011,0
Somalia,2012,0
Somalia,2013,0
Somalia,2014,0
Somalia,2015,0
Somalia,2016,0
Somalia,2017,0
Somalia,2018,0
Somalia,2019,0
Somalia,2020,0
Somalia,2021,0
South Africa,1983,18520000
South Africa,1984,18280000
South Africa,1985,18210000
South Africa,1994,6519000
South Africa,1995,6424000
South Africa,1996,4245000
South Africa,1997,4245000
South Africa,1998,4669000
South Africa,1999,4669000
South Africa,2000,4669000
South Africa,2001,4669000
South Africa,2002,2493000
South Africa,2003,2493000
South Africa,2004,2493000
South Africa,2005,2493000
South Africa,2006,2493000
South Africa,2007,2385000
South Africa,2008,2385000
South Africa,2009,2385000
South Africa,2010,2385000
South Africa,2011,2385000
South Africa,2012,2385000
South Africa,2013,2385000
South Africa,2014,2385000
South Africa,2015,2385000
South Africa,2016,2385000
South Africa,2017,2385000
South Africa,2018,2385000
South Africa,2019,2385000
South Africa,2020,2385000
South Africa,2021,2385000
South Korea,1980,0
South Korea,1981,0
South Korea,1982,0
South Korea,1983,0
South Korea,1984,0
South Korea,1985,0
South Korea,1986,0
South Korea,1987,0
South Korea,1988,0
South Korea,1989,0
South Korea,1990,0
South Korea,1991,0
South Korea,1992,0
South Korea,1993,0
South Korea,1994,0
South Korea,1995,0
South Korea,1996,0
South Korea,1997,0
South Korea,1998,0
South Korea,1999,0
South Korea,2000,0
South Korea,2001,0
South Korea,2002,0
South Korea,2003,0
Spain,1980,23850000
Spain,1981,55650000
Spain,1982,19350000
Spain,1983,20890000
Spain,1984,25440000
Spain,1985,18280000
Spain,1986,14310000
Spain,1987,4484000
Spain,1988,6137000
Spain,1989,4127000
Spain,1990,3975000
Spain,1991,3180000
Spain,1992,3401000
Spain,1993,3580000
Spain,1994,3580000
Spain,1995,3218000
Spain,1996,3180000
Spain,1997,4770000
Spain,1998,4770000
Spain,1999,2226000
Spain,2000,2226000
Spain,2001,3340000
Spain,2002,3340000
Spain,2003,25060000
Spain,2004,25060000
Spain,2005,25060000
Spain,2006,25060000
Spain,2007,23850000
Spain,2008,23850000
Spain,2009,23850000
Spain,2010,23850000
Spain,2011,23850000
Spain,2012,23850000
Spain,2013,23850000
Spain,2014,23850000
Spain,2015,23850000
Spain,2016,23850000
Spain,2017,23850000
Spain,2018,23850000
Spain,2019,23850000
Spain,2020,23850000
Spain,2021,23850000
Sri Lanka,1980,0
Sri Lanka,1981,0
Sri Lanka,1982,0
Sri Lanka,1983,0
Sri Lanka,1984,0
Sri Lanka,1985,0
Sri Lanka,1986,0
Sri Lanka,1987,0
Sri Lanka,1988,0
Sri Lanka,1989,0
Sri Lanka,1990,0
Sri Lanka,1991,0
Sri Lanka,1992,0
Sri Lanka,1993,0
Sri Lanka,1994,0
Sri Lanka,1995,0
Sri Lanka,1996,0
Sri Lanka,1997,0
Sri Lanka,1998,0
Sri Lanka,1999,0
Sri Lanka,2000,0
Sri Lanka,2001,0
Sri Lanka,2002,0
Sri Lanka,2003,0
Sri Lanka,2004,0
Sri Lanka,2005,0
Sri Lanka,2006,0
Sri Lanka,2007,0
Sri Lanka,2008,0
Sri Lanka,2009,0
Sri Lanka,2010,0
Sri Lanka,2011,0
Sri Lanka,2012,0
Sri Lanka,2013,0
Sri Lanka,2014,0
Sri Lanka,2015,0
Sri Lanka,2016,0
Sri Lanka,2017,0
Sri Lanka,2018,0
Sri Lanka,2019,0
Sri Lanka,2020,0
Sri Lanka,2021,0
Sudan,1982,31800000
Sudan,1983,63600000
Sudan,1984,47700000
Sudan,1985,47700000
Sudan,1986,47700000
Sudan,1987,47700000
Sudan,1988,47700000
Sudan,1989,47700000
Sudan,1990,47700000
Sudan,1991,47700000
Sudan,1992,47700000
Sudan,1993,47700000
Sudan,1994,47700000
Sudan,1995,47700000
Sudan,1996,47700000
Sudan,1997,47700000
Sudan,1998,41670000
Sudan,1999,41670000
Sudan,2000,41670000
Sudan,2001,41670000
Sudan,2002,89520000
Sudan,2003,89520000
Sudan,2004,89520000
Sudan,2005,89520000
Sudan,2006,89520000
Sudan,2007,795000000
Sudan,2008,795000000
Sudan,2009,795000000
Sudan,2010,795000000
Sudan,2011,795000000
Sudan,2012,795000000
Sudan,2013,795000000
Sudan,2014,795000000
Sudan,2015,795000000
Sudan,2016,795000000
Sudan,2017,795000000
Sudan,2018,795000000
Sudan,2019,795000000
Sudan,2020,795000000
Sudan,2021,795000000
Suriname,1986,159000
Suriname,1987,159000
Suriname,1988,4293000
Suriname,1989,4563000
Suriname,1990,4484000
Suriname,1991,4341000
Suriname,1992,5978000
Suriname,1993,7823000
Suriname,1994,8936000
Suriname,1995,13020000
Suriname,1996,11770000
Suriname,1997,11770000
Suriname,1998,11770000
Suriname,1999,11770000
Suriname,2000,11770000
Suriname,2001,11770000
Suriname,2002,11770000
Suriname,2003,27030000
Suriname,2004,17650000
Suriname,2005,17650000
Suriname,2006,17650000
Suriname,2007,17650000
Suriname,2008,13990000
Suriname,2009,12660000
Suriname,2010,12660000
Suriname,2011,12550000
Suriname,2012,11450000
Suriname,2013,12210000
Suriname,2014,14710000
Suriname,2015,14710000
Suriname,2016,15900000
Suriname,2017,13350000
Suriname,2018,13390000
Suriname,2019,13420000
Suriname,2020,11830000
Suriname,2021,14150000
Sweden,1980,0
Sweden,1981,0
Sweden,1982,0
Sweden,1983,0
Sweden,1984,0
Sweden,1985,0
Sweden,1986,0
Sweden,1987,0
Sweden,1988,0
Sweden,1989,0
Sweden,1990,0
Sweden,1991,0
Sweden,1992,0
Sweden,1993,0
Sweden,1994,0
Sweden,1995,0
Sweden,1996,0
Sweden,1997,0
Sweden,1998,0
Sweden,1999,0
Sweden,2000,0
Sweden,2001,0
Sweden,2002,0
Sweden,2003,0
Sweden,2004,0
Sweden,2005,0
Sweden,2006,0
Sweden,2007,0
Sweden,2008,0
Sweden,2009,0
Sweden,2010,0
Sweden,2011,0
Sweden,2012,0
Sweden,2013,0
Sweden,2014,0
Sweden,2015,0
Sweden,2016,0
Sweden,2017,0
Sweden,2018,0
Sweden,2019,0
Sweden,2020,0
Sweden,2021,0
Switzerland,1980,0
Switzerland,1981,0
Switzerland,1982,0
Switzerland,1983,0
Switzerland,1984,0
Switzerland,1985,0
Switzerland,1986,0
Switzerland,1987,0
Switzerland,1988,0
Switzerland,1989,0
Switzerland,1990,0
Switzerland,1991,0
Switzerland,1992,0
Switzerland,1993,0
Switzerland,1994,0
Switzerland,1995,0
Switzerland,1996,0
Switzerland,1997,0
Switzerland,1998,0
Switzerland,1999,0
Switzerland,2000,0
Switzerland,2001,0
Switzerland,2002,0
Switzerland,2003,0
Switzerland,2004,0
Switzerland,2005,0
Switzerland,2006,0
Switzerland,2007,0
Switzerland,2008,0
Switzerland,2009,0
Switzerland,2010,0
Switzerland,2011,0
Switzerland,2012,0
Switzerland,2013,0
Switzerland,2014,0
Switzerland,2015,0
Switzerland,2016,0
Switzerland,2017,0
Switzerland,2018,0
Switzerland,2019,0
Switzerland,2020,0
Switzerland,2021,0
Syria,1980,318000000
Syria,1981,308500000
Syria,1982,300500000
Syria,1983,241800000
Syria,1984,236900000
Syria,1985,230600000
Syria,1986,229000000
Syria,1987,222600000
Syria,1988,278200000
Syria,1989,275100000
Syria,1990,275100000
Syria,1991,270300000
Syria,1992,270300000
Syria,1993,270300000
Syria,1994,270300000
Syria,1995,397500000
Syria,1996,397500000
Syria,1997,397500000
Syria,1998,397500000
Syria,1999,397500000
Syria,2000,397500000
Syria,2001,397500000
Syria,2002,397500000
Syria,2003,397500000
Syria,2004,397500000
Syria,2005,397500000
Syria,2006,397500000
Syria,2007,397500000
Syria,2008,397500000
Syria,2009,397500000
Syria,2010,397500000
Syria,2011,397500000
Syria,2012,397500000
Syria,2013,397500000
Syria,2014,397500000
Syria,2015,397500000
Syria,2016,397500000
Syria,2017,397500000
Syria,2018,397500000
Syria,2019,397500000
Syria,2020,397500000
Syria,2021,397500000
Taiwan,1980,1622000
Taiwan,1981,1431000
Taiwan,1982,1272000
Taiwan,1983,1065000
Taiwan,1984,985800
Taiwan,1985,906300
Taiwan,1986,874500
Taiwan,1987,858600
Taiwan,1988,858600
Taiwan,1989,795000
Taiwan,1990,731400
Taiwan,1991,715500
Taiwan,1992,636000
Taiwan,1993,636000
Taiwan,1994,636000
Taiwan,1995,636000
Taiwan,1996,636000
Taiwan,1997,636000
Taiwan,1998,636000
Taiwan,1999,636000
Taiwan,2000,636000
Taiwan,2001,636000
Taiwan,2002,636000
Taiwan,2003,636000
Taiwan,2004,636000
Taiwan,2005,636000
Taiwan,2006,378400
Taiwan,2007,378400
Taiwan,2008,378400
Taiwan,2009,378400
Taiwan,2010,378400
Taiwan,2011,378400
Taiwan,2012,378400
Taiwan,2013,378400
Taiwan,2014,378400
Taiwan,2015,378400
Taiwan,2016,378400
Taiwan,2017,378400
Taiwan,2018,378400
Taiwan,2019,378400
Taiwan,2020,378400
Taiwan,2021,378400
Tajikistan,1997,1908000
Tajikistan,1998,1908000
Tajikistan,1999,1908000
Tajikistan,2000,1908000
Tajikistan,2001,1908000
Tajikistan,2002,1908000
Tajikistan,2003,1908000
Tajikistan,2004,1908000
Tajikistan,2005,1908000
Tajikistan,2006,1908000
Tajikistan,2007,1908000
Tajikistan,2008,1908000
Tajikistan,2009,1908000
Tajikistan,2010,1908000
Tajikistan,2011,1908000
Tajikistan,2012,1908000
Tajikistan,2013,1908000
Tajikistan,2014,1908000
Tajikistan,2015,1908000
Tajikistan,2016,1908000
Tajikistan,2017,1908000
Tajikistan,2018,1908000
Tajikistan,2019,1908000
Tajikistan,2020,1908000
Tajikistan,2021,1908000
Tanzania,1980,0
Tanzania,1981,0
Tanzania,1982,0
Tanzania,1983,0
Tanzania,1984,0
Tanzania,1985,0
Tanzania,1986,0
Tanzania,1987,0
Tanzania,1988,0
Tanzania,1989,0
Tanzania,1990,0
Tanzania,1991,0
Tanzania,1992,0
Tanzania,1993,0
Tanzania,1994,0
Tanzania,1995,0
Tanzania,1996,0
Tanzania,1997,0
Tanzania,1998,0
Tanzania,1999,0
Tanzania,2000,0
Tanzania,2001,0
Tanzania,2002,0
Tanzania,2003,0
Tanzania,2004,0
Tanzania,2005,0
Tanzania,2006,0
Tanzania,2007,0
Tanzania,2008,0
Tanzania,2009,0
Tanzania,2010,0
Tanzania,2011,0
Tanzania,2012,0
Tanzania,2013,0
Tanzania,2014,0
Tanzania,2015,0
Tanzania,2016,0
Tanzania,2017,0
Tanzania,2018,0
Tanzania,2019,0
Tanzania,2020,0
Tanzania,2021,0
Thailand,1980,0
Thailand,1981,0
Thailand,1982,0
Thailand,1983,16380000
Thailand,1984,7155000
Thailand,1985,24800000
Thailand,1986,17010000
Thailand,1987,16090000
Thailand,1988,15740000
Thailand,1989,13550000
Thailand,1990,36680000
Thailand,1991,23850000
Thailand,1992,41660000
Thailand,1993,38460000
Thailand,1994,28390000
Thailand,1995,34680000
Thailand,1996,36690000
Thailand,1997,46950000
Thailand,1998,46950000
Thailand,1999,47100000
Thailand,2000,47100000
Thailand,2001,55910000
Thailand,2002,81990000
Thailand,2003,92750000
Thailand,2004,92750000
Thailand,2005,92750000
Thailand,2006,46270000
Thailand,2007,46110000
Thailand,2008,73140000
Thailand,2009,70120000
Thailand,2010,68370000
Thailand,2011,69160000
Thailand,2012,70280000
Thailand,2013,72070000
Thailand,2014,71360000
Thailand,2015,73290000
Thailand,2016,64380000
Thailand,2017,63020000
Thailand,2018,55550000
Thailand,2019,51280000
Thailand,2020,46520000
Thailand,2021,40190000
Timor,2003,0
Timor,2004,0
Timor,2005,0
Timor,2006,0
Timor,2007,0
Timor,2008,0
Timor,2009,0
Timor,2010,0
Timor,2011,0
Timor,2012,0
Timor,2013,0
Timor,2014,0
Timor,2015,0
Timor,2016,0
Timor,2017,0
Timor,2018,0
Timor,2019,0
Timor,2020,0
Timor,2021,0
Togo,1980,0
Togo,1981,0
Togo,1982,0
Togo,1983,0
Togo,1984,0
Togo,1985,0
Togo,1986,0
Togo,1987,0
Togo,1988,0
Togo,1989,0
Togo,1990,0
Togo,1991,0
Togo,1992,0
Togo,1993,0
Togo,1994,0
Togo,1995,0
Togo,1996,0
Togo,1997,0
Togo,1998,0
Togo,1999,0
Togo,2000,0
Togo,2001,0
Togo,2002,0
Togo,2003,0
Togo,2004,0
Togo,2005,0
Togo,2006,0
Togo,2007,0
Togo,2008,0
Togo,2009,0
Togo,2010,0
Togo,2011,0
Togo,2012,0
Togo,2013,0
Togo,2014,0
Togo,2015,0
Togo,2016,0
Togo,2017,0
Togo,2018,0
Togo,2019,0
Togo,2020,0
Togo,2021,0
Tonga,1980,0
Tonga,1981,0
Tonga,1982,0
Tonga,1983,0
Tonga,1984,0
Tonga,1985,0
Tonga,1986,0
Tonga,1987,0
Tonga,1988,0
Tonga,1989,0
Tonga,1990,0
Tonga,1991,0
Tonga,1992,0
Tonga,1993,0
Tonga,1994,0
Tonga,1995,0
Tonga,1996,0
Tonga,1997,0
Tonga,1998,0
Tonga,1999,0
Tonga,2000,0
Tonga,2001,0
Tonga,2002,0
Tonga,2003,0
Tonga,2004,0
Tonga,2005,0
Tonga,2006,0
Tonga,2007,0
Tonga,2008,0
Tonga,2009,0
Tonga,2010,0
Tonga,2011,0
Tonga,2012,0
Tonga,2013,0
Tonga,2014,0
Tonga,2015,0
Tonga,2016,0
Tonga,2017,0
Tonga,2018,0
Tonga,2019,0
Tonga,2020,0
Tonga,2021,0
Trinidad and Tobago,1980,111300000
Trinidad and Tobago,1981,111300000
Trinidad and Tobago,1982,95400000
Trinidad and Tobago,1983,92220000
Trinidad and Tobago,1984,100200000
Trinidad and Tobago,1985,85860000
Trinidad and Tobago,1986,85860000
Trinidad and Tobago,1987,96990000
Trinidad and Tobago,1988,90150000
Trinidad and Tobago,1989,83950000
Trinidad and Tobago,1990,82840000
Trinidad and Tobago,1991,85220000
Trinidad and Tobago,1992,85060000
Trinidad and Tobago,1993,91040000
Trinidad and Tobago,1994,74090000
Trinidad and Tobago,1995,77610000
Trinidad and Tobago,1996,77910000
Trinidad and Tobago,1997,87610000
Trinidad and Tobago,1998,92890000
Trinidad and Tobago,1999,84910000
Trinidad and Tobago,2000,96200000
Trinidad and Tobago,2001,109100000
Trinidad and Tobago,2002,113800000
Trinidad and Tobago,2003,113800000
Trinidad and Tobago,2004,157400000
Trinidad and Tobago,2005,157400000
Trinidad and Tobago,2006,157400000
Trinidad and Tobago,2007,115800000
Trinidad and Tobago,2008,115800000
Trinidad and Tobago,2009,115800000
Trinidad and Tobago,2010,115800000
Trinidad and Tobago,2011,115800000
Trinidad and Tobago,2012,115800000
Trinidad and Tobago,2013,115800000
Trinidad and Tobago,2014,115800000
Trinidad and Tobago,2015,115800000
Trinidad and Tobago,2016,115800000
Trinidad and Tobago,2017,38630000
Trinidad and Tobago,2018,38630000
Trinidad and Tobago,2019,38630000
Trinidad and Tobago,2020,38630000
Trinidad and Tobago,2021,38630000
Tunisia,1980,357800000
Tunisia,1981,262700000
Tunisia,1982,268700000
Tunisia,1983,295700000
Tunisia,1984,289400000
Tunisia,1985,240700000
Tunisia,1986,286200000
Tunisia,1987,286200000
Tunisia,1988,286200000
Tunisia,1989,284600000
Tunisia,1990,278200000
Tunisia,1991,270300000
Tunisia,1992,270300000
Tunisia,1993,270300000
Tunisia,1994,270300000
Tunisia,1995,66140000
Tunisia,1996,66140000
Tunisia,1997,48900000
Tunisia,1998,48900000
Tunisia,1999,48900000
Tunisia,2000,48900000
Tunisia,2001,48900000
Tunisia,2002,48900000
Tunisia,2003,48900000
Tunisia,2004,48900000
Tunisia,2005,48900000
Tunisia,2006,48900000
Tunisia,2007,63600000
Tunisia,2008,63600000
Tunisia,2009,67580000
Tunisia,2010,67580000
Tunisia,2011,67580000
Tunisia,2012,67580000
Tunisia,2013,67580000
Tunisia,2014,67580000
Tunisia,2015,67580000
Tunisia,2016,67580000
Tunisia,2017,67580000
Tunisia,2018,67580000
Tunisia,2019,67580000
Tunisia,2020,67580000
Tunisia,2021,67580000
Turkey,1980,19880000
Turkey,1981,17490000
Turkey,1982,44520000
Turkey,1983,44520000
Turkey,1984,58830000
Turkey,1985,46750000
Turkey,1986,47700000
Turkey,1987,63600000
Turkey,1988,60420000
Turkey,1989,60580000
Turkey,1990,82820000
Turkey,1991,103400000
Turkey,1992,85930000
Turkey,1993,75490000
Turkey,1994,77540000
Turkey,1995,77540000
Turkey,1996,77540000
Turkey,1997,41350000
Turkey,1998,52630000
Turkey,1999,50430000
Turkey,2000,47490000
Turkey,2001,47030000
Turkey,2002,47030000
Turkey,2003,47700000
Turkey,2004,47700000
Turkey,2005,47700000
Turkey,2006,47700000
Turkey,2007,47700000
Turkey,2008,47700000
Turkey,2009,47700000
Turkey,2010,41690000
Turkey,2011,43000000
Turkey,2012,43000000
Turkey,2013,43000000
Turkey,2014,46880000
Turkey,2015,47060000
Turkey,2016,49610000
Turkey,2017,53190000
Turkey,2018,54310000
Turkey,2019,51520000
Turkey,2020,58190000
Turkey,2021,58190000
Turkmenistan,1997,86810000
Turkmenistan,1998,86810000
Turkmenistan,1999,86810000
Turkmenistan,2000,86810000
Turkmenistan,2001,86810000
Turkmenistan,2002,86810000
Turkmenistan,2003,86810000
Turkmenistan,2004,86810000
Turkmenistan,2005,86810000
Turkmenistan,2006,86810000
Turkmenistan,2007,95400000
Turkmenistan,2008,95400000
Turkmenistan,2009,95400000
Turkmenistan,2010,95400000
Turkmenistan,2011,95400000
Turkmenistan,2012,95400000
Turkmenistan,2013,95400000
Turkmenistan,2014,95400000
Turkmenistan,2015,95400000
Turkmenistan,2016,95400000
Turkmenistan,2017,95400000
Turkmenistan,2018,95400000
Turkmenistan,2019,95400000
Turkmenistan,2020,95400000
Turkmenistan,2021,95400000
Turks and Caicos Islands,1980,0
Turks and Caicos Islands,1981,0
Turks and Caicos Islands,1982,0
Turks and Caicos Islands,1983,0
Turks and Caicos Islands,1984,0
Turks and Caicos Islands,1985,0
Turks and Caicos Islands,1986,0
Turks and Caicos Islands,1987,0
Turks and Caicos Islands,1988,0
Turks and Caicos Islands,1989,0
Turks and Caicos Islands,1990,0
Turks and Caicos Islands,1991,0
Turks and Caicos Islands,1992,0
Turks and Caicos Islands,1993,0
Turks and Caicos Islands,1994,0
Turks and Caicos Islands,1995,0
Turks and Caicos Islands,1996,0
Turks and Caicos Islands,1997,0
Turks and Caicos Islands,1998,0
Turks and Caicos Islands,1999,0
Turks and Caicos Islands,2000,0
Turks and Caicos Islands,2001,0
Turks and Caicos Islands,2002,0
Turks and Caicos Islands,2003,0
Turks and Caicos Islands,2004,0
Turks and Caicos Islands,2005,0
Turks and Caicos Islands,2006,0
Turks and Caicos Islands,2007,0
Turks and Caicos Islands,2008,0
Turks and Caicos Islands,2009,0
Turks and Caicos Islands,2010,0
Turks and Caicos Islands,2011,0
Turks and Caicos Islands,2012,0
Turks and Caicos Islands,2013,0
Turks and Caicos Islands,2014,0
Turks and Caicos Islands,2015,0
Turks and Caicos Islands,2016,0
Turks and Caicos Islands,2017,0
Turks and Caicos Islands,2018,0
Turks and Caicos Islands,2019,0
Turks and Caicos Islands,2020,0
Turks and Caicos Islands,2021,0
U.S. Pacific Islands,1980,0
U.S. Pacific Islands,1981,0
U.S. Pacific Islands,1982,0
U.S. Pacific Islands,1983,0
U.S. Pacific Islands,1984,0
U.S. Pacific Islands,1985,0
U.S. Pacific Islands,1986,0
U.S. Pacific Islands,1987,0
U.S. Pacific Islands,1988,0
U.S. Pacific Islands,1989,0
U.S. Pacific Islands,1990,0
U.S. Pacific Islands,1991,0
U.S. Pacific Islands,1992,0
U.S. Pacific Islands,1993,0
U.S. Pacific Islands,1994,0
U.S. Pacific Islands,1995,0
U.S. Pacific Islands,1996,0
U.S. Pacific Islands,1997,0
U.S. Pacific Islands,1998,0
U.S. Pacific Islands,1999,0
U.S. Pacific Islands,2000,0
U.S. Pacific Islands,2001,0
U.S. Pacific Islands,2002,0
U.S. Pacific Islands,2003,0
U.S. Pacific Islands,2004,0
U.S. Pacific Islands,2005,0
U.S. Pacific Islands,2006,0
U.S. Pacific Islands,2007,0
U.S. Pacific Islands,2008,0
U.S. Pacific Islands,2009,0
U.S. Pacific Islands,2010,0
U.S. Pacific Islands,2011,0
U.S. Pacific Islands,2012,0
U.S. Pacific Islands,2013,0
U.S. Pacific Islands,2014,0
U.S. Pacific Islands,2015,0
U.S. Pacific Islands,2016,0
U.S. Pacific Islands,2017,0
U.S. Pacific Islands,2018,0
U.S. Pacific Islands,2019,0
U.S. Pacific Islands,2020,0
U.S. Pacific Islands,2021,0
Uganda,1980,0
Uganda,1981,0
Uganda,1982,0
Uganda,1983,0
Uganda,1984,0
Uganda,1985,0
Uganda,1986,0
Uganda,1987,0
Uganda,1988,0
Uganda,1989,0
Uganda,1990,0
Uganda,1991,0
Uganda,1992,0
Uganda,1993,0
Uganda,1994,0
Uganda,1995,0
Uganda,1996,0
Uganda,1997,0
Uganda,1998,0
Uganda,1999,0
Uganda,2000,0
Uganda,2001,0
Uganda,2002,0
Uganda,2003,0
Uganda,2004,0
Uganda,2005,0
Uganda,2006,0
Uganda,2007,0
Uganda,2008,0
Uganda,2009,0
Uganda,2010,0
Uganda,2011,159000000
Uganda,2012,159000000
Uganda,2013,397500000
Uganda,2014,397500000
Uganda,2015,397500000
Uganda,2016,397500000
Uganda,2017,397500000
Uganda,2018,397500000
Uganda,2019,397500000
Uganda,2020,397500000
Uganda,2021,397500000
Ukraine,1997,62800000
Ukraine,1998,62800000
Ukraine,1999,62800000
Ukraine,2000,62800000
Ukraine,2001,62800000
Ukraine,2002,62800000
Ukraine,2003,62800000
Ukraine,2004,62800000
Ukraine,2005,62800000
Ukraine,2006,62800000
Ukraine,2007,62800000
Ukraine,2008,62800000
Ukraine,2009,62800000
Ukraine,2010,62800000
Ukraine,2011,62800000
Ukraine,2012,62800000
Ukraine,2013,62800000
Ukraine,2014,62800000
Ukraine,2015,62800000
Ukraine,2016,62800000
Ukraine,2017,62800000
Ukraine,2018,62800000
Ukraine,2019,62800000
Ukraine,2020,62800000
Ukraine,2021,62800000
United Arab Emirates,1980,4676000000
United Arab Emirates,1981,4835000000
United Arab Emirates,1982,5116000000
United Arab Emirates,1983,5144000000
United Arab Emirates,1984,5142000000
United Arab Emirates,1985,5166000000
United Arab Emirates,1986,5245000000
United Arab Emirates,1987,5255000000
United Arab Emirates,1988,15600000000
United Arab Emirates,1989,15600000000
United Arab Emirates,1990,15600000000
United Arab Emirates,1991,15600000000
United Arab Emirates,1992,15600000000
United Arab Emirates,1993,15600000000
United Arab Emirates,1994,15600000000
United Arab Emirates,1995,15600000000
United Arab Emirates,1996,15600000000
United Arab Emirates,1997,15550000000
United Arab Emirates,1998,15550000000
United Arab Emirates,1999,15550000000
United Arab Emirates,2000,15550000000
United Arab Emirates,2001,15550000000
United Arab Emirates,2002,15550000000
United Arab Emirates,2003,15550000000
United Arab Emirates,2004,15550000000
United Arab Emirates,2005,15550000000
United Arab Emirates,2006,15550000000
United Arab Emirates,2007,15550000000
United Arab Emirates,2008,15550000000
United Arab Emirates,2009,15550000000
United Arab Emirates,2010,15550000000
United Arab Emirates,2011,15550000000
United Arab Emirates,2012,15550000000
United Arab Emirates,2013,15550000000
United Arab Emirates,2014,15550000000
United Arab Emirates,2015,15550000000
United Arab Emirates,2016,15550000000
United Arab Emirates,2017,15550000000
United Arab Emirates,2018,15550000000
United Arab Emirates,2019,15550000000
United Arab Emirates,2020,15550000000
United Arab Emirates,2021,15550000000
United Kingdom,1980,2449000000
United Kingdom,1981,2353000000
United Kingdom,1982,2353000000
United Kingdom,1983,2210000000
United Kingdom,1984,2091000000
United Kingdom,1985,2161000000
United Kingdom,1986,2067000000
United Kingdom,1987,1431000000
United Kingdom,1988,826800000
United Kingdom,1989,822800000
United Kingdom,1990,676600000
United Kingdom,1991,608200000
United Kingdom,1992,635100000
United Kingdom,1993,658800000
United Kingdom,1994,724100000
United Kingdom,1995,718200000
United Kingdom,1996,682600000
United Kingdom,1997,718200000
United Kingdom,1998,795400000
United Kingdom,1999,825300000
United Kingdom,2000,819400000
United Kingdom,2001,795400000
United Kingdom,2002,783900000
United Kingdom,2003,749700000
United Kingdom,2004,741700000
United Kingdom,2005,713400000
United Kingdom,2006,640700000
United Kingdom,2007,616100000
United Kingdom,2008,572400000
United Kingdom,2009,542200000
United Kingdom,2010,490400000
United Kingdom,2011,454400000
United Kingdom,2012,449600000
United Kingdom,2013,496400000
United Kingdom,2014,473700000
United Kingdom,2015,474200000
United Kingdom,2016,438000000
United Kingdom,2017,407700000
United Kingdom,2018,397500000
United Kingdom,2019,397500000
United Kingdom,2020,429300000
United Kingdom,2021,397500000
United States,1980,4964000000
United States,1981,4982000000
United States,1982,4930000000
United States,1983,4684000000
United States,1984,4666000000
United States,1985,4765000000
United States,1986,4749000000
United States,1987,4504000000
United States,1988,4557000000
United States,1989,4486000000
United States,1990,4435000000
United States,1991,4381000000
United States,1992,4122000000
United States,1993,3970000000
United States,1994,3840000000
United States,1995,3753000000
United States,1996,3744000000
United States,1997,3709000000
United States,1998,3798000000
United States,1999,3557000000
United States,2000,3684000000
United States,2001,3739000000
United States,2002,3791000000
United States,2003,3820000000
United States,2004,3674000000
United States,2005,3592000000
United States,2006,3660000000
United States,2007,3547000000
United States,2008,3627000000
United States,2009,3268000000
United States,2010,3548000000
United States,2011,4004000000
United States,2012,4603000000
United States,2013,5311000000
United States,2014,5807000000
United States,2015,6349000000
United States,2016,5602000000
United States,2017,5599000000
United States,2018,6676000000
United States,2019,7481000000
United States,2020,7490000000
United States Virgin Islands,1980,0
United States Virgin Islands,1981,0
United States Virgin Islands,1982,0
United States Virgin Islands,1983,0
United States Virgin Islands,1984,0
United States Virgin Islands,1985,0
United States Virgin Islands,1986,0
United States Virgin Islands,1987,0
United States Virgin Islands,1988,0
United States Virgin Islands,1989,0
United States Virgin Islands,1990,0
United States Virgin Islands,1991,0
United States Virgin Islands,1992,0
United States Virgin Islands,1993,0
United States Virgin Islands,1994,0
United States Virgin Islands,1995,0
United States Virgin Islands,1996,0
United States Virgin Islands,1997,0
United States Virgin Islands,1998,0
United States Virgin Islands,1999,0
United States Virgin Islands,2000,0
United States Virgin Islands,2001,0
United States Virgin Islands,2002,0
United States Virgin Islands,2003,0
United States Virgin Islands,2004,0
United States Virgin Islands,2005,0
United States Virgin Islands,2006,0
United States Virgin Islands,2007,0
United States Virgin Islands,2008,0
United States Virgin Islands,2009,0
United States Virgin Islands,2010,0
United States Virgin Islands,2011,0
United States Virgin Islands,2012,0
United States Virgin Islands,2013,0
United States Virgin Islands,2014,0
United States Virgin Islands,2015,0
United States Virgin Islands,2016,0
United States Virgin Islands,2017,0
United States Virgin Islands,2018,0
United States Virgin Islands,2019,0
United States Virgin Islands,2020,0
United States Virgin Islands,2021,0
Uruguay,1980,0
Uruguay,1981,0
Uruguay,1982,0
Uruguay,1983,0
Uruguay,1984,0
Uruguay,1985,0
Uruguay,1986,0
Uruguay,1987,0
Uruguay,1988,0
Uruguay,1989,0
Uruguay,1990,0
Uruguay,1991,0
Uruguay,1992,0
Uruguay,1993,0
Uruguay,1994,0
Uruguay,1995,0
Uruguay,1996,0
Uruguay,1997,0
Uruguay,1998,0
Uruguay,1999,0
Uruguay,2000,0
Uruguay,2001,0
Uruguay,2002,0
Uruguay,2003,0
Uruguay,2004,0
Uruguay,2005,0
Uruguay,2006,0
Uruguay,2007,0
Uruguay,2008,0
Uruguay,2009,0
Uruguay,2010,0
Uruguay,2011,0
Uruguay,2012,0
Uruguay,2013,0
Uruguay,2014,0
Uruguay,2015,0
Uruguay,2016,0
Uruguay,2017,0
Uruguay,2018,0
Uruguay,2019,0
Uruguay,2020,0
Uruguay,2021,0
Uzbekistan,1997,94450000
Uzbekistan,1998,94450000
Uzbekistan,1999,94450000
Uzbekistan,2000,94450000
Uzbekistan,2001,94450000
Uzbekistan,2002,94450000
Uzbekistan,2003,94450000
Uzbekistan,2004,94450000
Uzbekistan,2005,94450000
Uzbekistan,2006,94450000
Uzbekistan,2007,94450000
Uzbekistan,2008,94450000
Uzbekistan,2009,94450000
Uzbekistan,2010,94450000
Uzbekistan,2011,94450000
Uzbekistan,2012,94450000
Uzbekistan,2013,94450000
Uzbekistan,2014,94450000
Uzbekistan,2015,94450000
Uzbekistan,2016,94450000
Uzbekistan,2017,94450000
Uzbekistan,2018,94450000
Uzbekistan,2019,94450000
Uzbekistan,2020,94450000
Uzbekistan,2021,94450000
Vanuatu,1980,0
Vanuatu,1981,0
Vanuatu,1982,0
Vanuatu,1983,0
Vanuatu,1984,0
Vanuatu,1985,0
Vanuatu,1986,0
Vanuatu,1987,0
Vanuatu,1988,0
Vanuatu,1989,0
Vanuatu,1990,0
Vanuatu,1991,0
Vanuatu,1992,0
Vanuatu,1993,0
Vanuatu,1994,0
Vanuatu,1995,0
Vanuatu,1996,0
Vanuatu,1997,0
Vanuatu,1998,0
Vanuatu,1999,0
Vanuatu,2000,0
Vanuatu,2001,0
Vanuatu,2002,0
Vanuatu,2003,0
Vanuatu,2004,0
Vanuatu,2005,0
Vanuatu,2006,0
Vanuatu,2007,0
Vanuatu,2008,0
Vanuatu,2009,0
Vanuatu,2010,0
Vanuatu,2011,0
Vanuatu,2012,0
Vanuatu,2013,0
Vanuatu,2014,0
Vanuatu,2015,0
Vanuatu,2016,0
Vanuatu,2017,0
Vanuatu,2018,0
Vanuatu,2019,0
Vanuatu,2020,0
Vanuatu,2021,0
Venezuela,1980,2841000000
Venezuela,1981,2854000000
Venezuela,1982,3228000000
Venezuela,1983,3418000000
Venezuela,1984,3951000000
Venezuela,1985,4109000000
Venezuela,1986,4069000000
Venezuela,1987,3975000000
Venezuela,1988,8952000000
Venezuela,1989,9235000000
Venezuela,1990,9302000000
Venezuela,1991,9387000000
Venezuela,1992,9397000000
Venezuela,1993,9961000000
Venezuela,1994,10070000000
Venezuela,1995,10250000000
Venezuela,1996,10250000000
Venezuela,1997,10320000000
Venezuela,1998,11400000000
Venezuela,1999,11540000000
Venezuela,2000,11540000000
Venezuela,2001,12220000000
Venezuela,2002,12350000000
Venezuela,2003,12370000000
Venezuela,2004,12370000000
Venezuela,2005,12280000000
Venezuela,2006,12680000000
Venezuela,2007,12720000000
Venezuela,2008,13840000000
Venezuela,2009,15800000000
Venezuela,2010,15800000000
Venezuela,2011,33580000000
Venezuela,2012,33580000000
Venezuela,2013,47310000000
Venezuela,2014,47340000000
Venezuela,2015,47440000000
Venezuela,2016,47690000000
Venezuela,2017,47840000000
Venezuela,2018,48060000000
Venezuela,2019,48150000000
Venezuela,2020,48150000000
Venezuela,2021,48310000000
Vietnam,1991,79500000
Vietnam,1992,79500000
Vietnam,1993,79500000
Vietnam,1994,79500000
Vietnam,1995,79500000
Vietnam,1996,79500000
Vietnam,1997,95400000
Vietnam,1998,95400000
Vietnam,1999,95400000
Vietnam,2000,95400000
Vietnam,2001,95400000
Vietnam,2002,95400000
Vietnam,2003,95400000
Vietnam,2004,95400000
Vietnam,2005,95400000
Vietnam,2006,95400000
Vietnam,2007,95400000
Vietnam,2008,95400000
Vietnam,2009,95400000
Vietnam,2010,95400000
Vietnam,2011,95400000
Vietnam,2012,699600000
Vietnam,2013,699600000
Vietnam,2014,699600000
Vietnam,2015,699600000
Vietnam,2016,699600000
Vietnam,2017,699600000
Vietnam,2018,699600000
Vietnam,2019,699600000
Vietnam,2020,699600000
Vietnam,2021,699600000
Wake Island,1980,0
Wake Island,1981,0
Wake Island,1982,0
Wake Island,1983,0
Wake Island,1984,0
Wake Island,1985,0
Wake Island,1986,0
Wake Island,1987,0
Wake Island,1988,0
Wake Island,1989,0
Wake Island,1990,0
Wake Island,1991,0
Wake Island,1992,0
Wake Island,1993,0
Wake Island,1994,0
Wake Island,1995,0
Wake Island,1996,0
Wake Island,1997,0
Wake Island,1998,0
Wake Island,1999,0
Wake Island,2000,0
Wake Island,2001,0
Wake Island,2002,0
Wake Island,2003,0
Wake Island,2004,0
Wake Island,2005,0
Wake Island,2006,0
Wake Island,2007,0
Wake Island,2008,0
Wake Island,2009,0
Wake Island,2010,0
Wake Island,2011,0
Wake Island,2012,0
Wake Island,2013,0
Wake Island,2014,0
Wake Island,2015,0
Wake Island,2016,0
Wake Island,2017,0
Wake Island,2018,0
Wake Island,2019,0
Wake Island,2020,0
Wake Island,2021,0
Western Sahara,1980,0
Western Sahara,1981,0
Western Sahara,1982,0
Western Sahara,1983,0
Western Sahara,1984,0
Western Sahara,1985,0
Western Sahara,1986,0
Western Sahara,1987,0
Western Sahara,1988,0
Western Sahara,1989,0
Western Sahara,1990,0
Western Sahara,1991,0
Western Sahara,1992,0
Western Sahara,1993,0
Western Sahara,1994,0
Western Sahara,1995,0
Western Sahara,1996,0
Western Sahara,1997,0
Western Sahara,1998,0
Western Sahara,1999,0
Western Sahara,2000,0
Western Sahara,2001,0
Western Sahara,2002,0
Western Sahara,2003,0
Western Sahara,2004,0
Western Sahara,2005,0
Western Sahara,2006,0
Western Sahara,2007,0
Western Sahara,2008,0
Western Sahara,2009,0
Western Sahara,2010,0
Western Sahara,2011,0
Western Sahara,2012,0
Western Sahara,2013,0
Western Sahara,2014,0
Western Sahara,2015,0
Western Sahara,2016,0
Western Sahara,2017,0
Western Sahara,2018,0
Western Sahara,2019,0
Western Sahara,2020,0
Western Sahara,2021,0
World,1980,102300000000
World,1981,103400000000
World,1982,106200000000
World,1983,105900000000
World,1984,106200000000
World,1985,111200000000
World,1986,111300000000
World,1987,111100000000
World,1988,141300000000
World,1989,144200000000
World,1990,159200000000
World,1991,159000000000
World,1992,148400000000
World,1993,149500000000
World,1994,149900000000
World,1995,150100000000
World,1996,151300000000
World,1997,162200000000
World,1998,162400000000
World,1999,164400000000
World,2000,161900000000
World,2001,163700000000
World,2002,164300000000
World,2003,193100000000
World,2004,201400000000
World,2005,203300000000
World,2006,205100000000
World,2007,209900000000
World,2008,211300000000
World,2009,212600000000
World,2010,215800000000
World,2011,234600000000
World,2012,242300000000
World,2013,261500000000
World,2014,262600000000
World,2015,263800000000
World,2016,262700000000
World,2017,261900000000
World,2018,264400000000
World,2019,263800000000
World,2020,264200000000
Yemen,1986,31800000
Yemen,1987,79500000
Yemen,1988,87450000
Yemen,1989,696400000
Yemen,1990,636000000
Yemen,1991,636000000
Yemen,1992,636000000
Yemen,1993,636000000
Yemen,1994,636000000
Yemen,1995,636000000
Yemen,1996,636000000
Yemen,1997,636000000
Yemen,1998,636000000
Yemen,1999,636000000
Yemen,2000,636000000
Yemen,2001,636000000
Yemen,2002,636000000
Yemen,2003,636000000
Yemen,2004,636000000
Yemen,2005,636000000
Yemen,2006,636000000
Yemen,2007,477000000
Yemen,2008,477000000
Yemen,2009,477000000
Yemen,2010,477000000
Yemen,2011,477000000
Yemen,2012,477000000
Yemen,2013,477000000
Yemen,2014,477000000
Yemen,2015,477000000
Yemen,2016,477000000
Yemen,2017,477000000
Yemen,2018,477000000
Yemen,2019,477000000
Yemen,2020,477000000
Yemen,2021,477000000
Zambia,1980,0
Zambia,1981,0
Zambia,1982,0
Zambia,1983,0
Zambia,1984,0
Zambia,1985,0
Zambia,1986,0
Zambia,1987,0
Zambia,1988,0
Zambia,1989,0
Zambia,1990,0
Zambia,1991,0
Zambia,1992,0
Zambia,1993,0
Zambia,1994,0
Zambia,1995,0
Zambia,1996,0
Zambia,1997,0
Zambia,1998,0
Zambia,1999,0
Zambia,2000,0
Zambia,2001,0
Zambia,2002,0
Zambia,2003,0
Zambia,2004,0
Zambia,2005,0
Zambia,2006,0
Zambia,2007,0
Zambia,2008,0
Zambia,2009,0
Zambia,2010,0
Zambia,2011,0
Zambia,2012,0
Zambia,2013,0
Zambia,2014,0
Zambia,2015,0
Zambia,2016,0
Zambia,2017,0
Zambia,2018,0
Zambia,2019,0
Zambia,2020,0
Zambia,2021,0
Zimbabwe,1980,0
Zimbabwe,1981,0
Zimbabwe,1982,0
Zimbabwe,1983,0
Zimbabwe,1984,0
Zimbabwe,1985,0
Zimbabwe,1986,0
Zimbabwe,1987,0
Zimbabwe,1988,0
Zimbabwe,1989,0
Zimbabwe,1990,0
Zimbabwe,1991,0
Zimbabwe,1992,0
Zimbabwe,1993,0
Zimbabwe,1994,0
Zimbabwe,1995,0
Zimbabwe,1996,0
Zimbabwe,1997,0
Zimbabwe,1998,0
Zimbabwe,1999,0
Zimbabwe,2000,0
Zimbabwe,2001,0
Zimbabwe,2002,0
Zimbabwe,2003,0
Zimbabwe,2004,0
Zimbabwe,2005,0
Zimbabwe,2006,0
Zimbabwe,2007,0
Zimbabwe,2008,0
Zimbabwe,2009,0
Zimbabwe,2010,0
Zimbabwe,2011,0
Zimbabwe,2012,0
Zimbabwe,2013,0
Zimbabwe,2014,0
Zimbabwe,2015,0
Zimbabwe,2016,0
Zimbabwe,2017,0
Zimbabwe,2018,0
Zimbabwe,2019,0
Zimbabwe,2020,0
Zimbabwe,2021,0